"id_execucao","rodada","sessao","codigo_municipio_completo","nota_amaweb","status_amaweb","avaliado_amaweb_em","nota_accessmonitor","status_accessmonitor","avaliado_accessmonitor_em","tem_resultado_amaweb","tem_resultado_accessmonitor","status_geral","observacao_analise","criado_em","atualizado_em"
1,r00,"2026-06-20_00-25-00__validacao_tcc_unifal_r00","1200179",6.1,sucesso,2026-06-20 00:26:09.000,6.1,sucesso,2026-06-20 00:26:41.000,1,1,completo,,2026-06-20 00:25:14.000,2026-06-20 00:26:41.000
2,r00,"2026-06-20_00-25-00__validacao_tcc_unifal_r00","2700102",5.7,sucesso,2026-06-20 00:28:51.000,,sucesso_sem_nota,2026-06-20 00:30:06.000,1,0,parcial,,2026-06-20 00:25:14.000,2026-06-20 00:30:06.000
3,r00,"2026-06-20_00-25-00__validacao_tcc_unifal_r00","5203939",7.5,sucesso,2026-06-20 00:26:00.000,7.2,sucesso,2026-06-20 00:26:23.000,1,1,completo,,2026-06-20 00:25:14.000,2026-06-20 00:26:23.000
4,r00,"2026-06-20_00-25-00__validacao_tcc_unifal_r00","5204656",6.9,sucesso,2026-06-20 00:27:07.000,6.9,sucesso,2026-06-20 00:27:27.000,1,1,completo,,2026-06-20 00:26:26.000,2026-06-20 00:27:27.000
5,r00,"2026-06-20_00-25-00__validacao_tcc_unifal_r00","1200393",6.1,sucesso,2026-06-20 00:30:54.000,6.1,sucesso,2026-06-20 00:31:33.000,1,1,completo,,2026-06-20 00:26:44.000,2026-06-20 00:31:33.000
6,r00,"2026-06-20_00-25-00__validacao_tcc_unifal_r00","5205802",7.4,sucesso,2026-06-20 00:27:57.000,7.4,sucesso,2026-06-20 00:28:16.000,1,1,completo,,2026-06-20 00:27:30.000,2026-06-20 00:28:16.000
7,r00,"2026-06-20_00-25-00__validacao_tcc_unifal_r00","5206602",7.0,sucesso,2026-06-20 00:28:54.000,6.9,sucesso,2026-06-20 00:29:18.000,1,1,completo,,2026-06-20 00:28:20.000,2026-06-20 00:29:18.000
8,r00,"2026-06-20_00-25-00__validacao_tcc_unifal_r00","5207253",7.6,sucesso,2026-06-20 00:29:52.000,7.8,sucesso,2026-06-20 00:30:11.000,1,1,completo,,2026-06-20 00:29:21.000,2026-06-20 00:30:11.000
9,r00,"2026-06-20_00-25-00__validacao_tcc_unifal_r00","2702207",5.4,sucesso,2026-06-20 00:30:29.000,5.8,sucesso,2026-06-20 00:30:52.000,1,1,completo,,2026-06-20 00:30:10.000,2026-06-20 00:30:52.000
10,r00,"2026-06-20_00-25-00__validacao_tcc_unifal_r00","5208806",7.0,sucesso,2026-06-20 00:30:49.000,7.2,sucesso,2026-06-20 00:31:10.000,1,1,completo,,2026-06-20 00:30:16.000,2026-06-20 00:31:10.000
11,r00,"2026-06-20_00-25-00__validacao_tcc_unifal_r00","2702900",6.4,sucesso,2026-06-20 00:31:35.000,6.8,sucesso,2026-06-20 00:31:55.000,1,1,completo,,2026-06-20 00:30:55.000,2026-06-20 00:31:55.000
12,r00,"2026-06-20_00-25-00__validacao_tcc_unifal_r00","5209457",7.3,sucesso,2026-06-20 00:31:47.000,7.2,sucesso,2026-06-20 00:32:07.000,1,1,completo,,2026-06-20 00:31:14.000,2026-06-20 00:32:07.000
13,r00,"2026-06-20_00-25-00__validacao_tcc_unifal_r00","1600303",9.2,sucesso,2026-06-20 00:31:49.000,,sucesso_sem_nota,2026-06-20 00:33:21.000,1,0,parcial,,2026-06-20 00:31:36.000,2026-06-20 00:33:21.000
14,r00,"2026-06-20_00-25-00__validacao_tcc_unifal_r00","2703304",6.4,sucesso,2026-06-20 00:32:30.000,6.0,sucesso,2026-06-20 00:32:51.000,1,1,completo,,2026-06-20 00:31:59.000,2026-06-20 00:32:51.000
15,r00,"2026-06-20_00-25-00__validacao_tcc_unifal_r00","5210802",6.3,sucesso,2026-06-20 00:32:48.000,6.2,sucesso,2026-06-20 00:33:07.000,1,1,completo,,2026-06-20 00:32:10.000,2026-06-20 00:33:07.000
16,r00,"2026-06-20_00-25-00__validacao_tcc_unifal_r00","2706422",5.8,sucesso,2026-06-20 00:33:21.000,5.7,sucesso,2026-06-20 00:33:42.000,1,1,completo,,2026-06-20 00:32:54.000,2026-06-20 00:33:42.000
17,r00,"2026-06-20_00-25-00__validacao_tcc_unifal_r00","5211800",7.0,sucesso,2026-06-20 00:33:39.000,7.1,sucesso,2026-06-20 00:34:02.000,1,1,completo,,2026-06-20 00:33:11.000,2026-06-20 00:34:02.000
18,r00,"2026-06-20_00-25-00__validacao_tcc_unifal_r00","1600550",6.5,sucesso,2026-06-20 00:34:00.000,6.8,sucesso,2026-06-20 00:34:23.000,1,1,completo,,2026-06-20 00:33:26.000,2026-06-20 00:34:23.000
19,r00,"2026-06-20_00-25-00__validacao_tcc_unifal_r00","2708808",5.2,sucesso,2026-06-20 00:34:33.000,5.2,sucesso,2026-06-20 00:34:55.000,1,1,completo,,2026-06-20 00:33:46.000,2026-06-20 00:34:55.000
20,r00,"2026-06-20_00-25-00__validacao_tcc_unifal_r00","5213806",7.6,sucesso,2026-06-20 00:34:38.000,7.3,sucesso,2026-06-20 00:34:58.000,1,1,completo,,2026-06-20 00:34:06.000,2026-06-20 00:34:58.000
21,r00,"2026-06-20_00-25-00__validacao_tcc_unifal_r00","1600709",5.9,sucesso,2026-06-20 00:34:56.000,6.6,sucesso,2026-06-20 00:35:20.000,1,1,completo,,2026-06-20 00:34:26.000,2026-06-20 00:35:20.000
22,r00,"2026-06-20_00-25-00__validacao_tcc_unifal_r00","2900603",6.0,sucesso,2026-06-20 00:35:21.000,6.1,sucesso,2026-06-20 00:35:42.000,1,1,completo,,2026-06-20 00:34:58.000,2026-06-20 00:35:42.000
23,r00,"2026-06-20_00-25-00__validacao_tcc_unifal_r00","5213905",7.6,sucesso,2026-06-20 00:35:30.000,7.5,sucesso,2026-06-20 00:35:49.000,1,1,completo,,2026-06-20 00:35:02.000,2026-06-20 00:35:49.000
24,r00,"2026-06-20_00-25-00__validacao_tcc_unifal_r00","1300508",9.2,sucesso,2026-06-20 00:35:36.000,7.1,sucesso,2026-06-20 00:36:00.000,1,1,completo,,2026-06-20 00:35:24.000,2026-06-20 00:36:00.000
25,r00,"2026-06-20_00-25-00__validacao_tcc_unifal_r00","2901106",7.9,sucesso,2026-06-20 00:36:04.000,8.2,sucesso,2026-06-20 00:36:22.000,1,1,completo,,2026-06-20 00:35:45.000,2026-06-20 00:36:22.000
26,r00,"2026-06-20_00-25-00__validacao_tcc_unifal_r00","5214838",6.9,sucesso,2026-06-20 00:36:33.000,6.8,sucesso,2026-06-20 00:36:58.000,1,1,completo,,2026-06-20 00:35:52.000,2026-06-20 00:36:58.000
27,r00,"2026-06-20_00-25-00__validacao_tcc_unifal_r00","1300706",9.2,sucesso,2026-06-20 00:36:19.000,9.7,sucesso,2026-06-20 00:36:39.000,1,1,completo,,2026-06-20 00:36:05.000,2026-06-20 00:36:39.000
28,r00,"2026-06-20_00-25-00__validacao_tcc_unifal_r00","2902500",5.5,sucesso,2026-06-20 00:36:48.000,6.3,sucesso,2026-06-20 00:37:04.000,1,1,completo,,2026-06-20 00:36:26.000,2026-06-20 00:37:04.000
29,r00,"2026-06-20_00-25-00__validacao_tcc_unifal_r00","1300839",7.6,sucesso,2026-06-20 00:37:03.000,7.8,sucesso,2026-06-20 00:37:21.000,1,1,completo,,2026-06-20 00:36:43.000,2026-06-20 00:37:21.000
30,r00,"2026-06-20_00-25-00__validacao_tcc_unifal_r00","5214861",7.1,sucesso,2026-06-20 00:37:32.000,7.2,sucesso,2026-06-20 00:37:50.000,1,1,completo,,2026-06-20 00:37:02.000,2026-06-20 00:37:50.000
31,r00,"2026-06-20_00-25-00__validacao_tcc_unifal_r00","2903201",6.3,sucesso,2026-06-20 00:37:31.000,6.6,sucesso,2026-06-20 00:37:47.000,1,1,completo,,2026-06-20 00:37:08.000,2026-06-20 00:37:48.000
32,r00,"2026-06-20_00-25-00__validacao_tcc_unifal_r00","1301209",6.3,sucesso,2026-06-20 00:38:20.000,6.6,sucesso,2026-06-20 00:38:50.000,1,1,completo,,2026-06-20 00:37:25.000,2026-06-20 00:38:50.000
33,r00,"2026-06-20_00-25-00__validacao_tcc_unifal_r00","2911303",7.8,sucesso,2026-06-20 00:38:29.000,7.9,sucesso,2026-06-20 00:38:54.000,1,1,completo,,2026-06-20 00:37:52.000,2026-06-20 00:38:54.000
34,r00,"2026-06-20_00-25-00__validacao_tcc_unifal_r00","5216908",7.4,sucesso,2026-06-20 00:38:31.000,7.2,sucesso,2026-06-20 00:38:50.000,1,1,completo,,2026-06-20 00:37:54.000,2026-06-20 00:38:50.000
35,r00,"2026-06-20_00-25-00__validacao_tcc_unifal_r00","1303403",9.2,sucesso,2026-06-20 00:39:13.000,,sucesso_sem_nota,2026-06-20 00:40:29.000,1,0,parcial,,2026-06-20 00:38:54.000,2026-06-20 00:40:29.000
36,r00,"2026-06-20_00-25-00__validacao_tcc_unifal_r00","5220454",6.7,sucesso,2026-06-20 00:39:32.000,6.9,sucesso,2026-06-20 00:39:55.000,1,1,completo,,2026-06-20 00:38:55.000,2026-06-20 00:39:55.000
37,r00,"2026-06-20_00-25-00__validacao_tcc_unifal_r00","2911402",8.0,sucesso,2026-06-20 00:39:24.000,8.3,sucesso,2026-06-20 00:39:46.000,1,1,completo,,2026-06-20 00:39:00.000,2026-06-20 00:39:46.000
38,r00,"2026-06-20_00-25-00__validacao_tcc_unifal_r00","2912103",5.3,sucesso,2026-06-20 00:40:15.000,5.4,sucesso,2026-06-20 00:40:39.000,1,1,completo,,2026-06-20 00:39:50.000,2026-06-20 00:40:39.000
39,r00,"2026-06-20_00-25-00__validacao_tcc_unifal_r00","5100102",,falha_de_carregamento,2026-06-20 00:49:57.000,6.3,sucesso,2026-06-20 00:50:19.000,0,1,parcial,,2026-06-20 00:39:59.000,2026-06-20 00:50:19.000
40,r00,"2026-06-20_00-25-00__validacao_tcc_unifal_r00","1500107",,falha_de_carregamento,2026-06-20 00:50:44.000,6.0,sucesso,2026-06-20 00:51:10.000,0,1,parcial,,2026-06-20 00:40:33.000,2026-06-20 00:51:10.000
41,r00,"2026-06-20_00-25-00__validacao_tcc_unifal_r00","2913705",5.0,sucesso,2026-06-20 00:41:20.000,5.7,sucesso,2026-06-20 00:41:48.000,1,1,completo,,2026-06-20 00:40:43.000,2026-06-20 00:41:48.000
42,r00,"2026-06-20_00-25-00__validacao_tcc_unifal_r00","2915007",,falha_de_carregamento,2026-06-20 00:51:56.000,,sucesso_sem_nota,2026-06-20 00:53:10.000,0,0,falha_total,,2026-06-20 00:41:51.000,2026-06-20 00:53:10.000
43,r00,"2026-06-20_00-25-00__validacao_tcc_unifal_r00","5101902",5.1,sucesso,2026-06-20 00:52:44.000,5.2,sucesso,2026-06-20 00:53:08.000,1,1,completo,,2026-06-20 00:50:23.000,2026-06-20 00:53:08.000
44,r00,"2026-06-20_00-25-00__validacao_tcc_unifal_r00","1500958",6.2,sucesso,2026-06-20 00:51:35.000,6.4,sucesso,2026-06-20 00:51:57.000,1,1,completo,,2026-06-20 00:51:13.000,2026-06-20 00:51:57.000
45,r00,"2026-06-20_00-25-00__validacao_tcc_unifal_r00","1502707",9.2,sucesso,2026-06-20 00:57:07.000,6.1,sucesso,2026-06-20 00:57:33.000,1,1,completo,,2026-06-20 00:52:01.000,2026-06-20 00:57:33.000
46,r00,"2026-06-20_00-25-00__validacao_tcc_unifal_r00","5102504",6.6,sucesso,2026-06-20 00:53:48.000,7.2,sucesso,2026-06-20 00:54:15.000,1,1,completo,,2026-06-20 00:53:11.000,2026-06-20 00:54:15.000
47,r00,"2026-06-20_00-25-00__validacao_tcc_unifal_r00","2915106",9.2,sucesso,2026-06-20 00:56:45.000,7.3,sucesso,2026-06-20 00:57:08.000,1,1,completo,,2026-06-20 00:53:13.000,2026-06-20 00:57:08.000
48,r00,"2026-06-20_00-25-00__validacao_tcc_unifal_r00","5103437",9.2,sucesso,2026-06-20 00:54:29.000,8.1,sucesso,2026-06-20 00:54:50.000,1,1,completo,,2026-06-20 00:54:18.000,2026-06-20 00:54:50.000
49,r00,"2026-06-20_00-25-00__validacao_tcc_unifal_r00","5104807",7.7,sucesso,2026-06-20 00:55:18.000,7.4,sucesso,2026-06-20 00:55:43.000,1,1,completo,,2026-06-20 00:54:54.000,2026-06-20 00:55:43.000
50,r00,"2026-06-20_00-25-00__validacao_tcc_unifal_r00","5105580",4.4,sucesso,2026-06-20 00:56:07.000,5.4,sucesso,2026-06-20 00:56:28.000,1,1,completo,,2026-06-20 00:55:46.000,2026-06-20 00:56:28.000
51,r00,"2026-06-20_00-25-00__validacao_tcc_unifal_r00","5106828",8.1,sucesso,2026-06-20 00:57:02.000,7.8,sucesso,2026-06-20 00:57:24.000,1,1,completo,,2026-06-20 00:56:31.000,2026-06-20 00:57:25.000
52,r00,"2026-06-20_00-25-00__validacao_tcc_unifal_r00","2918357",6.6,sucesso,2026-06-20 01:04:32.000,7.7,sucesso,2026-06-20 01:04:58.000,1,1,completo,,2026-06-20 00:57:11.000,2026-06-20 01:04:58.000
53,r00,"2026-06-20_00-25-00__validacao_tcc_unifal_r00","5107107",6.2,sucesso,2026-06-20 00:58:22.000,6.2,sucesso,2026-06-20 00:58:41.000,1,1,completo,,2026-06-20 00:57:28.000,2026-06-20 00:58:41.000
54,r00,"2026-06-20_00-25-00__validacao_tcc_unifal_r00","1502939",6.2,sucesso,2026-06-20 00:58:27.000,6.2,sucesso,2026-06-20 00:59:04.000,1,1,completo,,2026-06-20 00:57:37.000,2026-06-20 00:59:04.000
55,r00,"2026-06-20_00-25-00__validacao_tcc_unifal_r00","5107909",9.2,sucesso,2026-06-20 00:58:57.000,9.2,sucesso,2026-06-20 00:59:20.000,1,1,completo,,2026-06-20 00:58:44.000,2026-06-20 00:59:20.000
56,r00,"2026-06-20_00-25-00__validacao_tcc_unifal_r00","1504422",9.2,sucesso,2026-06-20 01:02:40.000,7.1,sucesso,2026-06-20 01:03:10.000,1,1,completo,,2026-06-20 00:59:07.000,2026-06-20 01:03:10.000
57,r00,"2026-06-20_00-25-00__validacao_tcc_unifal_r00","5108402",6.7,sucesso,2026-06-20 00:59:52.000,7.0,sucesso,2026-06-20 01:00:17.000,1,1,completo,,2026-06-20 00:59:24.000,2026-06-20 01:00:17.000
58,r00,"2026-06-20_00-25-00__validacao_tcc_unifal_r00","5001904",7.5,sucesso,2026-06-20 01:01:08.000,7.4,sucesso,2026-06-20 01:01:37.000,1,1,completo,,2026-06-20 01:00:20.000,2026-06-20 01:01:37.000
59,r00,"2026-06-20_00-25-00__validacao_tcc_unifal_r00","5002704",6.9,sucesso,2026-06-20 01:02:14.000,7.3,sucesso,2026-06-20 01:02:40.000,1,1,completo,,2026-06-20 01:01:40.000,2026-06-20 01:02:40.000
60,r00,"2026-06-20_00-25-00__validacao_tcc_unifal_r00","5002902",9.2,sucesso,2026-06-20 01:02:54.000,6.8,sucesso,2026-06-20 01:03:19.000,1,1,completo,,2026-06-20 01:02:43.000,2026-06-20 01:03:19.000
61,r00,"2026-06-20_00-25-00__validacao_tcc_unifal_r00","1505494",6.5,sucesso,2026-06-20 01:03:38.000,6.6,sucesso,2026-06-20 01:04:00.000,1,1,completo,,2026-06-20 01:03:14.000,2026-06-20 01:04:00.000
62,r00,"2026-06-20_00-25-00__validacao_tcc_unifal_r00","5003157",7.0,sucesso,2026-06-20 01:03:44.000,7.2,sucesso,2026-06-20 01:04:01.000,1,1,completo,,2026-06-20 01:03:22.000,2026-06-20 01:04:01.000
63,r00,"2026-06-20_00-25-00__validacao_tcc_unifal_r00","1100015",7.0,sucesso,2026-06-20 01:04:44.000,7.2,sucesso,2026-06-20 01:05:17.000,1,1,completo,,2026-06-20 01:04:04.000,2026-06-20 01:05:17.000
64,r00,"2026-06-20_00-25-00__validacao_tcc_unifal_r00","5004106",5.9,sucesso,2026-06-20 01:04:35.000,6.8,sucesso,2026-06-20 01:04:55.000,1,1,completo,,2026-06-20 01:04:04.000,2026-06-20 01:04:55.000
65,r00,"2026-06-20_00-25-00__validacao_tcc_unifal_r00","5007208",9.0,sucesso,2026-06-20 01:05:41.000,8.3,sucesso,2026-06-20 01:06:06.000,1,1,completo,,2026-06-20 01:04:58.000,2026-06-20 01:06:06.000
66,r00,"2026-06-20_00-25-00__validacao_tcc_unifal_r00","2918555",7.7,sucesso,2026-06-20 01:05:41.000,7.6,sucesso,2026-06-20 01:06:26.000,1,1,completo,,2026-06-20 01:05:01.000,2026-06-20 01:06:26.000
67,r00,"2026-06-20_00-25-00__validacao_tcc_unifal_r00","1100700",9.2,sucesso,2026-06-20 01:05:32.000,7.9,sucesso,2026-06-20 01:05:57.000,1,1,completo,,2026-06-20 01:05:20.000,2026-06-20 01:05:57.000
68,r00,"2026-06-20_00-25-00__validacao_tcc_unifal_r00","1100908",6.4,sucesso,2026-06-20 01:06:36.000,6.6,sucesso,2026-06-20 01:07:08.000,1,1,completo,,2026-06-20 01:06:00.000,2026-06-20 01:07:08.000
69,r00,"2026-06-20_00-25-00__validacao_tcc_unifal_r00","2918803",4.5,sucesso,2026-06-20 01:11:17.000,5.5,sucesso,2026-06-20 01:11:47.000,1,1,completo,,2026-06-20 01:06:29.000,2026-06-20 01:11:47.000
70,r00,"2026-06-20_00-25-00__validacao_tcc_unifal_r00","3200102",8.9,sucesso,2026-06-20 01:11:16.000,6.8,sucesso,2026-06-20 01:11:41.000,1,1,completo,,2026-06-20 01:07:09.000,2026-06-20 01:11:41.000
71,r00,"2026-06-20_00-25-00__validacao_tcc_unifal_r00","1100080",6.5,sucesso,2026-06-20 01:07:58.000,6.5,sucesso,2026-06-20 01:08:28.000,1,1,completo,,2026-06-20 01:07:11.000,2026-06-20 01:08:28.000
72,r00,"2026-06-20_00-25-00__validacao_tcc_unifal_r00","1101807",9.2,sucesso,2026-06-20 01:08:44.000,6.6,sucesso,2026-06-20 01:09:05.000,1,1,completo,,2026-06-20 01:08:31.000,2026-06-20 01:09:05.000
73,r00,"2026-06-20_00-25-00__validacao_tcc_unifal_r00","1400472",5.8,sucesso,2026-06-20 01:09:39.000,5.7,sucesso,2026-06-20 01:10:06.000,1,1,completo,,2026-06-20 01:09:10.000,2026-06-20 01:10:06.000
74,r00,"2026-06-20_00-25-00__validacao_tcc_unifal_r00","1702208",5.6,sucesso,2026-06-20 01:11:06.000,6.1,sucesso,2026-06-20 01:11:33.000,1,1,completo,,2026-06-20 01:10:09.000,2026-06-20 01:11:33.000
75,r00,"2026-06-20_00-25-00__validacao_tcc_unifal_r00","1703826",7.0,sucesso,2026-06-20 01:12:04.000,7.0,sucesso,2026-06-20 01:12:26.000,1,1,completo,,2026-06-20 01:11:36.000,2026-06-20 01:12:26.000
76,r00,"2026-06-20_00-25-00__validacao_tcc_unifal_r00","3200409",7.5,sucesso,2026-06-20 01:12:19.000,7.1,sucesso,2026-06-20 01:12:43.000,1,1,completo,,2026-06-20 01:11:45.000,2026-06-20 01:12:43.000
77,r00,"2026-06-20_00-25-00__validacao_tcc_unifal_r00","2919058",7.7,sucesso,2026-06-20 01:12:29.000,7.6,sucesso,2026-06-20 01:13:16.000,1,1,completo,,2026-06-20 01:11:51.000,2026-06-20 01:13:16.000
78,r00,"2026-06-20_00-25-00__validacao_tcc_unifal_r00","1706258",7.2,sucesso,2026-06-20 01:13:19.000,6.7,sucesso,2026-06-20 01:13:36.000,1,1,completo,,2026-06-20 01:12:29.000,2026-06-20 01:13:36.000
79,r00,"2026-06-20_00-25-00__validacao_tcc_unifal_r00","3202009",6.5,sucesso,2026-06-20 01:13:19.000,7.5,sucesso,2026-06-20 01:13:49.000,1,1,completo,,2026-06-20 01:12:46.000,2026-06-20 01:13:49.000
80,r00,"2026-06-20_00-25-00__validacao_tcc_unifal_r00","2921302",7.7,sucesso,2026-06-20 01:14:20.000,7.6,sucesso,2026-06-20 01:15:08.000,1,1,completo,,2026-06-20 01:13:19.000,2026-06-20 01:15:08.000
81,r00,"2026-06-20_00-25-00__validacao_tcc_unifal_r00","1709302",6.9,sucesso,2026-06-20 01:16:41.000,7.0,sucesso,2026-06-20 01:17:09.000,1,1,completo,,2026-06-20 01:13:39.000,2026-06-20 01:17:09.000
82,r00,"2026-06-20_00-25-00__validacao_tcc_unifal_r00","3203346",6.3,sucesso,2026-06-20 01:14:15.000,6.4,sucesso,2026-06-20 01:14:39.000,1,1,completo,,2026-06-20 01:13:53.000,2026-06-20 01:14:39.000
83,r00,"2026-06-20_00-25-00__validacao_tcc_unifal_r00","3101300",9.2,sucesso,2026-06-20 01:14:54.000,7.4,sucesso,2026-06-20 01:15:12.000,1,1,completo,,2026-06-20 01:14:42.000,2026-06-20 01:15:12.000
84,r00,"2026-06-20_00-25-00__validacao_tcc_unifal_r00","2922607",5.6,sucesso,2026-06-20 01:15:35.000,5.8,sucesso,2026-06-20 01:16:07.000,1,1,completo,,2026-06-20 01:15:11.000,2026-06-20 01:16:07.000
85,r00,"2026-06-20_00-25-00__validacao_tcc_unifal_r00","3103603",6.2,sucesso,2026-06-20 01:15:34.000,6.9,sucesso,2026-06-20 01:15:54.000,1,1,completo,,2026-06-20 01:15:16.000,2026-06-20 01:15:54.000
86,r00,"2026-06-20_00-25-00__validacao_tcc_unifal_r00","3103751",8.0,sucesso,2026-06-20 01:16:24.000,7.7,sucesso,2026-06-20 01:16:42.000,1,1,completo,,2026-06-20 01:15:57.000,2026-06-20 01:16:42.000
87,r00,"2026-06-20_00-25-00__validacao_tcc_unifal_r00","2923209",5.2,sucesso,2026-06-20 01:16:40.000,5.6,sucesso,2026-06-20 01:17:04.000,1,1,completo,,2026-06-20 01:16:11.000,2026-06-20 01:17:04.000
88,r00,"2026-06-20_00-25-00__validacao_tcc_unifal_r00","3103801",5.9,sucesso,2026-06-20 01:17:23.000,6.1,sucesso,2026-06-20 01:17:53.000,1,1,completo,,2026-06-20 01:16:45.000,2026-06-20 01:17:53.000
89,r00,"2026-06-20_00-25-00__validacao_tcc_unifal_r00","2923704",8.2,sucesso,2026-06-20 01:17:24.000,8.6,sucesso,2026-06-20 01:17:44.000,1,1,completo,,2026-06-20 01:17:08.000,2026-06-20 01:17:44.000
90,r00,"2026-06-20_00-25-00__validacao_tcc_unifal_r00","1710706",6.0,sucesso,2026-06-20 01:18:05.000,6.3,sucesso,2026-06-20 01:18:32.000,1,1,completo,,2026-06-20 01:17:14.000,2026-06-20 01:18:32.000
91,r00,"2026-06-20_00-25-00__validacao_tcc_unifal_r00","2923803",5.4,sucesso,2026-06-20 01:18:11.000,5.5,sucesso,2026-06-20 01:18:33.000,1,1,completo,,2026-06-20 01:17:47.000,2026-06-20 01:18:33.000
92,r00,"2026-06-20_00-25-00__validacao_tcc_unifal_r00","3107109",9.2,sucesso,2026-06-20 01:18:11.000,5.8,sucesso,2026-06-20 01:18:33.000,1,1,completo,,2026-06-20 01:17:56.000,2026-06-20 01:18:33.000
93,r00,"2026-06-20_00-25-00__validacao_tcc_unifal_r00","1718808",6.9,sucesso,2026-06-20 01:19:05.000,6.9,sucesso,2026-06-20 01:19:30.000,1,1,completo,,2026-06-20 01:18:37.000,2026-06-20 01:19:30.000
94,r00,"2026-06-20_00-25-00__validacao_tcc_unifal_r00","2924603",6.4,sucesso,2026-06-20 01:19:03.000,6.8,sucesso,2026-06-20 01:19:20.000,1,1,completo,,2026-06-20 01:18:37.000,2026-06-20 01:19:20.000
95,r00,"2026-06-20_00-25-00__validacao_tcc_unifal_r00","3108008",9.2,sucesso,2026-06-20 01:22:16.000,8.3,sucesso,2026-06-20 01:22:39.000,1,1,completo,,2026-06-20 01:18:37.000,2026-06-20 01:22:39.000
96,r00,"2026-06-20_00-25-00__validacao_tcc_unifal_r00","2926202",5.1,sucesso,2026-06-20 01:26:45.000,6.3,sucesso,2026-06-20 01:27:08.000,1,1,completo,,2026-06-20 01:19:23.000,2026-06-20 01:27:08.000
97,r00,"2026-06-20_00-25-00__validacao_tcc_unifal_r00","1718881",9.2,sucesso,2026-06-20 01:19:45.000,,sucesso_sem_nota,2026-06-20 01:20:58.000,1,0,parcial,,2026-06-20 01:19:33.000,2026-06-20 01:20:58.000
98,r00,"2026-06-20_00-25-00__validacao_tcc_unifal_r00","1722107",9.2,sucesso,2026-06-20 01:24:35.000,7.1,sucesso,2026-06-20 01:24:55.000,1,1,completo,,2026-06-20 01:21:02.000,2026-06-20 01:24:55.000
99,r00,"2026-06-20_00-25-00__validacao_tcc_unifal_r00","3108701",9.2,sucesso,2026-06-20 01:26:13.000,7.7,sucesso,2026-06-20 01:26:37.000,1,1,completo,,2026-06-20 01:22:42.000,2026-06-20 01:26:37.000
100,r00,"2026-06-20_00-25-00__validacao_tcc_unifal_r00","4101101",6.2,sucesso,2026-06-20 01:26:44.000,6.7,sucesso,2026-06-20 01:27:05.000,1,1,completo,,2026-06-20 01:25:08.000,2026-06-20 01:27:05.000
101,r00,"2026-06-20_00-25-00__validacao_tcc_unifal_r00","3109600",6.3,sucesso,2026-06-20 01:27:16.000,7.4,sucesso,2026-06-20 01:27:45.000,1,1,completo,,2026-06-20 01:26:40.000,2026-06-20 01:27:45.000
102,r00,"2026-06-20_00-25-00__validacao_tcc_unifal_r00","4101655",6.8,sucesso,2026-06-20 01:27:41.000,6.9,sucesso,2026-06-20 01:28:03.000,1,1,completo,,2026-06-20 01:27:09.000,2026-06-20 01:28:04.000
103,r00,"2026-06-20_00-25-00__validacao_tcc_unifal_r00","2926806",6.1,sucesso,2026-06-20 01:27:32.000,6.3,sucesso,2026-06-20 01:27:56.000,1,1,completo,,2026-06-20 01:27:12.000,2026-06-20 01:27:56.000
104,r00,"2026-06-20_00-25-00__validacao_tcc_unifal_r00","3109808",5.6,sucesso,2026-06-20 01:28:13.000,6.0,sucesso,2026-06-20 01:28:37.000,1,1,completo,,2026-06-20 01:27:49.000,2026-06-20 01:28:37.000
105,r00,"2026-06-20_00-25-00__validacao_tcc_unifal_r00","2927002",8.0,sucesso,2026-06-20 01:28:25.000,8.7,sucesso,2026-06-20 01:28:49.000,1,1,completo,,2026-06-20 01:28:00.000,2026-06-20 01:28:49.000
106,r00,"2026-06-20_00-25-00__validacao_tcc_unifal_r00","4102901",9.2,sucesso,2026-06-20 01:31:40.000,6.6,sucesso,2026-06-20 01:32:03.000,1,1,completo,,2026-06-20 01:28:08.000,2026-06-20 01:32:03.000
107,r00,"2026-06-20_00-25-00__validacao_tcc_unifal_r00","3113008",9.2,sucesso,2026-06-20 01:28:55.000,6.5,sucesso,2026-06-20 01:29:21.000,1,1,completo,,2026-06-20 01:28:41.000,2026-06-20 01:29:21.000
108,r00,"2026-06-20_00-25-00__validacao_tcc_unifal_r00","2928406",7.0,sucesso,2026-06-20 01:29:29.000,7.3,sucesso,2026-06-20 01:29:54.000,1,1,completo,,2026-06-20 01:28:53.000,2026-06-20 01:29:54.000
109,r00,"2026-06-20_00-25-00__validacao_tcc_unifal_r00","3115102",9.2,sucesso,2026-06-20 01:29:35.000,7.2,sucesso,2026-06-20 01:29:54.000,1,1,completo,,2026-06-20 01:29:23.000,2026-06-20 01:29:54.000
110,r00,"2026-06-20_00-25-00__validacao_tcc_unifal_r00","2929107",7.6,sucesso,2026-06-20 01:33:28.000,7.1,sucesso,2026-06-20 01:33:53.000,1,1,completo,,2026-06-20 01:29:58.000,2026-06-20 01:33:53.000
111,r00,"2026-06-20_00-25-00__validacao_tcc_unifal_r00","3115409",9.2,sucesso,2026-06-20 01:30:14.000,9.3,sucesso,2026-06-20 01:30:44.000,1,1,completo,,2026-06-20 01:29:58.000,2026-06-20 01:30:44.000
112,r00,"2026-06-20_00-25-00__validacao_tcc_unifal_r00","3115607",7.8,sucesso,2026-06-20 01:31:21.000,8.2,sucesso,2026-06-20 01:31:46.000,1,1,completo,,2026-06-20 01:30:47.000,2026-06-20 01:31:46.000
113,r00,"2026-06-20_00-25-00__validacao_tcc_unifal_r00","3115805",6.0,sucesso,2026-06-20 01:32:36.000,6.1,sucesso,2026-06-20 01:32:59.000,1,1,completo,,2026-06-20 01:31:50.000,2026-06-20 01:32:59.000
114,r00,"2026-06-20_00-25-00__validacao_tcc_unifal_r00","4103107",6.1,sucesso,2026-06-20 01:32:36.000,6.6,sucesso,2026-06-20 01:32:59.000,1,1,completo,,2026-06-20 01:32:08.000,2026-06-20 01:32:59.000
115,r00,"2026-06-20_00-25-00__validacao_tcc_unifal_r00","4103404",4.9,sucesso,2026-06-20 01:33:40.000,5.6,sucesso,2026-06-20 01:34:03.000,1,1,completo,,2026-06-20 01:33:03.000,2026-06-20 01:34:03.000
116,r00,"2026-06-20_00-25-00__validacao_tcc_unifal_r00","3117702",9.2,sucesso,2026-06-20 01:33:40.000,8.1,sucesso,2026-06-20 01:33:58.000,1,1,completo,,2026-06-20 01:33:03.000,2026-06-20 01:33:58.000
117,r00,"2026-06-20_00-25-00__validacao_tcc_unifal_r00","2933000",7.3,sucesso,2026-06-20 01:34:27.000,7.5,sucesso,2026-06-20 01:34:43.000,1,1,completo,,2026-06-20 01:33:57.000,2026-06-20 01:34:43.000
118,r00,"2026-06-20_00-25-00__validacao_tcc_unifal_r00","3118007",6.0,sucesso,2026-06-20 01:34:25.000,6.1,sucesso,2026-06-20 01:34:52.000,1,1,completo,,2026-06-20 01:34:03.000,2026-06-20 01:34:52.000
119,r00,"2026-06-20_00-25-00__validacao_tcc_unifal_r00","4103453",5.7,sucesso,2026-06-20 01:34:27.000,6.4,sucesso,2026-06-20 01:34:45.000,1,1,completo,,2026-06-20 01:34:08.000,2026-06-20 01:34:45.000
120,r00,"2026-06-20_00-25-00__validacao_tcc_unifal_r00","2933208",5.0,sucesso,2026-06-20 01:35:17.000,5.3,sucesso,2026-06-20 01:35:45.000,1,1,completo,,2026-06-20 01:34:47.000,2026-06-20 01:35:45.000
121,r00,"2026-06-20_00-25-00__validacao_tcc_unifal_r00","4104253",6.5,sucesso,2026-06-20 01:35:37.000,6.7,sucesso,2026-06-20 01:35:59.000,1,1,completo,,2026-06-20 01:34:48.000,2026-06-20 01:35:59.000
122,r00,"2026-06-20_00-25-00__validacao_tcc_unifal_r00","3118601",8.4,sucesso,2026-06-20 01:35:59.000,8.9,sucesso,2026-06-20 01:36:26.000,1,1,completo,,2026-06-20 01:34:58.000,2026-06-20 01:36:26.000
123,r00,"2026-06-20_00-25-00__validacao_tcc_unifal_r00","2301851",9.2,sucesso,2026-06-20 01:39:20.000,7.0,sucesso,2026-06-20 01:39:41.000,1,1,completo,,2026-06-20 01:35:48.000,2026-06-20 01:39:41.000
124,r00,"2026-06-20_00-25-00__validacao_tcc_unifal_r00","4104303",8.1,sucesso,2026-06-20 01:36:40.000,7.7,sucesso,2026-06-20 01:37:04.000,1,1,completo,,2026-06-20 01:36:03.000,2026-06-20 01:37:04.000
125,r00,"2026-06-20_00-25-00__validacao_tcc_unifal_r00","3120201",9.2,sucesso,2026-06-20 01:43:37.000,7.4,sucesso,2026-06-20 01:44:14.000,1,1,completo,,2026-06-20 01:36:30.000,2026-06-20 01:44:14.000
126,r00,"2026-06-20_00-25-00__validacao_tcc_unifal_r00","4107546",6.9,sucesso,2026-06-20 01:40:56.000,7.0,sucesso,2026-06-20 01:41:21.000,1,1,completo,,2026-06-20 01:37:09.000,2026-06-20 01:41:21.000
127,r00,"2026-06-20_00-25-00__validacao_tcc_unifal_r00","2303006",6.5,sucesso,2026-06-20 01:40:14.000,6.8,sucesso,2026-06-20 01:40:36.000,1,1,completo,,2026-06-20 01:39:45.000,2026-06-20 01:40:36.000
128,r00,"2026-06-20_00-25-00__validacao_tcc_unifal_r00","2303105",6.3,sucesso,2026-06-20 01:41:11.000,6.6,sucesso,2026-06-20 01:41:34.000,1,1,completo,,2026-06-20 01:40:40.000,2026-06-20 01:41:34.000
129,r00,"2026-06-20_00-25-00__validacao_tcc_unifal_r00","4108007",7.1,sucesso,2026-06-20 01:41:43.000,7.5,sucesso,2026-06-20 01:42:01.000,1,1,completo,,2026-06-20 01:41:24.000,2026-06-20 01:42:01.000
130,r00,"2026-06-20_00-25-00__validacao_tcc_unifal_r00","2303303",7.1,sucesso,2026-06-20 01:42:06.000,7.3,sucesso,2026-06-20 01:42:29.000,1,1,completo,,2026-06-20 01:41:38.000,2026-06-20 01:42:29.000
131,r00,"2026-06-20_00-25-00__validacao_tcc_unifal_r00","4108106",5.6,sucesso,2026-06-20 01:42:27.000,5.5,sucesso,2026-06-20 01:42:50.000,1,1,completo,,2026-06-20 01:42:05.000,2026-06-20 01:42:50.000
132,r00,"2026-06-20_00-25-00__validacao_tcc_unifal_r00","2303402",6.5,sucesso,2026-06-20 01:43:01.000,6.8,sucesso,2026-06-20 01:43:21.000,1,1,completo,,2026-06-20 01:42:33.000,2026-06-20 01:43:21.000
133,r00,"2026-06-20_00-25-00__validacao_tcc_unifal_r00","4108809",5.8,sucesso,2026-06-20 01:45:01.000,6.3,sucesso,2026-06-20 01:45:24.000,1,1,completo,,2026-06-20 01:42:53.000,2026-06-20 01:45:24.000
134,r00,"2026-06-20_00-25-00__validacao_tcc_unifal_r00","2303956",6.3,sucesso,2026-06-20 01:45:01.000,6.2,sucesso,2026-06-20 01:45:26.000,1,1,completo,,2026-06-20 01:43:25.000,2026-06-20 01:45:26.000
135,r00,"2026-06-20_00-25-00__validacao_tcc_unifal_r00","3126752",6.0,sucesso,2026-06-20 01:45:38.000,6.4,sucesso,2026-06-20 01:46:04.000,1,1,completo,,2026-06-20 01:44:18.000,2026-06-20 01:46:04.000
136,r00,"2026-06-20_00-25-00__validacao_tcc_unifal_r00","4109203",7.9,sucesso,2026-06-20 01:45:54.000,7.6,sucesso,2026-06-20 01:46:17.000,1,1,completo,,2026-06-20 01:45:27.000,2026-06-20 01:46:17.000
137,r00,"2026-06-20_00-25-00__validacao_tcc_unifal_r00","2304236",6.1,sucesso,2026-06-20 01:49:38.000,6.0,sucesso,2026-06-20 01:50:01.000,1,1,completo,,2026-06-20 01:45:29.000,2026-06-20 01:50:01.000
138,r00,"2026-06-20_00-25-00__validacao_tcc_unifal_r00","3127339",9.2,sucesso,2026-06-20 01:46:19.000,6.5,sucesso,2026-06-20 01:46:43.000,1,1,completo,,2026-06-20 01:46:08.000,2026-06-20 01:46:43.000
139,r00,"2026-06-20_00-25-00__validacao_tcc_unifal_r00","4109401",9.2,sucesso,2026-06-20 01:46:32.000,7.3,sucesso,2026-06-20 01:46:49.000,1,1,completo,,2026-06-20 01:46:20.000,2026-06-20 01:46:49.000
140,r00,"2026-06-20_00-25-00__validacao_tcc_unifal_r00","3127404",5.6,sucesso,2026-06-20 01:47:45.000,6.5,sucesso,2026-06-20 01:48:14.000,1,1,completo,,2026-06-20 01:46:45.000,2026-06-20 01:48:14.000
141,r00,"2026-06-20_00-25-00__validacao_tcc_unifal_r00","4109708",4.2,sucesso,2026-06-20 01:47:45.000,4.9,sucesso,2026-06-20 01:48:11.000,1,1,completo,,2026-06-20 01:46:53.000,2026-06-20 01:48:11.000
142,r00,"2026-06-20_00-25-00__validacao_tcc_unifal_r00","4111209",7.2,sucesso,2026-06-20 01:49:22.000,7.0,sucesso,2026-06-20 01:49:50.000,1,1,completo,,2026-06-20 01:48:14.000,2026-06-20 01:49:50.000
143,r00,"2026-06-20_00-25-00__validacao_tcc_unifal_r00","3128402",5.4,sucesso,2026-06-20 01:48:40.000,5.5,sucesso,2026-06-20 01:49:04.000,1,1,completo,,2026-06-20 01:48:18.000,2026-06-20 01:49:04.000
144,r00,"2026-06-20_00-25-00__validacao_tcc_unifal_r00","3128501",8.0,sucesso,2026-06-20 01:49:41.000,7.4,sucesso,2026-06-20 01:50:03.000,1,1,completo,,2026-06-20 01:49:07.000,2026-06-20 01:50:03.000
145,r00,"2026-06-20_00-25-00__validacao_tcc_unifal_r00","4111258",6.6,sucesso,2026-06-20 01:50:41.000,6.6,sucesso,2026-06-20 01:51:11.000,1,1,completo,,2026-06-20 01:49:53.000,2026-06-20 01:51:11.000
146,r00,"2026-06-20_00-25-00__validacao_tcc_unifal_r00","2308708",6.0,sucesso,2026-06-20 01:50:51.000,6.5,sucesso,2026-06-20 01:51:13.000,1,1,completo,,2026-06-20 01:50:05.000,2026-06-20 01:51:13.000
147,r00,"2026-06-20_00-25-00__validacao_tcc_unifal_r00","3129806",6.1,sucesso,2026-06-20 01:50:51.000,6.9,sucesso,2026-06-20 01:51:20.000,1,1,completo,,2026-06-20 01:50:07.000,2026-06-20 01:51:20.000
148,r00,"2026-06-20_00-25-00__validacao_tcc_unifal_r00","4111704",6.5,sucesso,2026-06-20 01:51:50.000,6.8,sucesso,2026-06-20 01:52:16.000,1,1,completo,,2026-06-20 01:51:14.000,2026-06-20 01:52:16.000
149,r00,"2026-06-20_00-25-00__validacao_tcc_unifal_r00","2310308",6.3,sucesso,2026-06-20 01:51:43.000,7.0,sucesso,2026-06-20 01:52:07.000,1,1,completo,,2026-06-20 01:51:16.000,2026-06-20 01:52:07.000
150,r00,"2026-06-20_00-25-00__validacao_tcc_unifal_r00","3130101",6.5,sucesso,2026-06-20 01:51:58.000,7.4,sucesso,2026-06-20 01:52:28.000,1,1,completo,,2026-06-20 01:51:24.000,2026-06-20 01:52:28.000
151,r00,"2026-06-20_00-25-00__validacao_tcc_unifal_r00","2310407",6.3,sucesso,2026-06-20 01:52:42.000,6.6,sucesso,2026-06-20 01:53:05.000,1,1,completo,,2026-06-20 01:52:11.000,2026-06-20 01:53:05.000
152,r00,"2026-06-20_00-25-00__validacao_tcc_unifal_r00","4115408",6.0,sucesso,2026-06-20 01:52:44.000,7.0,sucesso,2026-06-20 01:53:04.000,1,1,completo,,2026-06-20 01:52:20.000,2026-06-20 01:53:04.000
153,r00,"2026-06-20_00-25-00__validacao_tcc_unifal_r00","3131505",9.2,sucesso,2026-06-20 01:58:08.000,8.3,sucesso,2026-06-20 01:58:33.000,1,1,completo,,2026-06-20 01:52:32.000,2026-06-20 01:58:33.000
154,r00,"2026-06-20_00-25-00__validacao_tcc_unifal_r00","4115754",7.3,sucesso,2026-06-20 01:53:39.000,7.5,sucesso,2026-06-20 01:54:01.000,1,1,completo,,2026-06-20 01:53:09.000,2026-06-20 01:54:01.000
155,r00,"2026-06-20_00-25-00__validacao_tcc_unifal_r00","2312106",6.3,sucesso,2026-06-20 01:53:39.000,6.5,sucesso,2026-06-20 01:54:02.000,1,1,completo,,2026-06-20 01:53:09.000,2026-06-20 01:54:02.000
156,r00,"2026-06-20_00-25-00__validacao_tcc_unifal_r00","4118451",8.1,sucesso,2026-06-20 01:54:38.000,7.7,sucesso,2026-06-20 01:54:59.000,1,1,completo,,2026-06-20 01:54:04.000,2026-06-20 01:54:59.000
157,r00,"2026-06-20_00-25-00__validacao_tcc_unifal_r00","2313252",6.4,sucesso,2026-06-20 01:54:32.000,6.6,sucesso,2026-06-20 01:54:56.000,1,1,completo,,2026-06-20 01:54:06.000,2026-06-20 01:54:56.000
158,r00,"2026-06-20_00-25-00__validacao_tcc_unifal_r00","2313955",6.2,sucesso,2026-06-20 01:55:30.000,6.5,sucesso,2026-06-20 01:55:51.000,1,1,completo,,2026-06-20 01:54:59.000,2026-06-20 01:55:51.000
159,r00,"2026-06-20_00-25-00__validacao_tcc_unifal_r00","4119806",9.2,sucesso,2026-06-20 01:55:16.000,5.6,sucesso,2026-06-20 01:55:38.000,1,1,completo,,2026-06-20 01:55:04.000,2026-06-20 01:55:38.000
160,r00,"2026-06-20_00-25-00__validacao_tcc_unifal_r00","4120655",4.9,sucesso,2026-06-20 01:57:42.000,5.5,sucesso,2026-06-20 01:58:05.000,1,1,completo,,2026-06-20 01:55:41.000,2026-06-20 01:58:05.000
161,r00,"2026-06-20_00-25-00__validacao_tcc_unifal_r00","2100436",6.9,sucesso,2026-06-20 01:58:08.000,6.5,sucesso,2026-06-20 01:58:36.000,1,1,completo,,2026-06-20 01:55:55.000,2026-06-20 01:58:36.000
162,r00,"2026-06-20_00-25-00__validacao_tcc_unifal_r00","4120903",5.8,sucesso,2026-06-20 02:02:45.000,6.1,sucesso,2026-06-20 02:03:12.000,1,1,completo,,2026-06-20 01:58:08.000,2026-06-20 02:03:12.000
163,r00,"2026-06-20_00-25-00__validacao_tcc_unifal_r00","3133808",9.2,sucesso,2026-06-20 02:02:12.000,7.2,sucesso,2026-06-20 02:02:37.000,1,1,completo,,2026-06-20 01:58:36.000,2026-06-20 02:02:37.000
164,r00,"2026-06-20_00-25-00__validacao_tcc_unifal_r00","2100501",7.3,sucesso,2026-06-20 01:59:00.000,6.3,sucesso,2026-06-20 01:59:23.000,1,1,completo,,2026-06-20 01:58:39.000,2026-06-20 01:59:23.000
165,r00,"2026-06-20_00-25-00__validacao_tcc_unifal_r00","2100956",6.3,sucesso,2026-06-20 02:03:16.000,6.6,sucesso,2026-06-20 02:03:39.000,1,1,completo,,2026-06-20 01:59:25.000,2026-06-20 02:03:39.000
166,r00,"2026-06-20_00-25-00__validacao_tcc_unifal_r00","3136504",9.2,sucesso,2026-06-20 02:02:53.000,6.5,sucesso,2026-06-20 02:03:15.000,1,1,completo,,2026-06-20 02:02:40.000,2026-06-20 02:03:15.000
167,r00,"2026-06-20_00-25-00__validacao_tcc_unifal_r00","4121901",6.7,sucesso,2026-06-20 02:03:41.000,6.9,sucesso,2026-06-20 02:04:05.000,1,1,completo,,2026-06-20 02:03:15.000,2026-06-20 02:04:05.000
168,r00,"2026-06-20_00-25-00__validacao_tcc_unifal_r00","3137403",9.2,sucesso,2026-06-20 02:03:32.000,4.9,sucesso,2026-06-20 02:03:52.000,1,1,completo,,2026-06-20 02:03:19.000,2026-06-20 02:03:52.000
169,r00,"2026-06-20_00-25-00__validacao_tcc_unifal_r00","2101608",8.4,sucesso,2026-06-20 02:07:36.000,8.3,sucesso,2026-06-20 02:07:58.000,1,1,completo,,2026-06-20 02:03:42.000,2026-06-20 02:07:58.000
170,r00,"2026-06-20_00-25-00__validacao_tcc_unifal_r00","3137502",7.1,sucesso,2026-06-20 02:07:56.000,7.0,sucesso,2026-06-20 02:08:20.000,1,1,completo,,2026-06-20 02:03:56.000,2026-06-20 02:08:20.000
171,r00,"2026-06-20_00-25-00__validacao_tcc_unifal_r00","4123006",9.2,sucesso,2026-06-20 02:04:21.000,5.8,sucesso,2026-06-20 02:04:53.000,1,1,completo,,2026-06-20 02:04:08.000,2026-06-20 02:04:53.000
172,r00,"2026-06-20_00-25-00__validacao_tcc_unifal_r00","4123204",6.3,sucesso,2026-06-20 02:05:10.000,6.6,sucesso,2026-06-20 02:05:29.000,1,1,completo,,2026-06-20 02:04:56.000,2026-06-20 02:05:29.000
173,r00,"2026-06-20_00-25-00__validacao_tcc_unifal_r00","4125001",5.5,sucesso,2026-06-20 02:05:48.000,6.2,sucesso,2026-06-20 02:06:04.000,1,1,completo,,2026-06-20 02:05:32.000,2026-06-20 02:06:04.000
174,r00,"2026-06-20_00-25-00__validacao_tcc_unifal_r00","4126207",6.5,sucesso,2026-06-20 02:06:57.000,6.6,sucesso,2026-06-20 02:07:23.000,1,1,completo,,2026-06-20 02:06:08.000,2026-06-20 02:07:23.000
175,r00,"2026-06-20_00-25-00__validacao_tcc_unifal_r00","4126504",6.4,sucesso,2026-06-20 02:07:57.000,6.4,sucesso,2026-06-20 02:08:24.000,1,1,completo,,2026-06-20 02:07:26.000,2026-06-20 02:08:24.000
176,r00,"2026-06-20_00-25-00__validacao_tcc_unifal_r00","2101970",4.4,sucesso,2026-06-20 02:08:31.000,5.3,sucesso,2026-06-20 02:08:56.000,1,1,completo,,2026-06-20 02:08:02.000,2026-06-20 02:08:56.000
177,r00,"2026-06-20_00-25-00__validacao_tcc_unifal_r00","3140530",6.1,sucesso,2026-06-20 02:09:04.000,6.3,sucesso,2026-06-20 02:09:34.000,1,1,completo,,2026-06-20 02:08:25.000,2026-06-20 02:09:34.000
178,r00,"2026-06-20_00-25-00__validacao_tcc_unifal_r00","4126603",5.7,sucesso,2026-06-20 02:09:32.000,6.6,sucesso,2026-06-20 02:09:59.000,1,1,completo,,2026-06-20 02:08:27.000,2026-06-20 02:09:59.000
179,r00,"2026-06-20_00-25-00__validacao_tcc_unifal_r00","2102408",4.5,sucesso,2026-06-20 02:09:29.000,5.3,sucesso,2026-06-20 02:09:54.000,1,1,completo,,2026-06-20 02:08:59.000,2026-06-20 02:09:54.000
180,r00,"2026-06-20_00-25-00__validacao_tcc_unifal_r00","3140852",9.2,sucesso,2026-06-20 02:09:49.000,7.7,sucesso,2026-06-20 02:10:07.000,1,1,completo,,2026-06-20 02:09:38.000,2026-06-20 02:10:07.000
181,r00,"2026-06-20_00-25-00__validacao_tcc_unifal_r00","2103174",6.9,sucesso,2026-06-20 02:11:10.000,6.5,sucesso,2026-06-20 02:11:39.000,1,1,completo,,2026-06-20 02:09:58.000,2026-06-20 02:11:39.000
182,r00,"2026-06-20_00-25-00__validacao_tcc_unifal_r00","4128534",4.2,sucesso,2026-06-20 02:10:47.000,4.3,sucesso,2026-06-20 02:11:12.000,1,1,completo,,2026-06-20 02:10:03.000,2026-06-20 02:11:12.000
183,r00,"2026-06-20_00-25-00__validacao_tcc_unifal_r00","3141009",6.8,sucesso,2026-06-20 02:10:47.000,7.4,sucesso,2026-06-20 02:11:04.000,1,1,completo,,2026-06-20 02:10:12.000,2026-06-20 02:11:04.000
184,r00,"2026-06-20_00-25-00__validacao_tcc_unifal_r00","3141207",9.2,sucesso,2026-06-20 02:14:42.000,4.6,sucesso,2026-06-20 02:15:05.000,1,1,completo,,2026-06-20 02:11:07.000,2026-06-20 02:15:05.000
185,r00,"2026-06-20_00-25-00__validacao_tcc_unifal_r00","4128658",7.2,sucesso,2026-06-20 02:11:31.000,6.9,sucesso,2026-06-20 02:11:52.000,1,1,completo,,2026-06-20 02:11:16.000,2026-06-20 02:11:52.000
186,r00,"2026-06-20_00-25-00__validacao_tcc_unifal_r00","2103406",7.0,sucesso,2026-06-20 02:12:20.000,7.0,sucesso,2026-06-20 02:12:42.000,1,1,completo,,2026-06-20 02:11:43.000,2026-06-20 02:12:42.000
187,r00,"2026-06-20_00-25-00__validacao_tcc_unifal_r00","4300208",3.5,sucesso,2026-06-20 02:13:04.000,4.3,sucesso,2026-06-20 02:13:31.000,1,1,completo,,2026-06-20 02:11:55.000,2026-06-20 02:13:31.000
188,r00,"2026-06-20_00-25-00__validacao_tcc_unifal_r00","2105104",6.5,sucesso,2026-06-20 02:13:19.000,6.8,sucesso,2026-06-20 02:13:41.000,1,1,completo,,2026-06-20 02:12:46.000,2026-06-20 02:13:41.000
189,r00,"2026-06-20_00-25-00__validacao_tcc_unifal_r00","4300307",4.9,sucesso,2026-06-20 02:14:02.000,5.0,sucesso,2026-06-20 02:14:23.000,1,1,completo,,2026-06-20 02:13:35.000,2026-06-20 02:14:23.000
190,r00,"2026-06-20_00-25-00__validacao_tcc_unifal_r00","2105203",6.9,sucesso,2026-06-20 02:15:05.000,6.5,sucesso,2026-06-20 02:15:32.000,1,1,completo,,2026-06-20 02:13:45.000,2026-06-20 02:15:32.000
191,r00,"2026-06-20_00-25-00__validacao_tcc_unifal_r00","4300455",6.9,sucesso,2026-06-20 02:14:51.000,6.9,sucesso,2026-06-20 02:15:14.000,1,1,completo,,2026-06-20 02:14:27.000,2026-06-20 02:15:14.000
192,r00,"2026-06-20_00-25-00__validacao_tcc_unifal_r00","3142700",5.7,sucesso,2026-06-20 02:15:33.000,5.7,sucesso,2026-06-20 02:15:49.000,1,1,completo,,2026-06-20 02:15:08.000,2026-06-20 02:15:49.000
193,r00,"2026-06-20_00-25-00__validacao_tcc_unifal_r00","4300570",7.0,sucesso,2026-06-20 02:16:14.000,7.2,sucesso,2026-06-20 02:16:31.000,1,1,completo,,2026-06-20 02:15:18.000,2026-06-20 02:16:31.000
194,r00,"2026-06-20_00-25-00__validacao_tcc_unifal_r00","2106631",6.0,sucesso,2026-06-20 02:16:07.000,6.5,sucesso,2026-06-20 02:16:29.000,1,1,completo,,2026-06-20 02:15:35.000,2026-06-20 02:16:29.000
195,r00,"2026-06-20_00-25-00__validacao_tcc_unifal_r00","3144904",8.3,sucesso,2026-06-20 02:16:14.000,8.1,sucesso,2026-06-20 02:16:37.000,1,1,completo,,2026-06-20 02:15:54.000,2026-06-20 02:16:37.000
196,r00,"2026-06-20_00-25-00__validacao_tcc_unifal_r00","2107605",6.3,sucesso,2026-06-20 02:17:23.000,6.3,sucesso,2026-06-20 02:17:51.000,1,1,completo,,2026-06-20 02:16:33.000,2026-06-20 02:17:51.000
197,r00,"2026-06-20_00-25-00__validacao_tcc_unifal_r00","4300638",,falha_de_carregamento,2026-06-20 02:26:41.000,,erro,2026-06-20 02:28:10.000,0,0,falha_total,,2026-06-20 02:16:35.000,2026-06-20 02:28:10.000
198,r00,"2026-06-20_00-25-00__validacao_tcc_unifal_r00","3145356",9.2,sucesso,2026-06-20 02:16:57.000,6.6,sucesso,2026-06-20 02:17:20.000,1,1,completo,,2026-06-20 02:16:42.000,2026-06-20 02:17:20.000
199,r00,"2026-06-20_00-25-00__validacao_tcc_unifal_r00","3145505",5.4,sucesso,2026-06-20 02:18:22.000,6.3,sucesso,2026-06-20 02:18:48.000,1,1,completo,,2026-06-20 02:17:23.000,2026-06-20 02:18:48.000
200,r00,"2026-06-20_00-25-00__validacao_tcc_unifal_r00","2108801",6.9,sucesso,2026-06-20 02:18:22.000,6.0,sucesso,2026-06-20 02:18:45.000,1,1,completo,,2026-06-20 02:17:54.000,2026-06-20 02:18:45.000
201,r00,"2026-06-20_00-25-00__validacao_tcc_unifal_r00","2109809",6.5,sucesso,2026-06-20 02:19:12.000,6.0,sucesso,2026-06-20 02:19:37.000,1,1,completo,,2026-06-20 02:18:48.000,2026-06-20 02:19:37.000
202,r00,"2026-06-20_00-25-00__validacao_tcc_unifal_r00","3145901",5.1,sucesso,2026-06-20 02:19:31.000,6.4,sucesso,2026-06-20 02:19:59.000,1,1,completo,,2026-06-20 02:18:52.000,2026-06-20 02:19:59.000
203,r00,"2026-06-20_00-25-00__validacao_tcc_unifal_r00","2109908",6.5,sucesso,2026-06-20 02:20:01.000,6.6,sucesso,2026-06-20 02:20:16.000,1,1,completo,,2026-06-20 02:19:40.000,2026-06-20 02:20:16.000
204,r00,"2026-06-20_00-25-00__validacao_tcc_unifal_r00","3146404",5.9,sucesso,2026-06-20 02:20:53.000,6.7,sucesso,2026-06-20 02:21:21.000,1,1,completo,,2026-06-20 02:20:04.000,2026-06-20 02:21:21.000
205,r00,"2026-06-20_00-25-00__validacao_tcc_unifal_r00","2110906",4.2,sucesso,2026-06-20 02:20:47.000,5.0,sucesso,2026-06-20 02:21:11.000,1,1,completo,,2026-06-20 02:20:19.000,2026-06-20 02:21:11.000
206,r00,"2026-06-20_00-25-00__validacao_tcc_unifal_r00","2111805",8.4,sucesso,2026-06-20 02:21:51.000,8.3,sucesso,2026-06-20 02:22:09.000,1,1,completo,,2026-06-20 02:21:15.000,2026-06-20 02:22:09.000
207,r00,"2026-06-20_00-25-00__validacao_tcc_unifal_r00","3149200",5.8,sucesso,2026-06-20 02:21:52.000,6.1,sucesso,2026-06-20 02:22:14.000,1,1,completo,,2026-06-20 02:21:25.000,2026-06-20 02:22:14.000
208,r00,"2026-06-20_00-25-00__validacao_tcc_unifal_r00","2504074",6.6,sucesso,2026-06-20 02:22:58.000,7.6,sucesso,2026-06-20 02:23:23.000,1,1,completo,,2026-06-20 02:22:13.000,2026-06-20 02:23:23.000
209,r00,"2026-06-20_00-25-00__validacao_tcc_unifal_r00","3149804",5.6,sucesso,2026-06-20 02:22:46.000,5.9,sucesso,2026-06-20 02:23:08.000,1,1,completo,,2026-06-20 02:22:19.000,2026-06-20 02:23:08.000
210,r00,"2026-06-20_00-25-00__validacao_tcc_unifal_r00","3152131",9.2,sucesso,2026-06-20 02:23:22.000,8.5,sucesso,2026-06-20 02:23:41.000,1,1,completo,,2026-06-20 02:23:11.000,2026-06-20 02:23:41.000
211,r00,"2026-06-20_00-25-00__validacao_tcc_unifal_r00","2504405",6.6,sucesso,2026-06-20 02:23:47.000,6.6,sucesso,2026-06-20 02:24:05.000,1,1,completo,,2026-06-20 02:23:26.000,2026-06-20 02:24:05.000
212,r00,"2026-06-20_00-25-00__validacao_tcc_unifal_r00","3154101",6.0,sucesso,2026-06-20 02:23:58.000,6.4,sucesso,2026-06-20 02:24:19.000,1,1,completo,,2026-06-20 02:23:44.000,2026-06-20 02:24:19.000
213,r00,"2026-06-20_00-25-00__validacao_tcc_unifal_r00","2506251",6.3,sucesso,2026-06-20 02:24:40.000,5.8,sucesso,2026-06-20 02:25:01.000,1,1,completo,,2026-06-20 02:24:09.000,2026-06-20 02:25:01.000
214,r00,"2026-06-20_00-25-00__validacao_tcc_unifal_r00","3154408",6.8,sucesso,2026-06-20 02:25:00.000,6.6,sucesso,2026-06-20 02:25:30.000,1,1,completo,,2026-06-20 02:24:23.000,2026-06-20 02:25:30.000
215,r00,"2026-06-20_00-25-00__validacao_tcc_unifal_r00","2507408",5.2,sucesso,2026-06-20 02:25:28.000,5.3,sucesso,2026-06-20 02:25:48.000,1,1,completo,,2026-06-20 02:25:05.000,2026-06-20 02:25:48.000
216,r00,"2026-06-20_00-25-00__validacao_tcc_unifal_r00","3155405",6.0,sucesso,2026-06-20 02:25:57.000,6.7,sucesso,2026-06-20 02:26:17.000,1,1,completo,,2026-06-20 02:25:33.000,2026-06-20 02:26:17.000
217,r00,"2026-06-20_00-25-00__validacao_tcc_unifal_r00","2508406",6.0,sucesso,2026-06-20 02:27:01.000,6.2,sucesso,2026-06-20 02:27:25.000,1,1,completo,,2026-06-20 02:25:52.000,2026-06-20 02:27:25.000
218,r00,"2026-06-20_00-25-00__validacao_tcc_unifal_r00","3156502",6.1,sucesso,2026-06-20 02:26:58.000,6.8,sucesso,2026-06-20 02:27:26.000,1,1,completo,,2026-06-20 02:26:21.000,2026-06-20 02:27:26.000
219,r00,"2026-06-20_00-25-00__validacao_tcc_unifal_r00","2510659",7.0,sucesso,2026-06-20 02:28:09.000,6.9,sucesso,2026-06-20 02:28:33.000,1,1,completo,,2026-06-20 02:27:29.000,2026-06-20 02:28:33.000
220,r00,"2026-06-20_00-25-00__validacao_tcc_unifal_r00","3159308",6.2,sucesso,2026-06-20 02:28:09.000,6.6,sucesso,2026-06-20 02:28:28.000,1,1,completo,,2026-06-20 02:27:31.000,2026-06-20 02:28:28.000
221,r00,"2026-06-20_00-25-00__validacao_tcc_unifal_r00","4301636",9.2,sucesso,2026-06-20 02:28:24.000,6.7,sucesso,2026-06-20 02:28:54.000,1,1,completo,,2026-06-20 02:28:13.000,2026-06-20 02:28:54.000
222,r00,"2026-06-20_00-25-00__validacao_tcc_unifal_r00","3158508",5.5,sucesso,2026-06-20 02:29:13.000,5.9,sucesso,2026-06-20 02:29:40.000,1,1,completo,,2026-06-20 02:28:31.000,2026-06-20 02:29:40.000
223,r00,"2026-06-20_00-25-00__validacao_tcc_unifal_r00","2512705",9.2,sucesso,2026-06-20 02:28:55.000,7.0,sucesso,2026-06-20 02:29:17.000,1,1,completo,,2026-06-20 02:28:39.000,2026-06-20 02:29:17.000
224,r00,"2026-06-20_00-25-00__validacao_tcc_unifal_r00","4301750",5.8,sucesso,2026-06-20 02:30:06.000,5.8,sucesso,2026-06-20 02:30:36.000,1,1,completo,,2026-06-20 02:28:57.000,2026-06-20 02:30:36.000
225,r00,"2026-06-20_00-25-00__validacao_tcc_unifal_r00","2513158",5.2,sucesso,2026-06-20 02:29:51.000,5.7,sucesso,2026-06-20 02:30:18.000,1,1,completo,,2026-06-20 02:29:21.000,2026-06-20 02:30:18.000
226,r00,"2026-06-20_00-25-00__validacao_tcc_unifal_r00","3160801",4.6,sucesso,2026-06-20 02:30:06.000,5.2,sucesso,2026-06-20 02:30:32.000,1,1,completo,,2026-06-20 02:29:45.000,2026-06-20 02:30:32.000
227,r00,"2026-06-20_00-25-00__validacao_tcc_unifal_r00","2513927",7.7,sucesso,2026-06-20 02:30:43.000,7.5,sucesso,2026-06-20 02:31:00.000,1,1,completo,,2026-06-20 02:30:22.000,2026-06-20 02:31:00.000
228,r00,"2026-06-20_00-25-00__validacao_tcc_unifal_r00","3161304",6.1,sucesso,2026-06-20 02:30:56.000,6.4,sucesso,2026-06-20 02:31:17.000,1,1,completo,,2026-06-20 02:30:35.000,2026-06-20 02:31:17.000
229,r00,"2026-06-20_00-25-00__validacao_tcc_unifal_r00","4302006",7.4,sucesso,2026-06-20 02:30:52.000,7.0,sucesso,2026-06-20 02:31:18.000,1,1,completo,,2026-06-20 02:30:41.000,2026-06-20 02:31:18.000
230,r00,"2026-06-20_00-25-00__validacao_tcc_unifal_r00","2513901",9.2,sucesso,2026-06-20 02:31:14.000,7.5,sucesso,2026-06-20 02:31:33.000,1,1,completo,,2026-06-20 02:31:03.000,2026-06-20 02:31:33.000
231,r00,"2026-06-20_00-25-00__validacao_tcc_unifal_r00","3162302",6.1,sucesso,2026-06-20 02:31:59.000,6.0,sucesso,2026-06-20 02:32:24.000,1,1,completo,,2026-06-20 02:31:21.000,2026-06-20 02:32:24.000
232,r00,"2026-06-20_00-25-00__validacao_tcc_unifal_r00","4302352",9.2,sucesso,2026-06-20 02:31:37.000,6.5,sucesso,2026-06-20 02:32:01.000,1,1,completo,,2026-06-20 02:31:21.000,2026-06-20 02:32:01.000
233,r00,"2026-06-20_00-25-00__validacao_tcc_unifal_r00","2514602",6.8,sucesso,2026-06-20 02:32:04.000,6.9,sucesso,2026-06-20 02:32:24.000,1,1,completo,,2026-06-20 02:31:36.000,2026-06-20 02:32:24.000
234,r00,"2026-06-20_00-25-00__validacao_tcc_unifal_r00","4302402",5.8,sucesso,2026-06-20 02:32:25.000,5.4,sucesso,2026-06-20 02:32:46.000,1,1,completo,,2026-06-20 02:32:05.000,2026-06-20 02:32:46.000
235,r00,"2026-06-20_00-25-00__validacao_tcc_unifal_r00","3162575",9.2,sucesso,2026-06-20 02:32:43.000,7.3,sucesso,2026-06-20 02:33:05.000,1,1,completo,,2026-06-20 02:32:28.000,2026-06-20 02:33:05.000
236,r00,"2026-06-20_00-25-00__validacao_tcc_unifal_r00","2514701",7.2,sucesso,2026-06-20 02:32:52.000,6.5,sucesso,2026-06-20 02:33:14.000,1,1,completo,,2026-06-20 02:32:28.000,2026-06-20 02:33:14.000
237,r00,"2026-06-20_00-25-00__validacao_tcc_unifal_r00","4302709",6.9,sucesso,2026-06-20 02:33:21.000,7.4,sucesso,2026-06-20 02:33:43.000,1,1,completo,,2026-06-20 02:32:49.000,2026-06-20 02:33:43.000
238,r00,"2026-06-20_00-25-00__validacao_tcc_unifal_r00","3163904",6.5,sucesso,2026-06-20 02:33:28.000,7.2,sucesso,2026-06-20 02:33:50.000,1,1,completo,,2026-06-20 02:33:09.000,2026-06-20 02:33:50.000
239,r00,"2026-06-20_00-25-00__validacao_tcc_unifal_r00","2514453",5.9,sucesso,2026-06-20 02:33:46.000,6.5,sucesso,2026-06-20 02:34:07.000,1,1,completo,,2026-06-20 02:33:17.000,2026-06-20 02:34:07.000
240,r00,"2026-06-20_00-25-00__validacao_tcc_unifal_r00","4303608",7.4,sucesso,2026-06-20 02:33:57.000,6.5,sucesso,2026-06-20 02:34:21.000,1,1,completo,,2026-06-20 02:33:46.000,2026-06-20 02:34:21.000
241,r00,"2026-06-20_00-25-00__validacao_tcc_unifal_r00","3168606",9.2,sucesso,2026-06-20 02:34:06.000,5.6,sucesso,2026-06-20 02:34:39.000,1,1,completo,,2026-06-20 02:33:54.000,2026-06-20 02:34:39.000
242,r00,"2026-06-20_00-25-00__validacao_tcc_unifal_r00","2600203",7.1,sucesso,2026-06-20 02:34:33.000,7.0,sucesso,2026-06-20 02:34:49.000,1,1,completo,,2026-06-20 02:34:13.000,2026-06-20 02:34:49.000
243,r00,"2026-06-20_00-25-00__validacao_tcc_unifal_r00","4305306",9.2,sucesso,2026-06-20 02:34:37.000,6.3,sucesso,2026-06-20 02:34:57.000,1,1,completo,,2026-06-20 02:34:24.000,2026-06-20 02:34:57.000
244,r00,"2026-06-20_00-25-00__validacao_tcc_unifal_r00","3168903",9.5,sucesso,2026-06-20 02:35:15.000,9.2,sucesso,2026-06-20 02:35:36.000,1,1,completo,,2026-06-20 02:34:44.000,2026-06-20 02:35:36.000
245,r00,"2026-06-20_00-25-00__validacao_tcc_unifal_r00","2601201",5.1,sucesso,2026-06-20 02:35:13.000,5.0,sucesso,2026-06-20 02:35:36.000,1,1,completo,,2026-06-20 02:34:54.000,2026-06-20 02:35:36.000
246,r00,"2026-06-20_00-25-00__validacao_tcc_unifal_r00","4307500",7.5,sucesso,2026-06-20 02:35:28.000,7.7,sucesso,2026-06-20 02:35:55.000,1,1,completo,,2026-06-20 02:35:02.000,2026-06-20 02:35:55.000
247,r00,"2026-06-20_00-25-00__validacao_tcc_unifal_r00","2604403",,falha_de_carregamento,2026-06-20 02:45:44.000,5.4,sucesso,2026-06-20 02:46:07.000,0,1,parcial,,2026-06-20 02:35:39.000,2026-06-20 02:46:07.000
248,r00,"2026-06-20_00-25-00__validacao_tcc_unifal_r00","3169059",7.0,sucesso,2026-06-20 02:36:06.000,7.3,sucesso,2026-06-20 02:36:28.000,1,1,completo,,2026-06-20 02:35:39.000,2026-06-20 02:36:28.000
249,r00,"2026-06-20_00-25-00__validacao_tcc_unifal_r00","4308078",9.2,sucesso,2026-06-20 02:36:10.000,6.7,sucesso,2026-06-20 02:36:29.000,1,1,completo,,2026-06-20 02:35:58.000,2026-06-20 02:36:29.000
250,r00,"2026-06-20_00-25-00__validacao_tcc_unifal_r00","3170008",6.2,sucesso,2026-06-20 02:37:08.000,6.4,sucesso,2026-06-20 02:37:34.000,1,1,completo,,2026-06-20 02:36:32.000,2026-06-20 02:37:34.000
251,r00,"2026-06-20_00-25-00__validacao_tcc_unifal_r00","4308904",6.3,sucesso,2026-06-20 02:37:08.000,6.6,sucesso,2026-06-20 02:37:29.000,1,1,completo,,2026-06-20 02:36:32.000,2026-06-20 02:37:29.000
252,r00,"2026-06-20_00-25-00__validacao_tcc_unifal_r00","4309050",6.6,sucesso,2026-06-20 02:38:13.000,6.8,sucesso,2026-06-20 02:38:36.000,1,1,completo,,2026-06-20 02:37:33.000,2026-06-20 02:38:36.000
253,r00,"2026-06-20_00-25-00__validacao_tcc_unifal_r00","3170057",7.0,sucesso,2026-06-20 02:38:18.000,6.7,sucesso,2026-06-20 02:38:47.000,1,1,completo,,2026-06-20 02:37:38.000,2026-06-20 02:38:47.000
254,r00,"2026-06-20_00-25-00__validacao_tcc_unifal_r00","4309506",3.9,sucesso,2026-06-20 02:39:32.000,4.5,sucesso,2026-06-20 02:39:58.000,1,1,completo,,2026-06-20 02:38:39.000,2026-06-20 02:39:58.000
255,r00,"2026-06-20_00-25-00__validacao_tcc_unifal_r00","3170701",9.2,sucesso,2026-06-20 02:39:02.000,7.6,sucesso,2026-06-20 02:39:28.000,1,1,completo,,2026-06-20 02:38:50.000,2026-06-20 02:39:28.000
256,r00,"2026-06-20_00-25-00__validacao_tcc_unifal_r00","3300951",7.6,sucesso,2026-06-20 02:39:53.000,7.5,sucesso,2026-06-20 02:40:17.000,1,1,completo,,2026-06-20 02:39:31.000,2026-06-20 02:40:17.000
257,r00,"2026-06-20_00-25-00__validacao_tcc_unifal_r00","4310108",8.7,sucesso,2026-06-20 02:40:27.000,8.3,sucesso,2026-06-20 02:40:49.000,1,1,completo,,2026-06-20 02:40:01.000,2026-06-20 02:40:49.000
258,r00,"2026-06-20_00-25-00__validacao_tcc_unifal_r00","3301405",9.2,sucesso,2026-06-20 02:40:33.000,5.6,sucesso,2026-06-20 02:40:58.000,1,1,completo,,2026-06-20 02:40:21.000,2026-06-20 02:40:58.000
259,r00,"2026-06-20_00-25-00__validacao_tcc_unifal_r00","4310579",5.4,sucesso,2026-06-20 02:41:45.000,5.3,sucesso,2026-06-20 02:42:10.000,1,1,completo,,2026-06-20 02:40:52.000,2026-06-20 02:42:10.000
260,r00,"2026-06-20_00-25-00__validacao_tcc_unifal_r00","3302502",6.9,sucesso,2026-06-20 02:41:45.000,7.1,sucesso,2026-06-20 02:42:10.000,1,1,completo,,2026-06-20 02:41:02.000,2026-06-20 02:42:10.000
261,r00,"2026-06-20_00-25-00__validacao_tcc_unifal_r00","3303856",7.1,sucesso,2026-06-20 02:43:55.000,7.0,sucesso,2026-06-20 02:44:20.000,1,1,completo,,2026-06-20 02:42:13.000,2026-06-20 02:44:20.000
262,r00,"2026-06-20_00-25-00__validacao_tcc_unifal_r00","4311254",5.4,sucesso,2026-06-20 02:43:02.000,5.6,sucesso,2026-06-20 02:43:24.000,1,1,completo,,2026-06-20 02:42:14.000,2026-06-20 02:43:24.000
263,r00,"2026-06-20_00-25-00__validacao_tcc_unifal_r00","4312658",7.6,sucesso,2026-06-20 02:43:55.000,7.7,sucesso,2026-06-20 02:44:18.000,1,1,completo,,2026-06-20 02:43:27.000,2026-06-20 02:44:18.000
264,r00,"2026-06-20_00-25-00__validacao_tcc_unifal_r00","4312906",9.2,sucesso,2026-06-20 02:44:35.000,7.2,sucesso,2026-06-20 02:44:57.000,1,1,completo,,2026-06-20 02:44:21.000,2026-06-20 02:44:57.000
265,r00,"2026-06-20_00-25-00__validacao_tcc_unifal_r00","3500808",9.2,sucesso,2026-06-20 02:44:36.000,4.8,sucesso,2026-06-20 02:45:01.000,1,1,completo,,2026-06-20 02:44:23.000,2026-06-20 02:45:01.000
266,r00,"2026-06-20_00-25-00__validacao_tcc_unifal_r00","4314175",9.2,sucesso,2026-06-20 02:48:37.000,5.9,sucesso,2026-06-20 02:49:02.000,1,1,completo,,2026-06-20 02:45:01.000,2026-06-20 02:49:02.000
267,r00,"2026-06-20_00-25-00__validacao_tcc_unifal_r00","3506904",7.0,sucesso,2026-06-20 02:52:04.000,7.6,sucesso,2026-06-20 02:52:28.000,1,1,completo,,2026-06-20 02:45:05.000,2026-06-20 02:52:28.000
268,r00,"2026-06-20_00-25-00__validacao_tcc_unifal_r00","2607604",6.5,sucesso,2026-06-20 02:46:43.000,6.4,sucesso,2026-06-20 02:47:02.000,1,1,completo,,2026-06-20 02:46:11.000,2026-06-20 02:47:02.000
269,r00,"2026-06-20_00-25-00__validacao_tcc_unifal_r00","2607000",6.0,sucesso,2026-06-20 02:47:52.000,6.4,sucesso,2026-06-20 02:48:21.000,1,1,completo,,2026-06-20 02:47:06.000,2026-06-20 02:48:21.000
270,r00,"2026-06-20_00-25-00__validacao_tcc_unifal_r00","2607307",8.3,sucesso,2026-06-20 02:48:47.000,8.0,sucesso,2026-06-20 02:49:11.000,1,1,completo,,2026-06-20 02:48:25.000,2026-06-20 02:49:11.000
271,r00,"2026-06-20_00-25-00__validacao_tcc_unifal_r00","4316451",9.2,sucesso,2026-06-20 02:49:17.000,6.7,sucesso,2026-06-20 02:49:49.000,1,1,completo,,2026-06-20 02:49:06.000,2026-06-20 02:49:49.000
272,r00,"2026-06-20_00-25-00__validacao_tcc_unifal_r00","2609006",8.6,sucesso,2026-06-20 02:49:50.000,8.4,sucesso,2026-06-20 02:50:15.000,1,1,completo,,2026-06-20 02:49:15.000,2026-06-20 02:50:15.000
273,r00,"2026-06-20_00-25-00__validacao_tcc_unifal_r00","4319109",5.8,sucesso,2026-06-20 02:51:39.000,6.0,sucesso,2026-06-20 02:52:01.000,1,1,completo,,2026-06-20 02:49:53.000,2026-06-20 02:52:01.000
274,r00,"2026-06-20_00-25-00__validacao_tcc_unifal_r00","2611705",6.5,sucesso,2026-06-20 02:50:42.000,6.8,sucesso,2026-06-20 02:51:05.000,1,1,completo,,2026-06-20 02:50:18.000,2026-06-20 02:51:05.000
275,r00,"2026-06-20_00-25-00__validacao_tcc_unifal_r00","2613701",5.5,sucesso,2026-06-20 02:55:18.000,5.7,sucesso,2026-06-20 02:55:45.000,1,1,completo,,2026-06-20 02:51:09.000,2026-06-20 02:55:45.000
276,r00,"2026-06-20_00-25-00__validacao_tcc_unifal_r00","4320206",4.4,sucesso,2026-06-20 02:53:08.000,4.5,sucesso,2026-06-20 02:53:26.000,1,1,completo,,2026-06-20 02:52:05.000,2026-06-20 02:53:26.000
277,r00,"2026-06-20_00-25-00__validacao_tcc_unifal_r00","3507803",6.3,sucesso,2026-06-20 02:53:08.000,6.2,sucesso,2026-06-20 02:53:31.000,1,1,completo,,2026-06-20 02:52:31.000,2026-06-20 02:53:31.000
278,r00,"2026-06-20_00-25-00__validacao_tcc_unifal_r00","4321436",9.2,sucesso,2026-06-20 02:53:43.000,6.9,sucesso,2026-06-20 02:54:14.000,1,1,completo,,2026-06-20 02:53:31.000,2026-06-20 02:54:14.000
279,r00,"2026-06-20_00-25-00__validacao_tcc_unifal_r00","3508603",7.5,sucesso,2026-06-20 02:53:54.000,7.5,sucesso,2026-06-20 02:54:14.000,1,1,completo,,2026-06-20 02:53:36.000,2026-06-20 02:54:14.000
280,r00,"2026-06-20_00-25-00__validacao_tcc_unifal_r00","4321634",7.4,sucesso,2026-06-20 02:54:59.000,7.3,sucesso,2026-06-20 02:55:22.000,1,1,completo,,2026-06-20 02:54:18.000,2026-06-20 02:55:22.000
281,r00,"2026-06-20_00-25-00__validacao_tcc_unifal_r00","3508702",6.9,sucesso,2026-06-20 02:54:42.000,6.9,sucesso,2026-06-20 02:55:00.000,1,1,completo,,2026-06-20 02:54:18.000,2026-06-20 02:55:00.000
282,r00,"2026-06-20_00-25-00__validacao_tcc_unifal_r00","3512100",5.1,sucesso,2026-06-20 02:55:34.000,5.6,sucesso,2026-06-20 02:55:56.000,1,1,completo,,2026-06-20 02:55:03.000,2026-06-20 02:55:56.000
283,r00,"2026-06-20_00-25-00__validacao_tcc_unifal_r00","4322327",6.7,sucesso,2026-06-20 02:55:59.000,6.9,sucesso,2026-06-20 02:56:26.000,1,1,completo,,2026-06-20 02:55:26.000,2026-06-20 02:56:26.000
284,r00,"2026-06-20_00-25-00__validacao_tcc_unifal_r00","2614006",6.3,sucesso,2026-06-20 02:56:57.000,6.6,sucesso,2026-06-20 02:57:19.000,1,1,completo,,2026-06-20 02:55:48.000,2026-06-20 02:57:19.000
285,r00,"2026-06-20_00-25-00__validacao_tcc_unifal_r00","3512308",6.4,sucesso,2026-06-20 02:56:56.000,7.3,sucesso,2026-06-20 02:57:23.000,1,1,completo,,2026-06-20 02:56:01.000,2026-06-20 02:57:23.000
286,r00,"2026-06-20_00-25-00__validacao_tcc_unifal_r00","4322608",5.8,sucesso,2026-06-20 02:56:48.000,6.6,sucesso,2026-06-20 02:57:11.000,1,1,completo,,2026-06-20 02:56:29.000,2026-06-20 02:57:11.000
287,r00,"2026-06-20_00-25-00__validacao_tcc_unifal_r00","4200606",6.4,sucesso,2026-06-20 02:57:37.000,6.8,sucesso,2026-06-20 02:57:59.000,1,1,completo,,2026-06-20 02:57:15.000,2026-06-20 02:57:59.000
288,r00,"2026-06-20_00-25-00__validacao_tcc_unifal_r00","2614501",6.6,sucesso,2026-06-20 02:58:04.000,6.5,sucesso,2026-06-20 02:58:27.000,1,1,completo,,2026-06-20 02:57:23.000,2026-06-20 02:58:27.000
289,r00,"2026-06-20_00-25-00__validacao_tcc_unifal_r00","3513900",6.7,sucesso,2026-06-20 02:59:04.000,7.2,sucesso,2026-06-20 02:59:30.000,1,1,completo,,2026-06-20 02:57:29.000,2026-06-20 02:59:30.000
290,r00,"2026-06-20_00-25-00__validacao_tcc_unifal_r00","4203204",7.6,sucesso,2026-06-20 02:58:35.000,7.8,sucesso,2026-06-20 02:58:57.000,1,1,completo,,2026-06-20 02:58:03.000,2026-06-20 02:58:57.000
291,r00,"2026-06-20_00-25-00__validacao_tcc_unifal_r00","2201507",7.3,sucesso,2026-06-20 02:59:12.000,7.0,sucesso,2026-06-20 02:59:38.000,1,1,completo,,2026-06-20 02:58:31.000,2026-06-20 02:59:38.000
292,r00,"2026-06-20_00-25-00__validacao_tcc_unifal_r00","4205357",5.6,sucesso,2026-06-20 02:59:29.000,6.1,sucesso,2026-06-20 02:59:52.000,1,1,completo,,2026-06-20 02:59:00.000,2026-06-20 02:59:52.000
293,r00,"2026-06-20_00-25-00__validacao_tcc_unifal_r00","3515103",9.2,sucesso,2026-06-20 02:59:46.000,6.8,sucesso,2026-06-20 03:00:25.000,1,1,completo,,2026-06-20 02:59:33.000,2026-06-20 03:00:25.000
294,r00,"2026-06-20_00-25-00__validacao_tcc_unifal_r00","2202901",6.6,sucesso,2026-06-20 03:00:19.000,6.5,sucesso,2026-06-20 03:00:43.000,1,1,completo,,2026-06-20 02:59:41.000,2026-06-20 03:00:43.000
295,r00,"2026-06-20_00-25-00__validacao_tcc_unifal_r00","4209300",5.4,sucesso,2026-06-20 03:00:24.000,6.0,sucesso,2026-06-20 03:00:42.000,1,1,completo,,2026-06-20 02:59:55.000,2026-06-20 03:00:42.000
296,r00,"2026-06-20_00-25-00__validacao_tcc_unifal_r00","3515657",6.9,sucesso,2026-06-20 03:02:13.000,7.4,sucesso,2026-06-20 03:02:39.000,1,1,completo,,2026-06-20 03:00:28.000,2026-06-20 03:02:39.000
297,r00,"2026-06-20_00-25-00__validacao_tcc_unifal_r00","4209805",6.6,sucesso,2026-06-20 03:01:27.000,6.7,sucesso,2026-06-20 03:01:49.000,1,1,completo,,2026-06-20 03:00:47.000,2026-06-20 03:01:49.000
298,r00,"2026-06-20_00-25-00__validacao_tcc_unifal_r00","2203305",7.3,sucesso,2026-06-20 03:01:39.000,7.1,sucesso,2026-06-20 03:02:07.000,1,1,completo,,2026-06-20 03:00:47.000,2026-06-20 03:02:07.000
299,r00,"2026-06-20_00-25-00__validacao_tcc_unifal_r00","4210209",6.1,sucesso,2026-06-20 03:02:19.000,6.8,sucesso,2026-06-20 03:02:42.000,1,1,completo,,2026-06-20 03:01:53.000,2026-06-20 03:02:42.000
300,r00,"2026-06-20_00-25-00__validacao_tcc_unifal_r00","2204352",9.2,sucesso,2026-06-20 03:02:22.000,,sucesso_sem_nota,2026-06-20 03:04:03.000,1,0,parcial,,2026-06-20 03:02:10.000,2026-06-20 03:04:03.000
301,r00,"2026-06-20_00-25-00__validacao_tcc_unifal_r00","3519204",6.3,sucesso,2026-06-20 03:03:16.000,7.1,sucesso,2026-06-20 03:03:40.000,1,1,completo,,2026-06-20 03:02:42.000,2026-06-20 03:03:40.000
302,r00,"2026-06-20_00-25-00__validacao_tcc_unifal_r00","4210308",6.3,sucesso,2026-06-20 03:03:24.000,6.8,sucesso,2026-06-20 03:03:50.000,1,1,completo,,2026-06-20 03:02:47.000,2026-06-20 03:03:50.000
303,r00,"2026-06-20_00-25-00__validacao_tcc_unifal_r00","3519709",5.9,sucesso,2026-06-20 03:08:26.000,5.6,sucesso,2026-06-20 03:09:03.000,1,1,completo,,2026-06-20 03:03:43.000,2026-06-20 03:09:03.000
304,r00,"2026-06-20_00-25-00__validacao_tcc_unifal_r00","4211801",5.8,sucesso,2026-06-20 03:04:27.000,6.1,sucesso,2026-06-20 03:04:49.000,1,1,completo,,2026-06-20 03:03:53.000,2026-06-20 03:04:49.000
305,r00,"2026-06-20_00-25-00__validacao_tcc_unifal_r00","2205250",8.8,sucesso,2026-06-20 03:04:23.000,8.1,sucesso,2026-06-20 03:04:46.000,1,1,completo,,2026-06-20 03:04:07.000,2026-06-20 03:04:46.000
306,r00,"2026-06-20_00-25-00__validacao_tcc_unifal_r00","2205359",6.7,sucesso,2026-06-20 03:08:50.000,6.8,sucesso,2026-06-20 03:09:16.000,1,1,completo,,2026-06-20 03:04:49.000,2026-06-20 03:09:16.000
307,r00,"2026-06-20_00-25-00__validacao_tcc_unifal_r00","4212700",6.1,sucesso,2026-06-20 03:05:24.000,6.5,sucesso,2026-06-20 03:05:46.000,1,1,completo,,2026-06-20 03:04:54.000,2026-06-20 03:05:46.000
308,r00,"2026-06-20_00-25-00__validacao_tcc_unifal_r00","4213302",5.9,sucesso,2026-06-20 03:06:12.000,6.2,sucesso,2026-06-20 03:06:30.000,1,1,completo,,2026-06-20 03:05:49.000,2026-06-20 03:06:30.000
309,r00,"2026-06-20_00-25-00__validacao_tcc_unifal_r00","4214805",6.7,sucesso,2026-06-20 03:07:07.000,6.7,sucesso,2026-06-20 03:07:30.000,1,1,completo,,2026-06-20 03:06:34.000,2026-06-20 03:07:30.000
310,r00,"2026-06-20_00-25-00__validacao_tcc_unifal_r00","4215455",5.9,sucesso,2026-06-20 03:08:26.000,6.2,sucesso,2026-06-20 03:08:48.000,1,1,completo,,2026-06-20 03:07:33.000,2026-06-20 03:08:48.000
311,r00,"2026-06-20_00-25-00__validacao_tcc_unifal_r00","4218855",5.9,sucesso,2026-06-20 03:09:17.000,6.3,sucesso,2026-06-20 03:09:47.000,1,1,completo,,2026-06-20 03:08:51.000,2026-06-20 03:09:47.000
312,r00,"2026-06-20_00-25-00__validacao_tcc_unifal_r00","3519808",9.2,sucesso,2026-06-20 03:09:18.000,8.2,sucesso,2026-06-20 03:09:45.000,1,1,completo,,2026-06-20 03:09:07.000,2026-06-20 03:09:45.000
313,r00,"2026-06-20_00-25-00__validacao_tcc_unifal_r00","2206407",9.2,sucesso,2026-06-20 03:09:33.000,7.0,sucesso,2026-06-20 03:10:06.000,1,1,completo,,2026-06-20 03:09:20.000,2026-06-20 03:10:06.000
314,r00,"2026-06-20_00-25-00__validacao_tcc_unifal_r00","3520004",7.0,sucesso,2026-06-20 03:10:23.000,6.9,sucesso,2026-06-20 03:10:41.000,1,1,completo,,2026-06-20 03:09:48.000,2026-06-20 03:10:41.000
315,r00,"2026-06-20_00-25-00__validacao_tcc_unifal_r00","2207850",6.3,sucesso,2026-06-20 03:10:40.000,6.3,sucesso,2026-06-20 03:11:04.000,1,1,completo,,2026-06-20 03:10:09.000,2026-06-20 03:11:04.000
316,r00,"2026-06-20_00-25-00__validacao_tcc_unifal_r00","3520426",9.2,sucesso,2026-06-20 03:10:55.000,6.5,sucesso,2026-06-20 03:11:18.000,1,1,completo,,2026-06-20 03:10:44.000,2026-06-20 03:11:18.000
317,r00,"2026-06-20_00-25-00__validacao_tcc_unifal_r00","2209971",6.6,sucesso,2026-06-20 03:11:37.000,6.4,sucesso,2026-06-20 03:12:05.000,1,1,completo,,2026-06-20 03:11:07.000,2026-06-20 03:12:05.000
318,r00,"2026-06-20_00-25-00__validacao_tcc_unifal_r00","3520905",9.4,sucesso,2026-06-20 03:11:58.000,9.8,sucesso,2026-06-20 03:12:32.000,1,1,completo,,2026-06-20 03:11:21.000,2026-06-20 03:12:32.000
319,r00,"2026-06-20_00-25-00__validacao_tcc_unifal_r00","2210375",6.6,sucesso,2026-06-20 03:12:43.000,6.5,sucesso,2026-06-20 03:13:06.000,1,1,completo,,2026-06-20 03:12:08.000,2026-06-20 03:13:06.000
320,r00,"2026-06-20_00-25-00__validacao_tcc_unifal_r00","3521606",9.2,sucesso,2026-06-20 03:12:47.000,6.7,sucesso,2026-06-20 03:13:26.000,1,1,completo,,2026-06-20 03:12:35.000,2026-06-20 03:13:26.000
321,r00,"2026-06-20_00-25-00__validacao_tcc_unifal_r00","2210607",6.8,sucesso,2026-06-20 03:13:32.000,7.1,sucesso,2026-06-20 03:13:57.000,1,1,completo,,2026-06-20 03:13:09.000,2026-06-20 03:13:57.000
322,r00,"2026-06-20_00-25-00__validacao_tcc_unifal_r00","3524600",6.1,sucesso,2026-06-20 03:14:19.000,7.2,sucesso,2026-06-20 03:14:43.000,1,1,completo,,2026-06-20 03:13:29.000,2026-06-20 03:14:43.000
323,r00,"2026-06-20_00-25-00__validacao_tcc_unifal_r00","2210656",6.8,sucesso,2026-06-20 03:14:26.000,6.8,sucesso,2026-06-20 03:14:46.000,1,1,completo,,2026-06-20 03:14:02.000,2026-06-20 03:14:46.000
324,r00,"2026-06-20_00-25-00__validacao_tcc_unifal_r00","3524808",9.2,sucesso,2026-06-20 03:18:18.000,6.8,sucesso,2026-06-20 03:18:52.000,1,1,completo,,2026-06-20 03:14:46.000,2026-06-20 03:18:52.000
325,r00,"2026-06-20_00-25-00__validacao_tcc_unifal_r00","2210904",7.6,sucesso,2026-06-20 03:15:18.000,7.3,sucesso,2026-06-20 03:15:43.000,1,1,completo,,2026-06-20 03:14:50.000,2026-06-20 03:15:43.000
326,r00,"2026-06-20_00-25-00__validacao_tcc_unifal_r00","2211704",6.6,sucesso,2026-06-20 03:19:31.000,6.4,sucesso,2026-06-20 03:19:55.000,1,1,completo,,2026-06-20 03:15:46.000,2026-06-20 03:19:55.000
327,r00,"2026-06-20_00-25-00__validacao_tcc_unifal_r00","3524907",9.2,sucesso,2026-06-20 03:19:07.000,5.9,sucesso,2026-06-20 03:19:41.000,1,1,completo,,2026-06-20 03:18:56.000,2026-06-20 03:19:41.000
328,r00,"2026-06-20_00-25-00__validacao_tcc_unifal_r00","3530904",6.4,sucesso,2026-06-20 03:20:12.000,6.5,sucesso,2026-06-20 03:20:29.000,1,1,completo,,2026-06-20 03:19:45.000,2026-06-20 03:20:29.000
329,r00,"2026-06-20_00-25-00__validacao_tcc_unifal_r00","2401453",,falha_de_carregamento,2026-06-20 03:29:56.000,,sucesso_sem_nota,2026-06-20 03:31:08.000,0,0,falha_total,,2026-06-20 03:19:59.000,2026-06-20 03:31:08.000
330,r00,"2026-06-20_00-25-00__validacao_tcc_unifal_r00","3532900",9.7,sucesso,2026-06-20 03:21:16.000,10.0,sucesso,2026-06-20 03:21:44.000,1,1,completo,,2026-06-20 03:20:32.000,2026-06-20 03:21:44.000
331,r00,"2026-06-20_00-25-00__validacao_tcc_unifal_r00","3534104",9.0,sucesso,2026-06-20 03:22:26.000,9.4,sucesso,2026-06-20 03:22:48.000,1,1,completo,,2026-06-20 03:21:47.000,2026-06-20 03:22:48.000
332,r00,"2026-06-20_00-25-00__validacao_tcc_unifal_r00","3538105",6.9,sucesso,2026-06-20 03:23:19.000,7.4,sucesso,2026-06-20 03:23:43.000,1,1,completo,,2026-06-20 03:22:52.000,2026-06-20 03:23:43.000
333,r00,"2026-06-20_00-25-00__validacao_tcc_unifal_r00","3539608",9.2,sucesso,2026-06-20 03:23:57.000,6.8,sucesso,2026-06-20 03:24:21.000,1,1,completo,,2026-06-20 03:23:46.000,2026-06-20 03:24:21.000
334,r00,"2026-06-20_00-25-00__validacao_tcc_unifal_r00","3539707",4.2,sucesso,2026-06-20 03:25:13.000,5.1,sucesso,2026-06-20 03:25:38.000,1,1,completo,,2026-06-20 03:24:24.000,2026-06-20 03:25:38.000
335,r00,"2026-06-20_00-25-00__validacao_tcc_unifal_r00","3539806",9.2,sucesso,2026-06-20 03:32:48.000,7.6,sucesso,2026-06-20 03:33:11.000,1,1,completo,,2026-06-20 03:25:41.000,2026-06-20 03:33:11.000
336,r00,"2026-06-20_00-25-00__validacao_tcc_unifal_r00","2404408",6.9,sucesso,2026-06-20 03:31:37.000,6.9,sucesso,2026-06-20 03:32:00.000,1,1,completo,,2026-06-20 03:31:11.000,2026-06-20 03:32:00.000
337,r00,"2026-06-20_00-25-00__validacao_tcc_unifal_r00","2405108",5.9,sucesso,2026-06-20 03:32:32.000,6.6,sucesso,2026-06-20 03:32:55.000,1,1,completo,,2026-06-20 03:32:03.000,2026-06-20 03:32:55.000
338,r00,"2026-06-20_00-25-00__validacao_tcc_unifal_r00","2406809",8.1,sucesso,2026-06-20 03:33:23.000,8.2,sucesso,2026-06-20 03:33:55.000,1,1,completo,,2026-06-20 03:32:58.000,2026-06-20 03:33:55.000
339,r00,"2026-06-20_00-25-00__validacao_tcc_unifal_r00","3540101",7.3,sucesso,2026-06-20 03:33:46.000,8.0,sucesso,2026-06-20 03:34:05.000,1,1,completo,,2026-06-20 03:33:15.000,2026-06-20 03:34:05.000
340,r00,"2026-06-20_00-25-00__validacao_tcc_unifal_r00","2407104",9.2,sucesso,2026-06-20 03:34:10.000,7.9,sucesso,2026-06-20 03:34:30.000,1,1,completo,,2026-06-20 03:33:59.000,2026-06-20 03:34:30.000
341,r00,"2026-06-20_00-25-00__validacao_tcc_unifal_r00","3540853",6.4,sucesso,2026-06-20 03:34:57.000,7.5,sucesso,2026-06-20 03:35:19.000,1,1,completo,,2026-06-20 03:34:08.000,2026-06-20 03:35:19.000
342,r00,"2026-06-20_00-25-00__validacao_tcc_unifal_r00","2407252",6.3,sucesso,2026-06-20 03:35:03.000,6.5,sucesso,2026-06-20 03:35:25.000,1,1,completo,,2026-06-20 03:34:33.000,2026-06-20 03:35:25.000
343,r00,"2026-06-20_00-25-00__validacao_tcc_unifal_r00","3544103",7.4,sucesso,2026-06-20 03:35:45.000,7.4,sucesso,2026-06-20 03:36:09.000,1,1,completo,,2026-06-20 03:35:22.000,2026-06-20 03:36:09.000
344,r00,"2026-06-20_00-25-00__validacao_tcc_unifal_r00","2407401",6.0,sucesso,2026-06-20 03:36:27.000,7.0,sucesso,2026-06-20 03:36:52.000,1,1,completo,,2026-06-20 03:35:29.000,2026-06-20 03:36:52.000
345,r00,"2026-06-20_00-25-00__validacao_tcc_unifal_r00","3544509",9.2,sucesso,2026-06-20 03:36:25.000,6.1,sucesso,2026-06-20 03:36:50.000,1,1,completo,,2026-06-20 03:36:14.000,2026-06-20 03:36:51.000
346,r00,"2026-06-20_00-25-00__validacao_tcc_unifal_r00","3549953",6.4,sucesso,2026-06-20 03:37:10.000,6.5,sucesso,2026-06-20 03:37:29.000,1,1,completo,,2026-06-20 03:36:54.000,2026-06-20 03:37:29.000
347,r00,"2026-06-20_00-25-00__validacao_tcc_unifal_r00","2407500",5.9,sucesso,2026-06-20 03:37:12.000,5.9,sucesso,2026-06-20 03:37:29.000,1,1,completo,,2026-06-20 03:36:55.000,2026-06-20 03:37:29.000
348,r00,"2026-06-20_00-25-00__validacao_tcc_unifal_r00","2411007",6.3,sucesso,2026-06-20 03:38:06.000,6.5,sucesso,2026-06-20 03:38:28.000,1,1,completo,,2026-06-20 03:37:33.000,2026-06-20 03:38:28.000
349,r00,"2026-06-20_00-25-00__validacao_tcc_unifal_r00","3550001",9.2,sucesso,2026-06-20 03:37:48.000,6.9,sucesso,2026-06-20 03:38:18.000,1,1,completo,,2026-06-20 03:37:33.000,2026-06-20 03:38:18.000
350,r00,"2026-06-20_00-25-00__validacao_tcc_unifal_r00","3550506",9.2,sucesso,2026-06-20 03:41:53.000,8.6,sucesso,2026-06-20 03:42:17.000,1,1,completo,,2026-06-20 03:38:21.000,2026-06-20 03:42:17.000
351,r00,"2026-06-20_00-25-00__validacao_tcc_unifal_r00","2410306",6.3,sucesso,2026-06-20 03:39:02.000,6.6,sucesso,2026-06-20 03:39:25.000,1,1,completo,,2026-06-20 03:38:31.000,2026-06-20 03:39:25.000
352,r00,"2026-06-20_00-25-00__validacao_tcc_unifal_r00","2413904",5.6,sucesso,2026-06-20 03:39:44.000,6.0,sucesso,2026-06-20 03:40:08.000,1,1,completo,,2026-06-20 03:39:28.000,2026-06-20 03:40:08.000
353,r00,"2026-06-20_00-25-00__validacao_tcc_unifal_r00","2414902",4.2,sucesso,2026-06-20 03:41:00.000,4.9,sucesso,2026-06-20 03:41:26.000,1,1,completo,,2026-06-20 03:40:11.000,2026-06-20 03:41:26.000
354,r00,"2026-06-20_00-25-00__validacao_tcc_unifal_r00","2805703",5.7,sucesso,2026-06-20 03:43:30.000,5.7,sucesso,2026-06-20 03:43:55.000,1,1,completo,,2026-06-20 03:41:29.000,2026-06-20 03:43:55.000
355,r00,"2026-06-20_00-25-00__validacao_tcc_unifal_r00","3550605",9.2,sucesso,2026-06-20 03:42:31.000,7.5,sucesso,2026-06-20 03:42:55.000,1,1,completo,,2026-06-20 03:42:20.000,2026-06-20 03:42:55.000
356,r00,"2026-06-20_00-25-00__validacao_tcc_unifal_r00","3552007",5.9,sucesso,2026-06-20 03:43:23.000,5.9,sucesso,2026-06-20 03:43:46.000,1,1,completo,,2026-06-20 03:42:59.000,2026-06-20 03:43:46.000
357,r00,"2026-06-20_00-25-00__validacao_tcc_unifal_r00","3553401",,falha_de_carregamento,2026-06-20 03:53:52.000,5.9,sucesso,2026-06-20 03:54:10.000,0,1,parcial,,2026-06-20 03:43:49.000,2026-06-20 03:54:10.000
358,r00,"2026-06-20_00-25-00__validacao_tcc_unifal_r00","2805802",5.7,sucesso,2026-06-20 03:44:20.000,5.7,sucesso,2026-06-20 03:44:47.000,1,1,completo,,2026-06-20 03:43:58.000,2026-06-20 03:44:47.000
359,r00,"2026-06-20_00-25-00__validacao_tcc_unifal_r00","2806008",5.4,sucesso,2026-06-20 03:45:12.000,5.5,sucesso,2026-06-20 03:45:36.000,1,1,completo,,2026-06-20 03:44:50.000,2026-06-20 03:45:36.000
360,r00,"2026-06-20_00-25-00__validacao_tcc_unifal_r00","3553906",8.8,sucesso,2026-06-20 03:55:51.000,9.0,sucesso,2026-06-20 03:56:08.000,1,1,completo,,2026-06-20 03:54:14.000,2026-06-20 03:56:08.000
361,r00,"2026-06-20_00-25-00__validacao_tcc_unifal_r00","3554409",8.2,sucesso,2026-06-20 03:56:48.000,7.9,sucesso,2026-06-20 03:57:16.000,1,1,completo,,2026-06-20 03:56:12.000,2026-06-20 03:57:16.000
362,r00,"2026-06-20_00-25-00__validacao_tcc_unifal_r00","3555604",6.2,sucesso,2026-06-20 03:58:02.000,6.6,sucesso,2026-06-20 03:59:26.000,1,1,completo,,2026-06-20 03:57:19.000,2026-06-20 03:59:26.000
363,r01,"2026-06-22_23-12-00__validacao_tcc_unifal_r01","1200179",6.1,sucesso,2026-06-22 23:13:03.000,6.3,sucesso,2026-06-22 23:13:26.000,1,1,completo,,2026-06-22 23:12:14.000,2026-06-22 23:13:26.000
364,r01,"2026-06-22_23-12-00__validacao_tcc_unifal_r01","2700102",5.7,sucesso,2026-06-22 23:12:32.000,,sucesso_sem_nota,2026-06-22 23:13:51.000,1,0,parcial,,2026-06-22 23:12:14.000,2026-06-22 23:13:51.000
365,r01,"2026-06-22_23-12-00__validacao_tcc_unifal_r01","5203939",7.5,sucesso,2026-06-22 23:12:52.000,7.2,sucesso,2026-06-22 23:13:15.000,1,1,completo,,2026-06-22 23:12:14.000,2026-06-22 23:13:15.000
366,r01,"2026-06-22_23-12-00__validacao_tcc_unifal_r01","5204656",7.1,sucesso,2026-06-22 23:14:29.000,6.9,sucesso,2026-06-22 23:14:48.000,1,1,completo,,2026-06-22 23:13:20.000,2026-06-22 23:14:48.000
367,r01,"2026-06-22_23-12-00__validacao_tcc_unifal_r01","1200393",6.1,sucesso,2026-06-22 23:14:13.000,6.3,sucesso,2026-06-22 23:14:38.000,1,1,completo,,2026-06-22 23:13:29.000,2026-06-22 23:14:38.000
368,r01,"2026-06-22_23-12-00__validacao_tcc_unifal_r01","2702207",5.5,sucesso,2026-06-22 23:14:13.000,5.8,sucesso,2026-06-22 23:14:35.000,1,1,completo,,2026-06-22 23:13:55.000,2026-06-22 23:14:35.000
369,r01,"2026-06-22_23-12-00__validacao_tcc_unifal_r01","2702900",6.7,sucesso,2026-06-22 23:15:15.000,6.8,sucesso,2026-06-22 23:15:41.000,1,1,completo,,2026-06-22 23:14:38.000,2026-06-22 23:15:41.000
370,r01,"2026-06-22_23-12-00__validacao_tcc_unifal_r01","1600303",9.2,sucesso,2026-06-22 23:14:55.000,,sucesso_sem_nota,2026-06-22 23:16:27.000,1,0,parcial,,2026-06-22 23:14:43.000,2026-06-22 23:16:27.000
371,r01,"2026-06-22_23-12-00__validacao_tcc_unifal_r01","5205802",7.4,sucesso,2026-06-22 23:15:21.000,7.4,sucesso,2026-06-22 23:15:39.000,1,1,completo,,2026-06-22 23:14:52.000,2026-06-22 23:15:39.000
372,r01,"2026-06-22_23-12-00__validacao_tcc_unifal_r01","5206602",7.0,sucesso,2026-06-22 23:16:24.000,6.9,sucesso,2026-06-22 23:16:50.000,1,1,completo,,2026-06-22 23:15:43.000,2026-06-22 23:16:50.000
373,r01,"2026-06-22_23-12-00__validacao_tcc_unifal_r01","2703304",6.4,sucesso,2026-06-22 23:16:18.000,6.0,sucesso,2026-06-22 23:16:41.000,1,1,completo,,2026-06-22 23:15:44.000,2026-06-22 23:16:41.000
374,r01,"2026-06-22_23-12-00__validacao_tcc_unifal_r01","1600550",6.5,sucesso,2026-06-22 23:17:02.000,6.8,sucesso,2026-06-22 23:17:27.000,1,1,completo,,2026-06-22 23:16:31.000,2026-06-22 23:17:27.000
375,r01,"2026-06-22_23-12-00__validacao_tcc_unifal_r01","2706422",5.8,sucesso,2026-06-22 23:17:13.000,5.7,sucesso,2026-06-22 23:17:35.000,1,1,completo,,2026-06-22 23:16:44.000,2026-06-22 23:17:35.000
376,r01,"2026-06-22_23-12-00__validacao_tcc_unifal_r01","5207253",7.7,sucesso,2026-06-22 23:17:35.000,7.8,sucesso,2026-06-22 23:17:55.000,1,1,completo,,2026-06-22 23:16:54.000,2026-06-22 23:17:55.000
377,r01,"2026-06-22_23-12-00__validacao_tcc_unifal_r01","1600709",5.9,sucesso,2026-06-22 23:18:29.000,6.6,sucesso,2026-06-22 23:18:52.000,1,1,completo,,2026-06-22 23:17:30.000,2026-06-22 23:18:52.000
378,r01,"2026-06-22_23-12-00__validacao_tcc_unifal_r01","2708808",5.2,sucesso,2026-06-22 23:18:29.000,5.3,sucesso,2026-06-22 23:18:50.000,1,1,completo,,2026-06-22 23:17:40.000,2026-06-22 23:18:50.000
379,r01,"2026-06-22_23-12-00__validacao_tcc_unifal_r01","5208806",7.0,sucesso,2026-06-22 23:18:29.000,7.2,sucesso,2026-06-22 23:18:50.000,1,1,completo,,2026-06-22 23:17:59.000,2026-06-22 23:18:50.000
380,r01,"2026-06-22_23-12-00__validacao_tcc_unifal_r01","5209457",7.3,sucesso,2026-06-22 23:19:28.000,7.2,sucesso,2026-06-22 23:19:47.000,1,1,completo,,2026-06-22 23:18:54.000,2026-06-22 23:19:47.000
381,r01,"2026-06-22_23-12-00__validacao_tcc_unifal_r01","2900603",5.9,sucesso,2026-06-22 23:19:16.000,6.1,sucesso,2026-06-22 23:19:37.000,1,1,completo,,2026-06-22 23:18:54.000,2026-06-22 23:19:37.000
382,r01,"2026-06-22_23-12-00__validacao_tcc_unifal_r01","1300508",9.2,sucesso,2026-06-22 23:19:28.000,7.6,sucesso,2026-06-22 23:19:53.000,1,1,completo,,2026-06-22 23:18:56.000,2026-06-22 23:19:53.000
383,r01,"2026-06-22_23-12-00__validacao_tcc_unifal_r01","2901106",7.9,sucesso,2026-06-22 23:19:58.000,8.2,sucesso,2026-06-22 23:20:16.000,1,1,completo,,2026-06-22 23:19:42.000,2026-06-22 23:20:16.000
384,r01,"2026-06-22_23-12-00__validacao_tcc_unifal_r01","5210802",6.3,sucesso,2026-06-22 23:20:26.000,6.2,sucesso,2026-06-22 23:20:45.000,1,1,completo,,2026-06-22 23:19:51.000,2026-06-22 23:20:45.000
385,r01,"2026-06-22_23-12-00__validacao_tcc_unifal_r01","1300706",9.2,sucesso,2026-06-22 23:23:29.000,9.7,sucesso,2026-06-22 23:23:49.000,1,1,completo,,2026-06-22 23:19:58.000,2026-06-22 23:23:49.000
386,r01,"2026-06-22_23-12-00__validacao_tcc_unifal_r01","2902500",5.3,sucesso,2026-06-22 23:20:37.000,6.3,sucesso,2026-06-22 23:20:53.000,1,1,completo,,2026-06-22 23:20:20.000,2026-06-22 23:20:53.000
387,r01,"2026-06-22_23-12-00__validacao_tcc_unifal_r01","5211800",7.0,sucesso,2026-06-22 23:21:15.000,7.1,sucesso,2026-06-22 23:21:37.000,1,1,completo,,2026-06-22 23:20:49.000,2026-06-22 23:21:37.000
388,r01,"2026-06-22_23-12-00__validacao_tcc_unifal_r01","2903201",6.2,sucesso,2026-06-22 23:21:19.000,6.6,sucesso,2026-06-22 23:21:41.000,1,1,completo,,2026-06-22 23:20:57.000,2026-06-22 23:21:41.000
389,r01,"2026-06-22_23-12-00__validacao_tcc_unifal_r01","5213806",7.6,sucesso,2026-06-22 23:22:20.000,7.3,sucesso,2026-06-22 23:22:38.000,1,1,completo,,2026-06-22 23:21:40.000,2026-06-22 23:22:38.000
390,r01,"2026-06-22_23-12-00__validacao_tcc_unifal_r01","2911303",7.7,sucesso,2026-06-22 23:22:14.000,7.9,sucesso,2026-06-22 23:22:39.000,1,1,completo,,2026-06-22 23:21:46.000,2026-06-22 23:22:39.000
391,r01,"2026-06-22_23-12-00__validacao_tcc_unifal_r01","5213905",7.6,sucesso,2026-06-22 23:23:15.000,7.5,sucesso,2026-06-22 23:23:35.000,1,1,completo,,2026-06-22 23:22:42.000,2026-06-22 23:23:35.000
392,r01,"2026-06-22_23-12-00__validacao_tcc_unifal_r01","2911402",8.0,sucesso,2026-06-22 23:23:06.000,8.3,sucesso,2026-06-22 23:23:29.000,1,1,completo,,2026-06-22 23:22:42.000,2026-06-22 23:23:29.000
393,r01,"2026-06-22_23-12-00__validacao_tcc_unifal_r01","2912103",5.3,sucesso,2026-06-22 23:23:58.000,5.4,sucesso,2026-06-22 23:24:36.000,1,1,completo,,2026-06-22 23:23:32.000,2026-06-22 23:24:36.000
394,r01,"2026-06-22_23-12-00__validacao_tcc_unifal_r01","5214838",6.9,sucesso,2026-06-22 23:24:30.000,6.8,sucesso,2026-06-22 23:24:55.000,1,1,completo,,2026-06-22 23:23:40.000,2026-06-22 23:24:55.000
395,r01,"2026-06-22_23-12-00__validacao_tcc_unifal_r01","1300839",7.6,sucesso,2026-06-22 23:24:30.000,7.8,sucesso,2026-06-22 23:24:49.000,1,1,completo,,2026-06-22 23:23:54.000,2026-06-22 23:24:49.000
396,r01,"2026-06-22_23-12-00__validacao_tcc_unifal_r01","2913705",5.0,sucesso,2026-06-22 23:25:11.000,5.7,sucesso,2026-06-22 23:25:39.000,1,1,completo,,2026-06-22 23:24:39.000,2026-06-22 23:25:39.000
397,r01,"2026-06-22_23-12-00__validacao_tcc_unifal_r01","1301209",6.3,sucesso,2026-06-22 23:25:47.000,6.6,sucesso,2026-06-22 23:26:15.000,1,1,completo,,2026-06-22 23:24:52.000,2026-06-22 23:26:15.000
398,r01,"2026-06-22_23-12-00__validacao_tcc_unifal_r01","5214861",7.1,sucesso,2026-06-22 23:29:01.000,7.2,sucesso,2026-06-22 23:29:20.000,1,1,completo,,2026-06-22 23:25:00.000,2026-06-22 23:29:20.000
399,r01,"2026-06-22_23-12-00__validacao_tcc_unifal_r01","2915007",,falha_de_carregamento,2026-06-22 23:35:46.000,,sucesso_sem_nota,2026-06-22 23:36:52.000,0,0,falha_total,,2026-06-22 23:25:42.000,2026-06-22 23:36:52.000
400,r01,"2026-06-22_23-12-00__validacao_tcc_unifal_r01","1303403",9.2,sucesso,2026-06-22 23:33:29.000,,sucesso_sem_nota,2026-06-22 23:34:42.000,1,0,parcial,,2026-06-22 23:26:18.000,2026-06-22 23:34:42.000
401,r01,"2026-06-22_23-12-00__validacao_tcc_unifal_r01","5216908",7.4,sucesso,2026-06-22 23:33:16.000,7.2,sucesso,2026-06-22 23:33:35.000,1,1,completo,,2026-06-22 23:29:24.000,2026-06-22 23:33:35.000
402,r01,"2026-06-22_23-12-00__validacao_tcc_unifal_r01","5220454",6.7,sucesso,2026-06-22 23:34:51.000,6.9,sucesso,2026-06-22 23:35:14.000,1,1,completo,,2026-06-22 23:33:38.000,2026-06-22 23:35:14.000
403,r01,"2026-06-22_23-12-00__validacao_tcc_unifal_r01","1500107",,falha_de_carregamento,2026-06-22 23:44:56.000,6.0,sucesso,2026-06-22 23:45:21.000,0,1,parcial,,2026-06-22 23:34:45.000,2026-06-22 23:45:21.000
404,r01,"2026-06-22_23-12-00__validacao_tcc_unifal_r01","5100102",,falha_de_carregamento,2026-06-22 23:45:19.000,6.3,sucesso,2026-06-22 23:45:38.000,0,1,parcial,,2026-06-22 23:35:17.000,2026-06-22 23:45:38.000
405,r01,"2026-06-22_23-12-00__validacao_tcc_unifal_r01","2915106",9.2,sucesso,2026-06-22 23:37:09.000,7.3,sucesso,2026-06-22 23:37:32.000,1,1,completo,,2026-06-22 23:36:56.000,2026-06-22 23:37:32.000
406,r01,"2026-06-22_23-12-00__validacao_tcc_unifal_r01","2918357",6.6,sucesso,2026-06-22 23:38:01.000,7.7,sucesso,2026-06-22 23:38:27.000,1,1,completo,,2026-06-22 23:37:34.000,2026-06-22 23:38:28.000
407,r01,"2026-06-22_23-12-00__validacao_tcc_unifal_r01","2918555",5.4,sucesso,2026-06-22 23:42:12.000,5.5,sucesso,2026-06-22 23:42:36.000,1,1,completo,,2026-06-22 23:38:31.000,2026-06-22 23:42:36.000
408,r01,"2026-06-22_23-12-00__validacao_tcc_unifal_r01","2918803",4.5,sucesso,2026-06-22 23:47:28.000,5.5,sucesso,2026-06-22 23:47:57.000,1,1,completo,,2026-06-22 23:42:39.000,2026-06-22 23:47:57.000
409,r01,"2026-06-22_23-12-00__validacao_tcc_unifal_r01","1500958",6.2,sucesso,2026-06-22 23:48:21.000,6.4,sucesso,2026-06-22 23:48:41.000,1,1,completo,,2026-06-22 23:45:25.000,2026-06-22 23:48:41.000
410,r01,"2026-06-22_23-12-00__validacao_tcc_unifal_r01","5101902",5.1,sucesso,2026-06-22 23:46:11.000,5.2,sucesso,2026-06-22 23:46:36.000,1,1,completo,,2026-06-22 23:45:41.000,2026-06-22 23:46:36.000
411,r01,"2026-06-22_23-12-00__validacao_tcc_unifal_r01","5102504",6.6,sucesso,2026-06-22 23:47:15.000,7.2,sucesso,2026-06-22 23:47:40.000,1,1,completo,,2026-06-22 23:46:40.000,2026-06-22 23:47:40.000
412,r01,"2026-06-22_23-12-00__validacao_tcc_unifal_r01","5103437",9.2,sucesso,2026-06-22 23:47:53.000,8.1,sucesso,2026-06-22 23:48:16.000,1,1,completo,,2026-06-22 23:47:43.000,2026-06-22 23:48:16.000
413,r01,"2026-06-22_23-12-00__validacao_tcc_unifal_r01","2919058",5.4,sucesso,2026-06-22 23:48:21.000,5.5,sucesso,2026-06-22 23:48:46.000,1,1,completo,,2026-06-22 23:48:00.000,2026-06-22 23:48:46.000
414,r01,"2026-06-22_23-12-00__validacao_tcc_unifal_r01","5104807",7.7,sucesso,2026-06-22 23:48:43.000,7.4,sucesso,2026-06-22 23:49:08.000,1,1,completo,,2026-06-22 23:48:20.000,2026-06-22 23:49:08.000
415,r01,"2026-06-22_23-12-00__validacao_tcc_unifal_r01","1502707",9.2,sucesso,2026-06-22 23:48:58.000,6.1,sucesso,2026-06-22 23:49:24.000,1,1,completo,,2026-06-22 23:48:44.000,2026-06-22 23:49:24.000
416,r01,"2026-06-22_23-12-00__validacao_tcc_unifal_r01","2921302",5.4,sucesso,2026-06-22 23:49:12.000,5.5,sucesso,2026-06-22 23:49:35.000,1,1,completo,,2026-06-22 23:48:50.000,2026-06-22 23:49:35.000
417,r01,"2026-06-22_23-12-00__validacao_tcc_unifal_r01","5105580",4.4,sucesso,2026-06-22 23:49:30.000,5.4,sucesso,2026-06-22 23:49:53.000,1,1,completo,,2026-06-22 23:49:11.000,2026-06-22 23:49:53.000
418,r01,"2026-06-22_23-12-00__validacao_tcc_unifal_r01","1502939",6.2,sucesso,2026-06-22 23:50:00.000,6.2,sucesso,2026-06-22 23:50:25.000,1,1,completo,,2026-06-22 23:49:27.000,2026-06-22 23:50:25.000
419,r01,"2026-06-22_23-12-00__validacao_tcc_unifal_r01","2922607",5.6,sucesso,2026-06-22 23:49:58.000,5.8,sucesso,2026-06-22 23:50:19.000,1,1,completo,,2026-06-22 23:49:38.000,2026-06-22 23:50:19.000
420,r01,"2026-06-22_23-12-00__validacao_tcc_unifal_r01","5106828",7.8,sucesso,2026-06-22 23:50:26.000,7.8,sucesso,2026-06-22 23:50:47.000,1,1,completo,,2026-06-22 23:49:56.000,2026-06-22 23:50:47.000
421,r01,"2026-06-22_23-12-00__validacao_tcc_unifal_r01","2923209",5.2,sucesso,2026-06-22 23:50:40.000,5.6,sucesso,2026-06-22 23:51:03.000,1,1,completo,,2026-06-22 23:50:22.000,2026-06-22 23:51:03.000
422,r01,"2026-06-22_23-12-00__validacao_tcc_unifal_r01","1504422",9.2,sucesso,2026-06-22 23:50:46.000,7.1,sucesso,2026-06-22 23:51:15.000,1,1,completo,,2026-06-22 23:50:30.000,2026-06-22 23:51:15.000
423,r01,"2026-06-22_23-12-00__validacao_tcc_unifal_r01","5107107",6.3,sucesso,2026-06-22 23:51:14.000,6.2,sucesso,2026-06-22 23:51:30.000,1,1,completo,,2026-06-22 23:50:50.000,2026-06-22 23:51:30.000
424,r01,"2026-06-22_23-12-00__validacao_tcc_unifal_r01","2923704",8.2,sucesso,2026-06-22 23:51:22.000,8.6,sucesso,2026-06-22 23:51:41.000,1,1,completo,,2026-06-22 23:51:08.000,2026-06-22 23:51:41.000
425,r01,"2026-06-22_23-12-00__validacao_tcc_unifal_r01","1505494",6.5,sucesso,2026-06-22 23:51:41.000,6.6,sucesso,2026-06-22 23:52:09.000,1,1,completo,,2026-06-22 23:51:18.000,2026-06-22 23:52:09.000
426,r01,"2026-06-22_23-12-00__validacao_tcc_unifal_r01","5107909",9.2,sucesso,2026-06-22 23:51:46.000,9.2,sucesso,2026-06-22 23:52:07.000,1,1,completo,,2026-06-22 23:51:33.000,2026-06-22 23:52:07.000
427,r01,"2026-06-22_23-12-00__validacao_tcc_unifal_r01","2923803",5.4,sucesso,2026-06-22 23:52:07.000,5.5,sucesso,2026-06-22 23:52:27.000,1,1,completo,,2026-06-22 23:51:45.000,2026-06-22 23:52:27.000
428,r01,"2026-06-22_23-12-00__validacao_tcc_unifal_r01","5108402",6.7,sucesso,2026-06-22 23:52:39.000,7.0,sucesso,2026-06-22 23:53:05.000,1,1,completo,,2026-06-22 23:52:10.000,2026-06-22 23:53:05.000
429,r01,"2026-06-22_23-12-00__validacao_tcc_unifal_r01","1100015",7.0,sucesso,2026-06-22 23:52:50.000,7.2,sucesso,2026-06-22 23:53:22.000,1,1,completo,,2026-06-22 23:52:12.000,2026-06-22 23:53:22.000
430,r01,"2026-06-22_23-12-00__validacao_tcc_unifal_r01","2924603",6.5,sucesso,2026-06-22 23:52:48.000,6.8,sucesso,2026-06-22 23:53:04.000,1,1,completo,,2026-06-22 23:52:31.000,2026-06-22 23:53:04.000
431,r01,"2026-06-22_23-12-00__validacao_tcc_unifal_r01","2926202",5.1,sucesso,2026-06-22 23:53:31.000,6.1,sucesso,2026-06-22 23:53:49.000,1,1,completo,,2026-06-22 23:53:08.000,2026-06-22 23:53:49.000
432,r01,"2026-06-22_23-12-00__validacao_tcc_unifal_r01","5001904",7.5,sucesso,2026-06-22 23:53:52.000,7.4,sucesso,2026-06-22 23:54:18.000,1,1,completo,,2026-06-22 23:53:08.000,2026-06-22 23:54:18.000
433,r01,"2026-06-22_23-12-00__validacao_tcc_unifal_r01","1100700",9.2,sucesso,2026-06-22 23:53:38.000,7.9,sucesso,2026-06-22 23:54:02.000,1,1,completo,,2026-06-22 23:53:25.000,2026-06-22 23:54:02.000
434,r01,"2026-06-22_23-12-00__validacao_tcc_unifal_r01","2926806",6.1,sucesso,2026-06-22 23:54:10.000,6.3,sucesso,2026-06-22 23:54:32.000,1,1,completo,,2026-06-22 23:53:52.000,2026-06-22 23:54:32.000
435,r01,"2026-06-22_23-12-00__validacao_tcc_unifal_r01","1100908",6.1,sucesso,2026-06-22 23:54:31.000,6.4,sucesso,2026-06-22 23:54:49.000,1,1,completo,,2026-06-22 23:54:06.000,2026-06-22 23:54:49.000
436,r01,"2026-06-22_23-12-00__validacao_tcc_unifal_r01","5002704",6.9,sucesso,2026-06-22 23:55:10.000,7.3,sucesso,2026-06-22 23:55:36.000,1,1,completo,,2026-06-22 23:54:21.000,2026-06-22 23:55:36.000
437,r01,"2026-06-22_23-12-00__validacao_tcc_unifal_r01","2927002",8.0,sucesso,2026-06-22 23:55:10.000,8.7,sucesso,2026-06-22 23:55:33.000,1,1,completo,,2026-06-22 23:54:35.000,2026-06-22 23:55:33.000
438,r01,"2026-06-22_23-12-00__validacao_tcc_unifal_r01","1100080",6.5,sucesso,2026-06-22 23:55:36.000,6.7,sucesso,2026-06-22 23:56:10.000,1,1,completo,,2026-06-22 23:54:53.000,2026-06-22 23:56:10.000
439,r01,"2026-06-22_23-12-00__validacao_tcc_unifal_r01","2928406",7.0,sucesso,2026-06-22 23:56:13.000,7.3,sucesso,2026-06-22 23:56:37.000,1,1,completo,,2026-06-22 23:55:36.000,2026-06-22 23:56:37.000
440,r01,"2026-06-22_23-12-00__validacao_tcc_unifal_r01","5002902",9.2,sucesso,2026-06-22 23:55:53.000,6.8,sucesso,2026-06-22 23:56:15.000,1,1,completo,,2026-06-22 23:55:40.000,2026-06-22 23:56:15.000
441,r01,"2026-06-22_23-12-00__validacao_tcc_unifal_r01","1101807",9.2,sucesso,2026-06-22 23:59:49.000,6.6,sucesso,2026-06-23 00:00:07.000,1,1,completo,,2026-06-22 23:56:14.000,2026-06-23 00:00:07.000
442,r01,"2026-06-22_23-12-00__validacao_tcc_unifal_r01","5003157",7.0,sucesso,2026-06-22 23:56:42.000,7.2,sucesso,2026-06-22 23:56:59.000,1,1,completo,,2026-06-22 23:56:21.000,2026-06-22 23:56:59.000
443,r01,"2026-06-22_23-12-00__validacao_tcc_unifal_r01","2929107",7.6,sucesso,2026-06-23 00:01:59.000,7.1,sucesso,2026-06-23 00:02:22.000,1,1,completo,,2026-06-22 23:56:42.000,2026-06-23 00:02:22.000
444,r01,"2026-06-22_23-12-00__validacao_tcc_unifal_r01","5004106",5.9,sucesso,2026-06-22 23:57:33.000,6.8,sucesso,2026-06-22 23:57:51.000,1,1,completo,,2026-06-22 23:57:02.000,2026-06-22 23:57:51.000
445,r01,"2026-06-22_23-12-00__validacao_tcc_unifal_r01","5007208",9.0,sucesso,2026-06-22 23:58:16.000,8.3,sucesso,2026-06-22 23:58:41.000,1,1,completo,,2026-06-22 23:57:55.000,2026-06-22 23:58:41.000
446,r01,"2026-06-22_23-12-00__validacao_tcc_unifal_r01","3200102",8.9,sucesso,2026-06-22 23:59:08.000,6.8,sucesso,2026-06-22 23:59:32.000,1,1,completo,,2026-06-22 23:58:56.000,2026-06-22 23:59:32.000
447,r01,"2026-06-22_23-12-00__validacao_tcc_unifal_r01","3200409",7.5,sucesso,2026-06-23 00:01:34.000,7.1,sucesso,2026-06-23 00:01:59.000,1,1,completo,,2026-06-22 23:59:35.000,2026-06-23 00:01:59.000
448,r01,"2026-06-22_23-12-00__validacao_tcc_unifal_r01","1400472",5.8,sucesso,2026-06-23 00:02:00.000,5.8,sucesso,2026-06-23 00:02:26.000,1,1,completo,,2026-06-23 00:00:12.000,2026-06-23 00:02:26.000
449,r01,"2026-06-22_23-12-00__validacao_tcc_unifal_r01","3202009",6.5,sucesso,2026-06-23 00:02:43.000,7.5,sucesso,2026-06-23 00:03:11.000,1,1,completo,,2026-06-23 00:02:03.000,2026-06-23 00:03:11.000
450,r01,"2026-06-22_23-12-00__validacao_tcc_unifal_r01","2933000",7.3,sucesso,2026-06-23 00:03:33.000,7.5,sucesso,2026-06-23 00:03:51.000,1,1,completo,,2026-06-23 00:02:26.000,2026-06-23 00:03:51.000
451,r01,"2026-06-22_23-12-00__validacao_tcc_unifal_r01","1702208",5.6,sucesso,2026-06-23 00:03:33.000,6.1,sucesso,2026-06-23 00:03:59.000,1,1,completo,,2026-06-23 00:02:30.000,2026-06-23 00:03:59.000
452,r01,"2026-06-22_23-12-00__validacao_tcc_unifal_r01","3203346",6.3,sucesso,2026-06-23 00:03:38.000,6.3,sucesso,2026-06-23 00:04:02.000,1,1,completo,,2026-06-23 00:03:14.000,2026-06-23 00:04:02.000
453,r01,"2026-06-22_23-12-00__validacao_tcc_unifal_r01","2933208",5.6,sucesso,2026-06-23 00:05:00.000,5.3,sucesso,2026-06-23 00:05:31.000,1,1,completo,,2026-06-23 00:03:55.000,2026-06-23 00:05:31.000
454,r01,"2026-06-22_23-12-00__validacao_tcc_unifal_r01","1703826",7.0,sucesso,2026-06-23 00:06:49.000,7.0,sucesso,2026-06-23 00:07:13.000,1,1,completo,,2026-06-23 00:04:03.000,2026-06-23 00:07:13.000
455,r01,"2026-06-22_23-12-00__validacao_tcc_unifal_r01","3101300",9.2,sucesso,2026-06-23 00:04:22.000,7.4,sucesso,2026-06-23 00:04:41.000,1,1,completo,,2026-06-23 00:04:05.000,2026-06-23 00:04:41.000
456,r01,"2026-06-22_23-12-00__validacao_tcc_unifal_r01","3103603",6.2,sucesso,2026-06-23 00:05:02.000,6.9,sucesso,2026-06-23 00:05:21.000,1,1,completo,,2026-06-23 00:04:44.000,2026-06-23 00:05:21.000
457,r01,"2026-06-22_23-12-00__validacao_tcc_unifal_r01","3103751",8.0,sucesso,2026-06-23 00:05:50.000,7.7,sucesso,2026-06-23 00:06:07.000,1,1,completo,,2026-06-23 00:05:24.000,2026-06-23 00:06:07.000
458,r01,"2026-06-22_23-12-00__validacao_tcc_unifal_r01","2301851",9.2,sucesso,2026-06-23 00:05:47.000,7.0,sucesso,2026-06-23 00:06:10.000,1,1,completo,,2026-06-23 00:05:35.000,2026-06-23 00:06:10.000
459,r01,"2026-06-22_23-12-00__validacao_tcc_unifal_r01","3103801",5.9,sucesso,2026-06-23 00:07:22.000,6.1,sucesso,2026-06-23 00:07:53.000,1,1,completo,,2026-06-23 00:06:11.000,2026-06-23 00:07:53.000
460,r01,"2026-06-22_23-12-00__validacao_tcc_unifal_r01","2303006",6.5,sucesso,2026-06-23 00:06:49.000,6.8,sucesso,2026-06-23 00:07:11.000,1,1,completo,,2026-06-23 00:06:13.000,2026-06-23 00:07:11.000
461,r01,"2026-06-22_23-12-00__validacao_tcc_unifal_r01","2303105",6.3,sucesso,2026-06-23 00:07:48.000,6.6,sucesso,2026-06-23 00:08:12.000,1,1,completo,,2026-06-23 00:07:16.000,2026-06-23 00:08:12.000
462,r01,"2026-06-22_23-12-00__validacao_tcc_unifal_r01","1706258",7.2,sucesso,2026-06-23 00:08:13.000,6.7,sucesso,2026-06-23 00:08:55.000,1,1,completo,,2026-06-23 00:07:16.000,2026-06-23 00:08:55.000
463,r01,"2026-06-22_23-12-00__validacao_tcc_unifal_r01","3107109",9.2,sucesso,2026-06-23 00:15:01.000,5.8,sucesso,2026-06-23 00:15:24.000,1,1,completo,,2026-06-23 00:07:56.000,2026-06-23 00:15:24.000
464,r01,"2026-06-22_23-12-00__validacao_tcc_unifal_r01","2303303",7.1,sucesso,2026-06-23 00:15:42.000,7.3,sucesso,2026-06-23 00:16:07.000,1,1,completo,,2026-06-23 00:08:15.000,2026-06-23 00:16:07.000
465,r01,"2026-06-22_23-12-00__validacao_tcc_unifal_r01","1709302",6.9,sucesso,2026-06-23 00:11:58.000,7.0,sucesso,2026-06-23 00:12:25.000,1,1,completo,,2026-06-23 00:08:58.000,2026-06-23 00:12:25.000
466,r01,"2026-06-22_23-12-00__validacao_tcc_unifal_r01","1710706",6.0,sucesso,2026-06-23 00:16:33.000,6.3,sucesso,2026-06-23 00:16:59.000,1,1,completo,,2026-06-23 00:12:28.000,2026-06-23 00:16:59.000
467,r01,"2026-06-22_23-12-00__validacao_tcc_unifal_r01","3108008",9.2,sucesso,2026-06-23 00:15:42.000,8.3,sucesso,2026-06-23 00:16:03.000,1,1,completo,,2026-06-23 00:15:27.000,2026-06-23 00:16:03.000
468,r01,"2026-06-22_23-12-00__validacao_tcc_unifal_r01","3108701",9.2,sucesso,2026-06-23 00:16:21.000,7.7,sucesso,2026-06-23 00:16:44.000,1,1,completo,,2026-06-23 00:16:06.000,2026-06-23 00:16:44.000
469,r01,"2026-06-22_23-12-00__validacao_tcc_unifal_r01","2303402",6.5,sucesso,2026-06-23 00:16:44.000,6.8,sucesso,2026-06-23 00:17:06.000,1,1,completo,,2026-06-23 00:16:13.000,2026-06-23 00:17:06.000
470,r01,"2026-06-22_23-12-00__validacao_tcc_unifal_r01","3109600",6.3,sucesso,2026-06-23 00:17:21.000,7.4,sucesso,2026-06-23 00:17:47.000,1,1,completo,,2026-06-23 00:16:47.000,2026-06-23 00:17:47.000
471,r01,"2026-06-22_23-12-00__validacao_tcc_unifal_r01","1718808",6.9,sucesso,2026-06-23 00:17:26.000,6.9,sucesso,2026-06-23 00:18:01.000,1,1,completo,,2026-06-23 00:17:02.000,2026-06-23 00:18:01.000
472,r01,"2026-06-22_23-12-00__validacao_tcc_unifal_r01","2303956",6.3,sucesso,2026-06-23 00:17:54.000,6.2,sucesso,2026-06-23 00:18:22.000,1,1,completo,,2026-06-23 00:17:11.000,2026-06-23 00:18:22.000
473,r01,"2026-06-22_23-12-00__validacao_tcc_unifal_r01","3109808",5.6,sucesso,2026-06-23 00:18:15.000,6.0,sucesso,2026-06-23 00:18:41.000,1,1,completo,,2026-06-23 00:17:50.000,2026-06-23 00:18:41.000
474,r01,"2026-06-22_23-12-00__validacao_tcc_unifal_r01","1718881",9.2,sucesso,2026-06-23 00:18:18.000,,sucesso_sem_nota,2026-06-23 00:19:31.000,1,0,parcial,,2026-06-23 00:18:06.000,2026-06-23 00:19:31.000
475,r01,"2026-06-22_23-12-00__validacao_tcc_unifal_r01","2304236",6.1,sucesso,2026-06-23 00:19:16.000,6.0,sucesso,2026-06-23 00:19:40.000,1,1,completo,,2026-06-23 00:18:27.000,2026-06-23 00:19:40.000
476,r01,"2026-06-22_23-12-00__validacao_tcc_unifal_r01","3113008",9.2,sucesso,2026-06-23 00:18:58.000,6.5,sucesso,2026-06-23 00:19:21.000,1,1,completo,,2026-06-23 00:18:44.000,2026-06-23 00:19:21.000
477,r01,"2026-06-22_23-12-00__validacao_tcc_unifal_r01","3115102",9.2,sucesso,2026-06-23 00:19:37.000,7.2,sucesso,2026-06-23 00:19:53.000,1,1,completo,,2026-06-23 00:19:24.000,2026-06-23 00:19:53.000
478,r01,"2026-06-22_23-12-00__validacao_tcc_unifal_r01","1722107",9.2,sucesso,2026-06-23 00:19:48.000,7.1,sucesso,2026-06-23 00:20:07.000,1,1,completo,,2026-06-23 00:19:35.000,2026-06-23 00:20:07.000
479,r01,"2026-06-22_23-12-00__validacao_tcc_unifal_r01","2308708",6.0,sucesso,2026-06-23 00:20:19.000,6.5,sucesso,2026-06-23 00:20:41.000,1,1,completo,,2026-06-23 00:19:45.000,2026-06-23 00:20:41.000
480,r01,"2026-06-22_23-12-00__validacao_tcc_unifal_r01","3115409",9.2,sucesso,2026-06-23 00:20:12.000,9.3,sucesso,2026-06-23 00:20:41.000,1,1,completo,,2026-06-23 00:19:59.000,2026-06-23 00:20:41.000
481,r01,"2026-06-22_23-12-00__validacao_tcc_unifal_r01","2310308",6.3,sucesso,2026-06-23 00:21:16.000,7.0,sucesso,2026-06-23 00:21:39.000,1,1,completo,,2026-06-23 00:20:45.000,2026-06-23 00:21:39.000
482,r01,"2026-06-22_23-12-00__validacao_tcc_unifal_r01","3115607",7.8,sucesso,2026-06-23 00:21:24.000,8.2,sucesso,2026-06-23 00:21:51.000,1,1,completo,,2026-06-23 00:20:45.000,2026-06-23 00:21:51.000
483,r01,"2026-06-22_23-12-00__validacao_tcc_unifal_r01","4101101",6.2,sucesso,2026-06-23 00:21:30.000,6.7,sucesso,2026-06-23 00:21:48.000,1,1,completo,,2026-06-23 00:21:14.000,2026-06-23 00:21:48.000
484,r01,"2026-06-22_23-12-00__validacao_tcc_unifal_r01","2310407",6.3,sucesso,2026-06-23 00:22:36.000,6.6,sucesso,2026-06-23 00:22:57.000,1,1,completo,,2026-06-23 00:21:43.000,2026-06-23 00:22:57.000
485,r01,"2026-06-22_23-12-00__validacao_tcc_unifal_r01","4101655",6.8,sucesso,2026-06-23 00:22:36.000,6.9,sucesso,2026-06-23 00:22:57.000,1,1,completo,,2026-06-23 00:21:52.000,2026-06-23 00:22:57.000
486,r01,"2026-06-22_23-12-00__validacao_tcc_unifal_r01","3115805",6.0,sucesso,2026-06-23 00:22:28.000,6.1,sucesso,2026-06-23 00:22:52.000,1,1,completo,,2026-06-23 00:21:54.000,2026-06-23 00:22:52.000
487,r01,"2026-06-22_23-12-00__validacao_tcc_unifal_r01","3117702",9.2,sucesso,2026-06-23 00:26:31.000,8.1,sucesso,2026-06-23 00:26:50.000,1,1,completo,,2026-06-23 00:22:55.000,2026-06-23 00:26:50.000
488,r01,"2026-06-22_23-12-00__validacao_tcc_unifal_r01","4102901",9.2,sucesso,2026-06-23 00:28:03.000,6.6,sucesso,2026-06-23 00:28:31.000,1,1,completo,,2026-06-23 00:23:02.000,2026-06-23 00:28:31.000
489,r01,"2026-06-22_23-12-00__validacao_tcc_unifal_r01","2312106",6.3,sucesso,2026-06-23 00:26:56.000,6.6,sucesso,2026-06-23 00:27:20.000,1,1,completo,,2026-06-23 00:23:02.000,2026-06-23 00:27:20.000
490,r01,"2026-06-22_23-12-00__validacao_tcc_unifal_r01","3118007",6.0,sucesso,2026-06-23 00:27:16.000,6.1,sucesso,2026-06-23 00:27:42.000,1,1,completo,,2026-06-23 00:26:53.000,2026-06-23 00:27:42.000
491,r01,"2026-06-22_23-12-00__validacao_tcc_unifal_r01","2313252",6.4,sucesso,2026-06-23 00:27:47.000,6.6,sucesso,2026-06-23 00:28:12.000,1,1,completo,,2026-06-23 00:27:24.000,2026-06-23 00:28:12.000
492,r01,"2026-06-22_23-12-00__validacao_tcc_unifal_r01","3118601",8.4,sucesso,2026-06-23 00:28:53.000,8.9,sucesso,2026-06-23 00:29:25.000,1,1,completo,,2026-06-23 00:27:45.000,2026-06-23 00:29:25.000
493,r01,"2026-06-22_23-12-00__validacao_tcc_unifal_r01","2313955",6.2,sucesso,2026-06-23 00:28:53.000,6.5,sucesso,2026-06-23 00:29:14.000,1,1,completo,,2026-06-23 00:28:15.000,2026-06-23 00:29:14.000
494,r01,"2026-06-22_23-12-00__validacao_tcc_unifal_r01","4103107",6.1,sucesso,2026-06-23 00:29:06.000,6.6,sucesso,2026-06-23 00:29:31.000,1,1,completo,,2026-06-23 00:28:34.000,2026-06-23 00:29:31.000
495,r01,"2026-06-22_23-12-00__validacao_tcc_unifal_r01","2100436",6.9,sucesso,2026-06-23 00:31:23.000,6.5,sucesso,2026-06-23 00:31:58.000,1,1,completo,,2026-06-23 00:29:18.000,2026-06-23 00:31:58.000
496,r01,"2026-06-22_23-12-00__validacao_tcc_unifal_r01","3120201",9.2,sucesso,2026-06-23 00:31:23.000,7.4,sucesso,2026-06-23 00:31:56.000,1,1,completo,,2026-06-23 00:29:30.000,2026-06-23 00:31:56.000
497,r01,"2026-06-22_23-12-00__validacao_tcc_unifal_r01","4103404",4.9,sucesso,2026-06-23 00:30:12.000,5.6,sucesso,2026-06-23 00:30:37.000,1,1,completo,,2026-06-23 00:29:36.000,2026-06-23 00:30:37.000
498,r01,"2026-06-22_23-12-00__validacao_tcc_unifal_r01","4103453",5.7,sucesso,2026-06-23 00:30:57.000,6.4,sucesso,2026-06-23 00:31:14.000,1,1,completo,,2026-06-23 00:30:40.000,2026-06-23 00:31:14.000
499,r01,"2026-06-22_23-12-00__validacao_tcc_unifal_r01","4104253",6.5,sucesso,2026-06-23 00:31:53.000,6.7,sucesso,2026-06-23 00:32:24.000,1,1,completo,,2026-06-23 00:31:18.000,2026-06-23 00:32:24.000
500,r01,"2026-06-22_23-12-00__validacao_tcc_unifal_r01","3126752",6.0,sucesso,2026-06-23 00:33:06.000,6.4,sucesso,2026-06-23 00:33:30.000,1,1,completo,,2026-06-23 00:31:59.000,2026-06-23 00:33:30.000
501,r01,"2026-06-22_23-12-00__validacao_tcc_unifal_r01","2100501",7.3,sucesso,2026-06-23 00:32:20.000,6.3,sucesso,2026-06-23 00:32:45.000,1,1,completo,,2026-06-23 00:32:01.000,2026-06-23 00:32:45.000
502,r01,"2026-06-22_23-12-00__validacao_tcc_unifal_r01","4104303",8.1,sucesso,2026-06-23 00:33:07.000,7.7,sucesso,2026-06-23 00:33:31.000,1,1,completo,,2026-06-23 00:32:27.000,2026-06-23 00:33:31.000
503,r01,"2026-06-22_23-12-00__validacao_tcc_unifal_r01","2100956",6.3,sucesso,2026-06-23 00:33:21.000,6.6,sucesso,2026-06-23 00:33:42.000,1,1,completo,,2026-06-23 00:32:48.000,2026-06-23 00:33:42.000
504,r01,"2026-06-22_23-12-00__validacao_tcc_unifal_r01","3127339",9.2,sucesso,2026-06-23 00:33:48.000,6.5,sucesso,2026-06-23 00:34:12.000,1,1,completo,,2026-06-23 00:33:34.000,2026-06-23 00:34:12.000
505,r01,"2026-06-22_23-12-00__validacao_tcc_unifal_r01","4107546",6.9,sucesso,2026-06-23 00:34:05.000,7.0,sucesso,2026-06-23 00:34:30.000,1,1,completo,,2026-06-23 00:33:35.000,2026-06-23 00:34:30.000
506,r01,"2026-06-22_23-12-00__validacao_tcc_unifal_r01","2101608",8.4,sucesso,2026-06-23 00:34:16.000,8.3,sucesso,2026-06-23 00:34:39.000,1,1,completo,,2026-06-23 00:33:47.000,2026-06-23 00:34:39.000
507,r01,"2026-06-22_23-12-00__validacao_tcc_unifal_r01","3127404",5.6,sucesso,2026-06-23 00:35:03.000,6.5,sucesso,2026-06-23 00:35:31.000,1,1,completo,,2026-06-23 00:34:15.000,2026-06-23 00:35:31.000
508,r01,"2026-06-22_23-12-00__validacao_tcc_unifal_r01","4108007",7.1,sucesso,2026-06-23 00:34:56.000,7.5,sucesso,2026-06-23 00:35:14.000,1,1,completo,,2026-06-23 00:34:34.000,2026-06-23 00:35:14.000
509,r01,"2026-06-22_23-12-00__validacao_tcc_unifal_r01","2101970",4.4,sucesso,2026-06-23 00:35:09.000,5.2,sucesso,2026-06-23 00:35:34.000,1,1,completo,,2026-06-23 00:34:44.000,2026-06-23 00:35:34.000
510,r01,"2026-06-22_23-12-00__validacao_tcc_unifal_r01","4108106",5.8,sucesso,2026-06-23 00:35:41.000,5.5,sucesso,2026-06-23 00:36:03.000,1,1,completo,,2026-06-23 00:35:17.000,2026-06-23 00:36:03.000
511,r01,"2026-06-22_23-12-00__validacao_tcc_unifal_r01","3128402",5.4,sucesso,2026-06-23 00:35:57.000,5.5,sucesso,2026-06-23 00:36:20.000,1,1,completo,,2026-06-23 00:35:35.000,2026-06-23 00:36:20.000
512,r01,"2026-06-22_23-12-00__validacao_tcc_unifal_r01","2102408",4.5,sucesso,2026-06-23 00:36:04.000,5.3,sucesso,2026-06-23 00:36:29.000,1,1,completo,,2026-06-23 00:35:37.000,2026-06-23 00:36:29.000
513,r01,"2026-06-22_23-12-00__validacao_tcc_unifal_r01","4108809",5.8,sucesso,2026-06-23 00:38:10.000,6.4,sucesso,2026-06-23 00:38:32.000,1,1,completo,,2026-06-23 00:36:07.000,2026-06-23 00:38:33.000
514,r01,"2026-06-22_23-12-00__validacao_tcc_unifal_r01","3128501",8.0,sucesso,2026-06-23 00:38:10.000,7.4,sucesso,2026-06-23 00:38:33.000,1,1,completo,,2026-06-23 00:36:23.000,2026-06-23 00:38:34.000
515,r01,"2026-06-22_23-12-00__validacao_tcc_unifal_r01","2103174",6.9,sucesso,2026-06-23 00:37:44.000,6.5,sucesso,2026-06-23 00:38:11.000,1,1,completo,,2026-06-23 00:36:33.000,2026-06-23 00:38:11.000
516,r01,"2026-06-22_23-12-00__validacao_tcc_unifal_r01","2103406",7.0,sucesso,2026-06-23 00:38:47.000,7.0,sucesso,2026-06-23 00:39:09.000,1,1,completo,,2026-06-23 00:38:14.000,2026-06-23 00:39:09.000
517,r01,"2026-06-22_23-12-00__validacao_tcc_unifal_r01","4109203",7.9,sucesso,2026-06-23 00:39:01.000,7.6,sucesso,2026-06-23 00:39:23.000,1,1,completo,,2026-06-23 00:38:37.000,2026-06-23 00:39:23.000
518,r01,"2026-06-22_23-12-00__validacao_tcc_unifal_r01","3129806",6.1,sucesso,2026-06-23 00:39:21.000,6.9,sucesso,2026-06-23 00:39:49.000,1,1,completo,,2026-06-23 00:38:37.000,2026-06-23 00:39:49.000
519,r01,"2026-06-22_23-12-00__validacao_tcc_unifal_r01","2105104",6.5,sucesso,2026-06-23 00:39:42.000,6.8,sucesso,2026-06-23 00:40:05.000,1,1,completo,,2026-06-23 00:39:13.000,2026-06-23 00:40:05.000
520,r01,"2026-06-22_23-12-00__validacao_tcc_unifal_r01","4109401",9.2,sucesso,2026-06-23 00:39:42.000,7.3,sucesso,2026-06-23 00:39:57.000,1,1,completo,,2026-06-23 00:39:26.000,2026-06-23 00:39:57.000
521,r01,"2026-06-22_23-12-00__validacao_tcc_unifal_r01","3130101",6.5,sucesso,2026-06-23 00:40:24.000,7.4,sucesso,2026-06-23 00:40:53.000,1,1,completo,,2026-06-23 00:39:52.000,2026-06-23 00:40:53.000
522,r01,"2026-06-22_23-12-00__validacao_tcc_unifal_r01","4109708",3.9,sucesso,2026-06-23 00:40:59.000,4.5,sucesso,2026-06-23 00:41:25.000,1,1,completo,,2026-06-23 00:40:01.000,2026-06-23 00:41:25.000
523,r01,"2026-06-22_23-12-00__validacao_tcc_unifal_r01","2105203",6.9,sucesso,2026-06-23 00:41:40.000,6.5,sucesso,2026-06-23 00:42:06.000,1,1,completo,,2026-06-23 00:40:09.000,2026-06-23 00:42:06.000
524,r01,"2026-06-22_23-12-00__validacao_tcc_unifal_r01","3131505",9.2,sucesso,2026-06-23 00:44:30.000,8.3,sucesso,2026-06-23 00:44:56.000,1,1,completo,,2026-06-23 00:40:57.000,2026-06-23 00:44:56.000
525,r01,"2026-06-22_23-12-00__validacao_tcc_unifal_r01","4111209",7.2,sucesso,2026-06-23 00:45:10.000,7.0,sucesso,2026-06-23 00:45:31.000,1,1,completo,,2026-06-23 00:41:28.000,2026-06-23 00:45:31.000
526,r01,"2026-06-22_23-12-00__validacao_tcc_unifal_r01","2106631",6.0,sucesso,2026-06-23 00:42:37.000,6.6,sucesso,2026-06-23 00:42:59.000,1,1,completo,,2026-06-23 00:42:09.000,2026-06-23 00:42:59.000
527,r01,"2026-06-22_23-12-00__validacao_tcc_unifal_r01","2107605",6.4,sucesso,2026-06-23 00:44:38.000,6.3,sucesso,2026-06-23 00:45:04.000,1,1,completo,,2026-06-23 00:43:03.000,2026-06-23 00:45:04.000
528,r01,"2026-06-22_23-12-00__validacao_tcc_unifal_r01","3133808",9.2,sucesso,2026-06-23 00:46:05.000,7.2,sucesso,2026-06-23 00:46:27.000,1,1,completo,,2026-06-23 00:44:59.000,2026-06-23 00:46:27.000
529,r01,"2026-06-22_23-12-00__validacao_tcc_unifal_r01","2108801",6.9,sucesso,2026-06-23 00:45:32.000,6.0,sucesso,2026-06-23 00:45:56.000,1,1,completo,,2026-06-23 00:45:07.000,2026-06-23 00:45:56.000
530,r01,"2026-06-22_23-12-00__validacao_tcc_unifal_r01","4111258",6.6,sucesso,2026-06-23 00:46:15.000,6.7,sucesso,2026-06-23 00:46:42.000,1,1,completo,,2026-06-23 00:45:35.000,2026-06-23 00:46:42.000
531,r01,"2026-06-22_23-12-00__validacao_tcc_unifal_r01","2109809",6.9,sucesso,2026-06-23 00:46:27.000,6.0,sucesso,2026-06-23 00:46:50.000,1,1,completo,,2026-06-23 00:46:00.000,2026-06-23 00:46:50.000
532,r01,"2026-06-22_23-12-00__validacao_tcc_unifal_r01","3136504",9.2,sucesso,2026-06-23 00:46:44.000,6.5,sucesso,2026-06-23 00:47:08.000,1,1,completo,,2026-06-23 00:46:30.000,2026-06-23 00:47:08.000
533,r01,"2026-06-22_23-12-00__validacao_tcc_unifal_r01","4111704",6.5,sucesso,2026-06-23 00:47:20.000,6.8,sucesso,2026-06-23 00:47:48.000,1,1,completo,,2026-06-23 00:46:45.000,2026-06-23 00:47:48.000
534,r01,"2026-06-22_23-12-00__validacao_tcc_unifal_r01","2109908",6.5,sucesso,2026-06-23 00:47:27.000,6.6,sucesso,2026-06-23 00:47:44.000,1,1,completo,,2026-06-23 00:46:59.000,2026-06-23 00:47:44.000
535,r01,"2026-06-22_23-12-00__validacao_tcc_unifal_r01","3137403",9.2,sucesso,2026-06-23 00:47:28.000,4.9,sucesso,2026-06-23 00:47:49.000,1,1,completo,,2026-06-23 00:47:13.000,2026-06-23 00:47:49.000
536,r01,"2026-06-22_23-12-00__validacao_tcc_unifal_r01","2110906",4.2,sucesso,2026-06-23 00:48:19.000,5.0,sucesso,2026-06-23 00:48:45.000,1,1,completo,,2026-06-23 00:47:48.000,2026-06-23 00:48:45.000
537,r01,"2026-06-22_23-12-00__validacao_tcc_unifal_r01","4115408",7.6,sucesso,2026-06-23 00:48:24.000,7.0,sucesso,2026-06-23 00:48:49.000,1,1,completo,,2026-06-23 00:47:54.000,2026-06-23 00:48:49.000
538,r01,"2026-06-22_23-12-00__validacao_tcc_unifal_r01","3137502",7.1,sucesso,2026-06-23 00:48:40.000,7.0,sucesso,2026-06-23 00:49:05.000,1,1,completo,,2026-06-23 00:47:55.000,2026-06-23 00:49:05.000
539,r01,"2026-06-22_23-12-00__validacao_tcc_unifal_r01","2111805",8.4,sucesso,2026-06-23 00:49:24.000,8.3,sucesso,2026-06-23 00:49:42.000,1,1,completo,,2026-06-23 00:48:49.000,2026-06-23 00:49:42.000
540,r01,"2026-06-22_23-12-00__validacao_tcc_unifal_r01","4115754",7.1,sucesso,2026-06-23 00:49:16.000,7.2,sucesso,2026-06-23 00:49:39.000,1,1,completo,,2026-06-23 00:48:54.000,2026-06-23 00:49:39.000
541,r01,"2026-06-22_23-12-00__validacao_tcc_unifal_r01","3140530",6.1,sucesso,2026-06-23 00:49:50.000,6.3,sucesso,2026-06-23 00:50:20.000,1,1,completo,,2026-06-23 00:49:08.000,2026-06-23 00:50:20.000
542,r01,"2026-06-22_23-12-00__validacao_tcc_unifal_r01","4118451",8.1,sucesso,2026-06-23 00:50:22.000,7.7,sucesso,2026-06-23 00:50:45.000,1,1,completo,,2026-06-23 00:49:42.000,2026-06-23 00:50:45.000
543,r01,"2026-06-22_23-12-00__validacao_tcc_unifal_r01","2504074",6.6,sucesso,2026-06-23 00:50:36.000,7.6,sucesso,2026-06-23 00:51:01.000,1,1,completo,,2026-06-23 00:49:46.000,2026-06-23 00:51:01.000
544,r01,"2026-06-22_23-12-00__validacao_tcc_unifal_r01","3140852",9.2,sucesso,2026-06-23 00:50:38.000,7.7,sucesso,2026-06-23 00:50:58.000,1,1,completo,,2026-06-23 00:50:24.000,2026-06-23 00:50:58.000
545,r01,"2026-06-22_23-12-00__validacao_tcc_unifal_r01","4119806",9.2,sucesso,2026-06-23 00:51:02.000,5.6,sucesso,2026-06-23 00:51:24.000,1,1,completo,,2026-06-23 00:50:48.000,2026-06-23 00:51:24.000
546,r01,"2026-06-22_23-12-00__validacao_tcc_unifal_r01","3141009",6.8,sucesso,2026-06-23 00:53:45.000,7.4,sucesso,2026-06-23 00:54:08.000,1,1,completo,,2026-06-23 00:51:05.000,2026-06-23 00:54:08.000
547,r01,"2026-06-22_23-12-00__validacao_tcc_unifal_r01","2504405",6.6,sucesso,2026-06-23 00:53:45.000,6.6,sucesso,2026-06-23 00:54:06.000,1,1,completo,,2026-06-23 00:51:06.000,2026-06-23 00:54:06.000
548,r01,"2026-06-22_23-12-00__validacao_tcc_unifal_r01","4120655",4.9,sucesso,2026-06-23 00:52:01.000,5.5,sucesso,2026-06-23 00:52:27.000,1,1,completo,,2026-06-23 00:51:28.000,2026-06-23 00:52:27.000
549,r01,"2026-06-22_23-12-00__validacao_tcc_unifal_r01","4120903",5.8,sucesso,2026-06-23 00:52:54.000,6.1,sucesso,2026-06-23 00:53:18.000,1,1,completo,,2026-06-23 00:52:31.000,2026-06-23 00:53:18.000
550,r01,"2026-06-22_23-12-00__validacao_tcc_unifal_r01","4121901",6.7,sucesso,2026-06-23 00:53:54.000,6.9,sucesso,2026-06-23 00:54:19.000,1,1,completo,,2026-06-23 00:53:22.000,2026-06-23 00:54:19.000
551,r01,"2026-06-22_23-12-00__validacao_tcc_unifal_r01","2506251",6.3,sucesso,2026-06-23 00:54:36.000,5.8,sucesso,2026-06-23 00:55:01.000,1,1,completo,,2026-06-23 00:54:10.000,2026-06-23 00:55:01.000
552,r01,"2026-06-22_23-12-00__validacao_tcc_unifal_r01","3141207",9.2,sucesso,2026-06-23 00:54:26.000,4.6,sucesso,2026-06-23 00:54:49.000,1,1,completo,,2026-06-23 00:54:11.000,2026-06-23 00:54:49.000
553,r01,"2026-06-22_23-12-00__validacao_tcc_unifal_r01","4123006",9.2,sucesso,2026-06-23 00:54:38.000,5.3,sucesso,2026-06-23 00:55:09.000,1,1,completo,,2026-06-23 00:54:24.000,2026-06-23 00:55:09.000
554,r01,"2026-06-22_23-12-00__validacao_tcc_unifal_r01","3142700",5.7,sucesso,2026-06-23 00:55:34.000,5.7,sucesso,2026-06-23 00:55:51.000,1,1,completo,,2026-06-23 00:54:53.000,2026-06-23 00:55:51.000
555,r01,"2026-06-22_23-12-00__validacao_tcc_unifal_r01","2507408",5.2,sucesso,2026-06-23 00:55:34.000,5.3,sucesso,2026-06-23 00:55:54.000,1,1,completo,,2026-06-23 00:55:06.000,2026-06-23 00:55:54.000
556,r01,"2026-06-22_23-12-00__validacao_tcc_unifal_r01","4123204",6.3,sucesso,2026-06-23 00:55:33.000,6.6,sucesso,2026-06-23 00:55:51.000,1,1,completo,,2026-06-23 00:55:14.000,2026-06-23 00:55:51.000
557,r01,"2026-06-22_23-12-00__validacao_tcc_unifal_r01","4125001",5.5,sucesso,2026-06-23 00:56:25.000,6.2,sucesso,2026-06-23 00:56:44.000,1,1,completo,,2026-06-23 00:55:55.000,2026-06-23 00:56:44.000
558,r01,"2026-06-22_23-12-00__validacao_tcc_unifal_r01","3144904",7.8,sucesso,2026-06-23 00:56:25.000,8.0,sucesso,2026-06-23 00:56:48.000,1,1,completo,,2026-06-23 00:55:55.000,2026-06-23 00:56:48.000
559,r01,"2026-06-22_23-12-00__validacao_tcc_unifal_r01","2508406",6.0,sucesso,2026-06-23 00:56:35.000,6.2,sucesso,2026-06-23 00:56:58.000,1,1,completo,,2026-06-23 00:55:57.000,2026-06-23 00:56:58.000
560,r01,"2026-06-22_23-12-00__validacao_tcc_unifal_r01","4126207",6.5,sucesso,2026-06-23 00:57:41.000,6.9,sucesso,2026-06-23 00:58:07.000,1,1,completo,,2026-06-23 00:56:48.000,2026-06-23 00:58:07.000
561,r01,"2026-06-22_23-12-00__validacao_tcc_unifal_r01","3145356",9.2,sucesso,2026-06-23 00:57:07.000,6.6,sucesso,2026-06-23 00:57:29.000,1,1,completo,,2026-06-23 00:56:53.000,2026-06-23 00:57:29.000
562,r01,"2026-06-22_23-12-00__validacao_tcc_unifal_r01","2510659",7.0,sucesso,2026-06-23 00:58:17.000,6.9,sucesso,2026-06-23 00:58:41.000,1,1,completo,,2026-06-23 00:57:03.000,2026-06-23 00:58:41.000
563,r01,"2026-06-22_23-12-00__validacao_tcc_unifal_r01","3145505",5.4,sucesso,2026-06-23 00:58:17.000,6.3,sucesso,2026-06-23 00:58:42.000,1,1,completo,,2026-06-23 00:57:33.000,2026-06-23 00:58:42.000
564,r01,"2026-06-22_23-12-00__validacao_tcc_unifal_r01","4126504",6.4,sucesso,2026-06-23 00:58:42.000,6.4,sucesso,2026-06-23 00:59:10.000,1,1,completo,,2026-06-23 00:58:11.000,2026-06-23 00:59:10.000
565,r01,"2026-06-22_23-12-00__validacao_tcc_unifal_r01","3145901",5.1,sucesso,2026-06-23 00:59:19.000,6.4,sucesso,2026-06-23 00:59:48.000,1,1,completo,,2026-06-23 00:58:45.000,2026-06-23 00:59:48.000
566,r01,"2026-06-22_23-12-00__validacao_tcc_unifal_r01","2512705",,falha_de_carregamento,2026-06-23 01:08:52.000,7.0,sucesso,2026-06-23 01:09:13.000,0,1,parcial,,2026-06-23 00:58:45.000,2026-06-23 01:09:13.000
567,r01,"2026-06-22_23-12-00__validacao_tcc_unifal_r01","4126603",5.7,sucesso,2026-06-23 01:00:25.000,6.6,sucesso,2026-06-23 01:00:50.000,1,1,completo,,2026-06-23 00:59:13.000,2026-06-23 01:00:50.000
568,r01,"2026-06-22_23-12-00__validacao_tcc_unifal_r01","3146404",5.9,sucesso,2026-06-23 01:00:48.000,6.7,sucesso,2026-06-23 01:01:15.000,1,1,completo,,2026-06-23 00:59:51.000,2026-06-23 01:01:15.000
569,r01,"2026-06-22_23-12-00__validacao_tcc_unifal_r01","4128534",4.2,sucesso,2026-06-23 01:03:55.000,4.3,sucesso,2026-06-23 01:04:19.000,1,1,completo,,2026-06-23 01:00:54.000,2026-06-23 01:04:19.000
570,r01,"2026-06-22_23-12-00__validacao_tcc_unifal_r01","3149200",5.8,sucesso,2026-06-23 01:01:47.000,6.1,sucesso,2026-06-23 01:02:09.000,1,1,completo,,2026-06-23 01:01:18.000,2026-06-23 01:02:09.000
571,r01,"2026-06-22_23-12-00__validacao_tcc_unifal_r01","3149804",5.6,sucesso,2026-06-23 01:02:40.000,5.9,sucesso,2026-06-23 01:03:01.000,1,1,completo,,2026-06-23 01:02:13.000,2026-06-23 01:03:01.000
572,r01,"2026-06-22_23-12-00__validacao_tcc_unifal_r01","3152131",9.2,sucesso,2026-06-23 01:03:16.000,8.5,sucesso,2026-06-23 01:03:33.000,1,1,completo,,2026-06-23 01:03:04.000,2026-06-23 01:03:33.000
573,r01,"2026-06-22_23-12-00__validacao_tcc_unifal_r01","3154101",6.0,sucesso,2026-06-23 01:03:51.000,6.4,sucesso,2026-06-23 01:04:13.000,1,1,completo,,2026-06-23 01:03:37.000,2026-06-23 01:04:13.000
574,r01,"2026-06-22_23-12-00__validacao_tcc_unifal_r01","3154408",6.8,sucesso,2026-06-23 01:04:56.000,6.6,sucesso,2026-06-23 01:05:25.000,1,1,completo,,2026-06-23 01:04:16.000,2026-06-23 01:05:25.000
575,r01,"2026-06-22_23-12-00__validacao_tcc_unifal_r01","4128658",7.2,sucesso,2026-06-23 01:04:41.000,6.9,sucesso,2026-06-23 01:05:03.000,1,1,completo,,2026-06-23 01:04:23.000,2026-06-23 01:05:03.000
576,r01,"2026-06-22_23-12-00__validacao_tcc_unifal_r01","4300208",3.5,sucesso,2026-06-23 01:07:22.000,4.3,sucesso,2026-06-23 01:07:50.000,1,1,completo,,2026-06-23 01:05:06.000,2026-06-23 01:07:50.000
577,r01,"2026-06-22_23-12-00__validacao_tcc_unifal_r01","3155405",6.0,sucesso,2026-06-23 01:09:18.000,6.7,sucesso,2026-06-23 01:09:39.000,1,1,completo,,2026-06-23 01:05:29.000,2026-06-23 01:09:39.000
578,r01,"2026-06-22_23-12-00__validacao_tcc_unifal_r01","4300307",4.9,sucesso,2026-06-23 01:08:58.000,5.0,sucesso,2026-06-23 01:09:21.000,1,1,completo,,2026-06-23 01:07:53.000,2026-06-23 01:09:21.000
579,r01,"2026-06-22_23-12-00__validacao_tcc_unifal_r01","2513158",5.2,sucesso,2026-06-23 01:09:49.000,5.7,sucesso,2026-06-23 01:10:16.000,1,1,completo,,2026-06-23 01:09:16.000,2026-06-23 01:10:16.000
580,r01,"2026-06-22_23-12-00__validacao_tcc_unifal_r01","4300455",6.9,sucesso,2026-06-23 01:09:49.000,6.9,sucesso,2026-06-23 01:10:11.000,1,1,completo,,2026-06-23 01:09:25.000,2026-06-23 01:10:11.000
581,r01,"2026-06-22_23-12-00__validacao_tcc_unifal_r01","3156502",6.1,sucesso,2026-06-23 01:10:18.000,6.8,sucesso,2026-06-23 01:10:43.000,1,1,completo,,2026-06-23 01:09:42.000,2026-06-23 01:10:43.000
582,r01,"2026-06-22_23-12-00__validacao_tcc_unifal_r01","4300570",7.0,sucesso,2026-06-23 01:10:32.000,7.2,sucesso,2026-06-23 01:10:50.000,1,1,completo,,2026-06-23 01:10:16.000,2026-06-23 01:10:50.000
583,r01,"2026-06-22_23-12-00__validacao_tcc_unifal_r01","2513927",7.7,sucesso,2026-06-23 01:10:42.000,7.5,sucesso,2026-06-23 01:10:59.000,1,1,completo,,2026-06-23 01:10:21.000,2026-06-23 01:10:59.000
584,r01,"2026-06-22_23-12-00__validacao_tcc_unifal_r01","3159308",6.3,sucesso,2026-06-23 01:11:15.000,6.6,sucesso,2026-06-23 01:11:34.000,1,1,completo,,2026-06-23 01:10:46.000,2026-06-23 01:11:34.000
585,r01,"2026-06-22_23-12-00__validacao_tcc_unifal_r01","4300638",8.7,sucesso,2026-06-23 01:11:15.000,8.7,sucesso,2026-06-23 01:11:30.000,1,1,completo,,2026-06-23 01:10:54.000,2026-06-23 01:11:30.000
586,r01,"2026-06-22_23-12-00__validacao_tcc_unifal_r01","2513901",9.2,sucesso,2026-06-23 01:18:13.000,7.5,sucesso,2026-06-23 01:18:33.000,1,1,completo,,2026-06-23 01:11:03.000,2026-06-23 01:18:33.000
587,r01,"2026-06-22_23-12-00__validacao_tcc_unifal_r01","4301636",9.2,sucesso,2026-06-23 01:11:46.000,6.7,sucesso,2026-06-23 01:12:17.000,1,1,completo,,2026-06-23 01:11:34.000,2026-06-23 01:12:17.000
588,r01,"2026-06-22_23-12-00__validacao_tcc_unifal_r01","3158508",5.5,sucesso,2026-06-23 01:12:21.000,5.9,sucesso,2026-06-23 01:12:48.000,1,1,completo,,2026-06-23 01:11:39.000,2026-06-23 01:12:48.000
589,r01,"2026-06-22_23-12-00__validacao_tcc_unifal_r01","4301750",5.8,sucesso,2026-06-23 01:16:27.000,5.8,sucesso,2026-06-23 01:16:57.000,1,1,completo,,2026-06-23 01:12:20.000,2026-06-23 01:16:57.000
590,r01,"2026-06-22_23-12-00__validacao_tcc_unifal_r01","3160801",4.6,sucesso,2026-06-23 01:16:16.000,5.2,sucesso,2026-06-23 01:16:41.000,1,1,completo,,2026-06-23 01:12:51.000,2026-06-23 01:16:41.000
591,r01,"2026-06-22_23-12-00__validacao_tcc_unifal_r01","3161304",6.4,sucesso,2026-06-23 01:17:01.000,6.4,sucesso,2026-06-23 01:17:20.000,1,1,completo,,2026-06-23 01:16:45.000,2026-06-23 01:17:20.000
592,r01,"2026-06-22_23-12-00__validacao_tcc_unifal_r01","4302006",7.4,sucesso,2026-06-23 01:19:30.000,6.5,sucesso,2026-06-23 01:19:57.000,1,1,completo,,2026-06-23 01:17:00.000,2026-06-23 01:19:57.000
593,r01,"2026-06-22_23-12-00__validacao_tcc_unifal_r01","3162302",6.1,sucesso,2026-06-23 01:19:30.000,6.0,sucesso,2026-06-23 01:19:55.000,1,1,completo,,2026-06-23 01:17:23.000,2026-06-23 01:19:55.000
594,r01,"2026-06-22_23-12-00__validacao_tcc_unifal_r01","2514602",6.8,sucesso,2026-06-23 01:19:03.000,6.9,sucesso,2026-06-23 01:19:24.000,1,1,completo,,2026-06-23 01:18:37.000,2026-06-23 01:19:24.000
595,r01,"2026-06-22_23-12-00__validacao_tcc_unifal_r01","2514701",7.2,sucesso,2026-06-23 01:19:47.000,6.5,sucesso,2026-06-23 01:20:10.000,1,1,completo,,2026-06-23 01:19:27.000,2026-06-23 01:20:10.000
596,r01,"2026-06-22_23-12-00__validacao_tcc_unifal_r01","3162575",9.2,sucesso,2026-06-23 01:20:11.000,7.3,sucesso,2026-06-23 01:20:34.000,1,1,completo,,2026-06-23 01:19:58.000,2026-06-23 01:20:34.000
597,r01,"2026-06-22_23-12-00__validacao_tcc_unifal_r01","4302352",9.2,sucesso,2026-06-23 01:20:15.000,6.5,sucesso,2026-06-23 01:20:42.000,1,1,completo,,2026-06-23 01:20:01.000,2026-06-23 01:20:42.000
598,r01,"2026-06-22_23-12-00__validacao_tcc_unifal_r01","2514453",5.9,sucesso,2026-06-23 01:20:44.000,6.5,sucesso,2026-06-23 01:21:07.000,1,1,completo,,2026-06-23 01:20:13.000,2026-06-23 01:21:07.000
599,r01,"2026-06-22_23-12-00__validacao_tcc_unifal_r01","3163904",6.5,sucesso,2026-06-23 01:20:54.000,7.2,sucesso,2026-06-23 01:21:17.000,1,1,completo,,2026-06-23 01:20:37.000,2026-06-23 01:21:17.000
600,r01,"2026-06-22_23-12-00__validacao_tcc_unifal_r01","4302402",5.8,sucesso,2026-06-23 01:21:10.000,5.4,sucesso,2026-06-23 01:21:32.000,1,1,completo,,2026-06-23 01:20:46.000,2026-06-23 01:21:32.000
601,r01,"2026-06-22_23-12-00__validacao_tcc_unifal_r01","2600203",7.1,sucesso,2026-06-23 01:21:34.000,7.0,sucesso,2026-06-23 01:21:52.000,1,1,completo,,2026-06-23 01:21:11.000,2026-06-23 01:21:52.000
602,r01,"2026-06-22_23-12-00__validacao_tcc_unifal_r01","3168606",9.2,sucesso,2026-06-23 01:24:49.000,5.6,sucesso,2026-06-23 01:25:23.000,1,1,completo,,2026-06-23 01:21:21.000,2026-06-23 01:25:23.000
603,r01,"2026-06-22_23-12-00__validacao_tcc_unifal_r01","4302709",7.0,sucesso,2026-06-23 01:22:15.000,7.4,sucesso,2026-06-23 01:22:37.000,1,1,completo,,2026-06-23 01:21:36.000,2026-06-23 01:22:37.000
604,r01,"2026-06-22_23-12-00__validacao_tcc_unifal_r01","2601201",5.1,sucesso,2026-06-23 01:24:32.000,5.0,sucesso,2026-06-23 01:24:55.000,1,1,completo,,2026-06-23 01:21:56.000,2026-06-23 01:24:55.000
605,r01,"2026-06-22_23-12-00__validacao_tcc_unifal_r01","4303608",7.4,sucesso,2026-06-23 01:22:50.000,7.0,sucesso,2026-06-23 01:23:13.000,1,1,completo,,2026-06-23 01:22:41.000,2026-06-23 01:23:13.000
606,r01,"2026-06-22_23-12-00__validacao_tcc_unifal_r01","4305306",9.2,sucesso,2026-06-23 01:23:27.000,6.3,sucesso,2026-06-23 01:23:50.000,1,1,completo,,2026-06-23 01:23:16.000,2026-06-23 01:23:50.000
607,r01,"2026-06-22_23-12-00__validacao_tcc_unifal_r01","4307500",7.5,sucesso,2026-06-23 01:24:32.000,7.7,sucesso,2026-06-23 01:24:59.000,1,1,completo,,2026-06-23 01:23:53.000,2026-06-23 01:24:59.000
608,r01,"2026-06-22_23-12-00__validacao_tcc_unifal_r01","2604403",,falha_de_carregamento,2026-06-23 01:35:02.000,5.4,sucesso,2026-06-23 01:35:26.000,0,1,parcial,,2026-06-23 01:24:59.000,2026-06-23 01:35:26.000
609,r01,"2026-06-22_23-12-00__validacao_tcc_unifal_r01","4308078",9.2,sucesso,2026-06-23 01:25:16.000,6.7,sucesso,2026-06-23 01:25:33.000,1,1,completo,,2026-06-23 01:25:03.000,2026-06-23 01:25:33.000
610,r01,"2026-06-22_23-12-00__validacao_tcc_unifal_r01","3168903",9.7,sucesso,2026-06-23 01:25:55.000,9.2,sucesso,2026-06-23 01:26:14.000,1,1,completo,,2026-06-23 01:25:26.000,2026-06-23 01:26:14.000
611,r01,"2026-06-22_23-12-00__validacao_tcc_unifal_r01","4308904",6.3,sucesso,2026-06-23 01:26:09.000,6.6,sucesso,2026-06-23 01:26:29.000,1,1,completo,,2026-06-23 01:25:37.000,2026-06-23 01:26:29.000
612,r01,"2026-06-22_23-12-00__validacao_tcc_unifal_r01","3169059",7.0,sucesso,2026-06-23 01:26:38.000,7.3,sucesso,2026-06-23 01:27:03.000,1,1,completo,,2026-06-23 01:26:18.000,2026-06-23 01:27:03.000
613,r01,"2026-06-22_23-12-00__validacao_tcc_unifal_r01","4309050",6.6,sucesso,2026-06-23 01:27:12.000,6.8,sucesso,2026-06-23 01:27:49.000,1,1,completo,,2026-06-23 01:26:33.000,2026-06-23 01:27:49.000
614,r01,"2026-06-22_23-12-00__validacao_tcc_unifal_r01","3170008",6.2,sucesso,2026-06-23 01:27:38.000,6.4,sucesso,2026-06-23 01:28:03.000,1,1,completo,,2026-06-23 01:27:07.000,2026-06-23 01:28:03.000
615,r01,"2026-06-22_23-12-00__validacao_tcc_unifal_r01","4309506",3.7,sucesso,2026-06-23 01:29:32.000,4.5,sucesso,2026-06-23 01:29:57.000,1,1,completo,,2026-06-23 01:27:52.000,2026-06-23 01:29:57.000
616,r01,"2026-06-22_23-12-00__validacao_tcc_unifal_r01","3170057",7.0,sucesso,2026-06-23 01:29:32.000,6.7,sucesso,2026-06-23 01:30:03.000,1,1,completo,,2026-06-23 01:28:06.000,2026-06-23 01:30:03.000
617,r01,"2026-06-22_23-12-00__validacao_tcc_unifal_r01","4310108",8.7,sucesso,2026-06-23 01:30:20.000,8.3,sucesso,2026-06-23 01:30:40.000,1,1,completo,,2026-06-23 01:30:01.000,2026-06-23 01:30:40.000
618,r01,"2026-06-22_23-12-00__validacao_tcc_unifal_r01","3170701",9.2,sucesso,2026-06-23 01:33:39.000,7.6,sucesso,2026-06-23 01:34:02.000,1,1,completo,,2026-06-23 01:30:07.000,2026-06-23 01:34:02.000
619,r01,"2026-06-22_23-12-00__validacao_tcc_unifal_r01","4310579",5.4,sucesso,2026-06-23 01:31:07.000,5.3,sucesso,2026-06-23 01:31:30.000,1,1,completo,,2026-06-23 01:30:44.000,2026-06-23 01:31:30.000
620,r01,"2026-06-22_23-12-00__validacao_tcc_unifal_r01","4311254",5.4,sucesso,2026-06-23 01:31:50.000,5.6,sucesso,2026-06-23 01:32:12.000,1,1,completo,,2026-06-23 01:31:33.000,2026-06-23 01:32:12.000
621,r01,"2026-06-22_23-12-00__validacao_tcc_unifal_r01","4312658",7.6,sucesso,2026-06-23 01:32:43.000,7.7,sucesso,2026-06-23 01:33:07.000,1,1,completo,,2026-06-23 01:32:15.000,2026-06-23 01:33:07.000
622,r01,"2026-06-22_23-12-00__validacao_tcc_unifal_r01","4312906",9.2,sucesso,2026-06-23 01:36:43.000,7.2,sucesso,2026-06-23 01:37:08.000,1,1,completo,,2026-06-23 01:33:11.000,2026-06-23 01:37:08.000
623,r01,"2026-06-22_23-12-00__validacao_tcc_unifal_r01","3300951",7.6,sucesso,2026-06-23 01:34:26.000,7.5,sucesso,2026-06-23 01:34:52.000,1,1,completo,,2026-06-23 01:34:06.000,2026-06-23 01:34:52.000
624,r01,"2026-06-22_23-12-00__validacao_tcc_unifal_r01","3301405",9.2,sucesso,2026-06-23 01:38:22.000,5.6,sucesso,2026-06-23 01:38:46.000,1,1,completo,,2026-06-23 01:34:55.000,2026-06-23 01:38:46.000
625,r01,"2026-06-22_23-12-00__validacao_tcc_unifal_r01","2607604",6.5,sucesso,2026-06-23 01:36:02.000,6.4,sucesso,2026-06-23 01:36:24.000,1,1,completo,,2026-06-23 01:35:29.000,2026-06-23 01:36:24.000
626,r01,"2026-06-22_23-12-00__validacao_tcc_unifal_r01","2607000",6.0,sucesso,2026-06-23 01:37:06.000,6.4,sucesso,2026-06-23 01:37:37.000,1,1,completo,,2026-06-23 01:36:27.000,2026-06-23 01:37:37.000
627,r01,"2026-06-22_23-12-00__validacao_tcc_unifal_r01","4314175",9.2,sucesso,2026-06-23 01:37:22.000,5.9,sucesso,2026-06-23 01:37:47.000,1,1,completo,,2026-06-23 01:37:11.000,2026-06-23 01:37:47.000
628,r01,"2026-06-22_23-12-00__validacao_tcc_unifal_r01","2607307",8.3,sucesso,2026-06-23 01:38:06.000,8.0,sucesso,2026-06-23 01:38:30.000,1,1,completo,,2026-06-23 01:37:42.000,2026-06-23 01:38:30.000
629,r01,"2026-06-22_23-12-00__validacao_tcc_unifal_r01","4316451",9.2,sucesso,2026-06-23 01:38:04.000,6.7,sucesso,2026-06-23 01:38:37.000,1,1,completo,,2026-06-23 01:37:50.000,2026-06-23 01:38:37.000
630,r01,"2026-06-22_23-12-00__validacao_tcc_unifal_r01","2609006",8.3,sucesso,2026-06-23 01:39:27.000,8.1,sucesso,2026-06-23 01:39:51.000,1,1,completo,,2026-06-23 01:38:33.000,2026-06-23 01:39:51.000
631,r01,"2026-06-22_23-12-00__validacao_tcc_unifal_r01","4319109",5.8,sucesso,2026-06-23 01:39:11.000,6.0,sucesso,2026-06-23 01:39:32.000,1,1,completo,,2026-06-23 01:38:43.000,2026-06-23 01:39:32.000
632,r01,"2026-06-22_23-12-00__validacao_tcc_unifal_r01","3302502",7.3,sucesso,2026-06-23 01:39:39.000,7.1,sucesso,2026-06-23 01:40:02.000,1,1,completo,,2026-06-23 01:38:50.000,2026-06-23 01:40:02.000
633,r01,"2026-06-22_23-12-00__validacao_tcc_unifal_r01","4320206",4.4,sucesso,2026-06-23 01:40:15.000,4.5,sucesso,2026-06-23 01:40:33.000,1,1,completo,,2026-06-23 01:39:36.000,2026-06-23 01:40:33.000
634,r01,"2026-06-22_23-12-00__validacao_tcc_unifal_r01","2611705",6.5,sucesso,2026-06-23 01:40:22.000,6.8,sucesso,2026-06-23 01:40:44.000,1,1,completo,,2026-06-23 01:39:55.000,2026-06-23 01:40:44.000
635,r01,"2026-06-22_23-12-00__validacao_tcc_unifal_r01","3303856",7.1,sucesso,2026-06-23 01:40:55.000,7.0,sucesso,2026-06-23 01:41:21.000,1,1,completo,,2026-06-23 01:40:06.000,2026-06-23 01:41:21.000
636,r01,"2026-06-22_23-12-00__validacao_tcc_unifal_r01","4321436",9.2,sucesso,2026-06-23 01:40:49.000,6.9,sucesso,2026-06-23 01:41:20.000,1,1,completo,,2026-06-23 01:40:36.000,2026-06-23 01:41:20.000
637,r01,"2026-06-22_23-12-00__validacao_tcc_unifal_r01","2613701",5.5,sucesso,2026-06-23 01:41:22.000,5.7,sucesso,2026-06-23 01:41:47.000,1,1,completo,,2026-06-23 01:40:48.000,2026-06-23 01:41:47.000
638,r01,"2026-06-22_23-12-00__validacao_tcc_unifal_r01","4321634",7.4,sucesso,2026-06-23 01:42:20.000,7.3,sucesso,2026-06-23 01:42:42.000,1,1,completo,,2026-06-23 01:41:25.000,2026-06-23 01:42:42.000
639,r01,"2026-06-22_23-12-00__validacao_tcc_unifal_r01","3500808",9.2,sucesso,2026-06-23 01:45:12.000,4.8,sucesso,2026-06-23 01:45:36.000,1,1,completo,,2026-06-23 01:41:25.000,2026-06-23 01:45:36.000
640,r01,"2026-06-22_23-12-00__validacao_tcc_unifal_r01","2614006",6.3,sucesso,2026-06-23 01:42:25.000,6.6,sucesso,2026-06-23 01:42:48.000,1,1,completo,,2026-06-23 01:41:51.000,2026-06-23 01:42:48.000
641,r01,"2026-06-22_23-12-00__validacao_tcc_unifal_r01","4322327",6.7,sucesso,2026-06-23 01:43:26.000,6.9,sucesso,2026-06-23 01:43:49.000,1,1,completo,,2026-06-23 01:42:46.000,2026-06-23 01:43:49.000
642,r01,"2026-06-22_23-12-00__validacao_tcc_unifal_r01","2614501",6.6,sucesso,2026-06-23 01:46:57.000,6.5,sucesso,2026-06-23 01:47:21.000,1,1,completo,,2026-06-23 01:42:52.000,2026-06-23 01:47:21.000
643,r01,"2026-06-22_23-12-00__validacao_tcc_unifal_r01","4322608",5.8,sucesso,2026-06-23 01:44:10.000,6.6,sucesso,2026-06-23 01:44:43.000,1,1,completo,,2026-06-23 01:43:52.000,2026-06-23 01:44:44.000
644,r01,"2026-06-22_23-12-00__validacao_tcc_unifal_r01","4200606",6.4,sucesso,2026-06-23 01:45:12.000,6.8,sucesso,2026-06-23 01:45:34.000,1,1,completo,,2026-06-23 01:44:47.000,2026-06-23 01:45:34.000
645,r01,"2026-06-22_23-12-00__validacao_tcc_unifal_r01","4203204",7.6,sucesso,2026-06-23 01:46:40.000,7.8,sucesso,2026-06-23 01:47:21.000,1,1,completo,,2026-06-23 01:45:37.000,2026-06-23 01:47:21.000
646,r01,"2026-06-22_23-12-00__validacao_tcc_unifal_r01","3506904",6.6,sucesso,2026-06-23 01:47:53.000,7.6,sucesso,2026-06-23 01:48:18.000,1,1,completo,,2026-06-23 01:45:41.000,2026-06-23 01:48:18.000
647,r01,"2026-06-22_23-12-00__validacao_tcc_unifal_r01","2201507",7.3,sucesso,2026-06-23 01:47:54.000,7.0,sucesso,2026-06-23 01:48:20.000,1,1,completo,,2026-06-23 01:47:25.000,2026-06-23 01:48:20.000
648,r01,"2026-06-22_23-12-00__validacao_tcc_unifal_r01","4205357",5.6,sucesso,2026-06-23 01:47:58.000,6.1,sucesso,2026-06-23 01:48:22.000,1,1,completo,,2026-06-23 01:47:25.000,2026-06-23 01:48:22.000
649,r01,"2026-06-22_23-12-00__validacao_tcc_unifal_r01","3507803",6.3,sucesso,2026-06-23 01:49:02.000,6.2,sucesso,2026-06-23 01:49:25.000,1,1,completo,,2026-06-23 01:48:21.000,2026-06-23 01:49:25.000
650,r01,"2026-06-22_23-12-00__validacao_tcc_unifal_r01","2202901",6.6,sucesso,2026-06-23 01:49:02.000,6.5,sucesso,2026-06-23 01:49:27.000,1,1,completo,,2026-06-23 01:48:23.000,2026-06-23 01:49:27.000
651,r01,"2026-06-22_23-12-00__validacao_tcc_unifal_r01","4209300",5.4,sucesso,2026-06-23 01:48:58.000,6.0,sucesso,2026-06-23 01:49:14.000,1,1,completo,,2026-06-23 01:48:26.000,2026-06-23 01:49:14.000
652,r01,"2026-06-22_23-12-00__validacao_tcc_unifal_r01","4209805",6.6,sucesso,2026-06-23 01:49:59.000,6.7,sucesso,2026-06-23 01:50:23.000,1,1,completo,,2026-06-23 01:49:17.000,2026-06-23 01:50:24.000
653,r01,"2026-06-22_23-12-00__validacao_tcc_unifal_r01","3508603",7.5,sucesso,2026-06-23 01:49:59.000,7.5,sucesso,2026-06-23 01:50:19.000,1,1,completo,,2026-06-23 01:49:28.000,2026-06-23 01:50:19.000
654,r01,"2026-06-22_23-12-00__validacao_tcc_unifal_r01","2203305",7.3,sucesso,2026-06-23 01:50:16.000,7.1,sucesso,2026-06-23 01:50:45.000,1,1,completo,,2026-06-23 01:49:31.000,2026-06-23 01:50:45.000
655,r01,"2026-06-22_23-12-00__validacao_tcc_unifal_r01","3508702",6.9,sucesso,2026-06-23 01:50:52.000,6.9,sucesso,2026-06-23 01:51:15.000,1,1,completo,,2026-06-23 01:50:22.000,2026-06-23 01:51:15.000
656,r01,"2026-06-22_23-12-00__validacao_tcc_unifal_r01","4210209",6.1,sucesso,2026-06-23 01:50:52.000,6.8,sucesso,2026-06-23 01:51:16.000,1,1,completo,,2026-06-23 01:50:28.000,2026-06-23 01:51:16.000
657,r01,"2026-06-22_23-12-00__validacao_tcc_unifal_r01","2204352",9.2,sucesso,2026-06-23 01:51:02.000,,sucesso_sem_nota,2026-06-23 01:52:43.000,1,0,parcial,,2026-06-23 01:50:49.000,2026-06-23 01:52:43.000
658,r01,"2026-06-22_23-12-00__validacao_tcc_unifal_r01","3512100",5.1,sucesso,2026-06-23 01:51:53.000,5.6,sucesso,2026-06-23 01:52:16.000,1,1,completo,,2026-06-23 01:51:19.000,2026-06-23 01:52:16.000
659,r01,"2026-06-22_23-12-00__validacao_tcc_unifal_r01","4210308",6.3,sucesso,2026-06-23 01:52:00.000,6.7,sucesso,2026-06-23 01:52:25.000,1,1,completo,,2026-06-23 01:51:21.000,2026-06-23 01:52:25.000
660,r01,"2026-06-22_23-12-00__validacao_tcc_unifal_r01","3512308",6.2,sucesso,2026-06-23 01:53:44.000,7.3,sucesso,2026-06-23 01:54:11.000,1,1,completo,,2026-06-23 01:52:19.000,2026-06-23 01:54:11.000
661,r01,"2026-06-22_23-12-00__validacao_tcc_unifal_r01","4211801",5.8,sucesso,2026-06-23 01:53:01.000,6.1,sucesso,2026-06-23 01:53:24.000,1,1,completo,,2026-06-23 01:52:31.000,2026-06-23 01:53:24.000
662,r01,"2026-06-22_23-12-00__validacao_tcc_unifal_r01","2205250",4.7,sucesso,2026-06-23 01:52:56.000,5.1,sucesso,2026-06-23 01:53:13.000,1,1,completo,,2026-06-23 01:52:46.000,2026-06-23 01:53:13.000
663,r01,"2026-06-22_23-12-00__validacao_tcc_unifal_r01","2205359",7.0,sucesso,2026-06-23 01:54:00.000,6.8,sucesso,2026-06-23 01:54:25.000,1,1,completo,,2026-06-23 01:53:17.000,2026-06-23 01:54:25.000
664,r01,"2026-06-22_23-12-00__validacao_tcc_unifal_r01","4212700",6.1,sucesso,2026-06-23 01:54:07.000,6.5,sucesso,2026-06-23 01:54:30.000,1,1,completo,,2026-06-23 01:53:27.000,2026-06-23 01:54:30.000
665,r01,"2026-06-22_23-12-00__validacao_tcc_unifal_r01","3513900",6.7,sucesso,2026-06-23 01:55:45.000,7.3,sucesso,2026-06-23 01:56:11.000,1,1,completo,,2026-06-23 01:54:14.000,2026-06-23 01:56:11.000
666,r01,"2026-06-22_23-12-00__validacao_tcc_unifal_r01","2206407",9.2,sucesso,2026-06-23 01:58:02.000,7.0,sucesso,2026-06-23 01:58:35.000,1,1,completo,,2026-06-23 01:54:29.000,2026-06-23 01:58:35.000
667,r01,"2026-06-22_23-12-00__validacao_tcc_unifal_r01","4213302",5.9,sucesso,2026-06-23 01:55:04.000,6.2,sucesso,2026-06-23 01:55:21.000,1,1,completo,,2026-06-23 01:54:36.000,2026-06-23 01:55:21.000
668,r01,"2026-06-22_23-12-00__validacao_tcc_unifal_r01","4214805",6.7,sucesso,2026-06-23 01:56:04.000,6.7,sucesso,2026-06-23 01:56:25.000,1,1,completo,,2026-06-23 01:55:24.000,2026-06-23 01:56:25.000
669,r01,"2026-06-22_23-12-00__validacao_tcc_unifal_r01","3515103",9.2,sucesso,2026-06-23 01:56:26.000,6.8,sucesso,2026-06-23 01:57:03.000,1,1,completo,,2026-06-23 01:56:14.000,2026-06-23 01:57:03.000
670,r01,"2026-06-22_23-12-00__validacao_tcc_unifal_r01","4215455",5.9,sucesso,2026-06-23 01:56:58.000,6.2,sucesso,2026-06-23 01:57:20.000,1,1,completo,,2026-06-23 01:56:29.000,2026-06-23 01:57:20.000
671,r01,"2026-06-22_23-12-00__validacao_tcc_unifal_r01","3515657",6.9,sucesso,2026-06-23 01:58:44.000,7.4,sucesso,2026-06-23 01:59:09.000,1,1,completo,,2026-06-23 01:57:07.000,2026-06-23 01:59:09.000
672,r01,"2026-06-22_23-12-00__validacao_tcc_unifal_r01","4218855",6.1,sucesso,2026-06-23 01:57:57.000,6.3,sucesso,2026-06-23 01:58:26.000,1,1,completo,,2026-06-23 01:57:23.000,2026-06-23 01:58:26.000
673,r01,"2026-06-22_23-12-00__validacao_tcc_unifal_r01","2207850",6.3,sucesso,2026-06-23 01:59:07.000,6.3,sucesso,2026-06-23 01:59:30.000,1,1,completo,,2026-06-23 01:58:38.000,2026-06-23 01:59:30.000
674,r01,"2026-06-22_23-12-00__validacao_tcc_unifal_r01","3519204",6.3,sucesso,2026-06-23 01:59:44.000,7.1,sucesso,2026-06-23 02:00:07.000,1,1,completo,,2026-06-23 01:59:13.000,2026-06-23 02:00:07.000
675,r01,"2026-06-22_23-12-00__validacao_tcc_unifal_r01","2209971",6.6,sucesso,2026-06-23 02:04:44.000,6.4,sucesso,2026-06-23 02:05:09.000,1,1,completo,,2026-06-23 01:59:33.000,2026-06-23 02:05:09.000
676,r01,"2026-06-22_23-12-00__validacao_tcc_unifal_r01","3519709",6.0,sucesso,2026-06-23 02:04:46.000,5.6,sucesso,2026-06-23 02:05:24.000,1,1,completo,,2026-06-23 02:00:10.000,2026-06-23 02:05:24.000
677,r01,"2026-06-22_23-12-00__validacao_tcc_unifal_r01","2210375",6.6,sucesso,2026-06-23 02:05:41.000,6.5,sucesso,2026-06-23 02:06:04.000,1,1,completo,,2026-06-23 02:05:12.000,2026-06-23 02:06:04.000
678,r01,"2026-06-22_23-12-00__validacao_tcc_unifal_r01","3519808",9.2,sucesso,2026-06-23 02:05:40.000,8.2,sucesso,2026-06-23 02:06:08.000,1,1,completo,,2026-06-23 02:05:27.000,2026-06-23 02:06:08.000
679,r01,"2026-06-22_23-12-00__validacao_tcc_unifal_r01","2210607",6.8,sucesso,2026-06-23 02:06:43.000,7.1,sucesso,2026-06-23 02:07:10.000,1,1,completo,,2026-06-23 02:06:07.000,2026-06-23 02:07:10.000
680,r01,"2026-06-22_23-12-00__validacao_tcc_unifal_r01","3520004",7.0,sucesso,2026-06-23 02:06:47.000,6.9,sucesso,2026-06-23 02:07:06.000,1,1,completo,,2026-06-23 02:06:12.000,2026-06-23 02:07:06.000
681,r01,"2026-06-22_23-12-00__validacao_tcc_unifal_r01","3520426",9.2,sucesso,2026-06-23 02:07:25.000,6.5,sucesso,2026-06-23 02:07:45.000,1,1,completo,,2026-06-23 02:07:11.000,2026-06-23 02:07:45.000
682,r01,"2026-06-22_23-12-00__validacao_tcc_unifal_r01","2210656",6.8,sucesso,2026-06-23 02:07:36.000,6.8,sucesso,2026-06-23 02:07:59.000,1,1,completo,,2026-06-23 02:07:13.000,2026-06-23 02:07:59.000
683,r01,"2026-06-22_23-12-00__validacao_tcc_unifal_r01","3520905",9.4,sucesso,2026-06-23 02:08:29.000,9.8,sucesso,2026-06-23 02:09:03.000,1,1,completo,,2026-06-23 02:07:48.000,2026-06-23 02:09:03.000
684,r01,"2026-06-22_23-12-00__validacao_tcc_unifal_r01","2210904",7.6,sucesso,2026-06-23 02:08:34.000,7.3,sucesso,2026-06-23 02:08:57.000,1,1,completo,,2026-06-23 02:08:03.000,2026-06-23 02:08:57.000
685,r01,"2026-06-22_23-12-00__validacao_tcc_unifal_r01","2211704",6.6,sucesso,2026-06-23 02:09:25.000,6.4,sucesso,2026-06-23 02:09:53.000,1,1,completo,,2026-06-23 02:09:01.000,2026-06-23 02:09:53.000
686,r01,"2026-06-22_23-12-00__validacao_tcc_unifal_r01","3521606",9.2,sucesso,2026-06-23 02:09:19.000,6.7,sucesso,2026-06-23 02:09:55.000,1,1,completo,,2026-06-23 02:09:07.000,2026-06-23 02:09:55.000
687,r01,"2026-06-22_23-12-00__validacao_tcc_unifal_r01","2401453",,falha_de_carregamento,2026-06-23 02:20:04.000,,sucesso_sem_nota,2026-06-23 02:21:16.000,0,0,falha_total,,2026-06-23 02:09:57.000,2026-06-23 02:21:16.000
688,r01,"2026-06-22_23-12-00__validacao_tcc_unifal_r01","3524600",6.1,sucesso,2026-06-23 02:11:04.000,7.2,sucesso,2026-06-23 02:11:25.000,1,1,completo,,2026-06-23 02:09:58.000,2026-06-23 02:11:25.000
689,r01,"2026-06-22_23-12-00__validacao_tcc_unifal_r01","3524808",9.2,sucesso,2026-06-23 02:11:41.000,6.8,sucesso,2026-06-23 02:12:14.000,1,1,completo,,2026-06-23 02:11:28.000,2026-06-23 02:12:14.000
690,r01,"2026-06-22_23-12-00__validacao_tcc_unifal_r01","3524907",9.2,sucesso,2026-06-23 02:12:30.000,5.9,sucesso,2026-06-23 02:13:04.000,1,1,completo,,2026-06-23 02:12:17.000,2026-06-23 02:13:04.000
691,r01,"2026-06-22_23-12-00__validacao_tcc_unifal_r01","3530904",6.4,sucesso,2026-06-23 02:13:36.000,6.2,sucesso,2026-06-23 02:13:54.000,1,1,completo,,2026-06-23 02:13:07.000,2026-06-23 02:13:54.000
692,r01,"2026-06-22_23-12-00__validacao_tcc_unifal_r01","3532900",9.7,sucesso,2026-06-23 02:14:37.000,10.0,sucesso,2026-06-23 02:15:04.000,1,1,completo,,2026-06-23 02:13:57.000,2026-06-23 02:15:04.000
693,r01,"2026-06-22_23-12-00__validacao_tcc_unifal_r01","3534104",9.0,sucesso,2026-06-23 02:15:47.000,9.4,sucesso,2026-06-23 02:16:09.000,1,1,completo,,2026-06-23 02:15:07.000,2026-06-23 02:16:09.000
694,r01,"2026-06-22_23-12-00__validacao_tcc_unifal_r01","3538105",6.9,sucesso,2026-06-23 02:16:51.000,7.4,sucesso,2026-06-23 02:17:16.000,1,1,completo,,2026-06-23 02:16:13.000,2026-06-23 02:17:16.000
695,r01,"2026-06-22_23-12-00__validacao_tcc_unifal_r01","3539608",9.2,sucesso,2026-06-23 02:17:33.000,6.8,sucesso,2026-06-23 02:17:54.000,1,1,completo,,2026-06-23 02:17:20.000,2026-06-23 02:17:54.000
696,r01,"2026-06-22_23-12-00__validacao_tcc_unifal_r01","3539707",3.9,sucesso,2026-06-23 02:18:52.000,4.5,sucesso,2026-06-23 02:19:19.000,1,1,completo,,2026-06-23 02:17:58.000,2026-06-23 02:19:19.000
697,r01,"2026-06-22_23-12-00__validacao_tcc_unifal_r01","3539806",9.2,sucesso,2026-06-23 02:19:35.000,7.6,sucesso,2026-06-23 02:19:57.000,1,1,completo,,2026-06-23 02:19:22.000,2026-06-23 02:19:57.000
698,r01,"2026-06-22_23-12-00__validacao_tcc_unifal_r01","3540101",7.4,sucesso,2026-06-23 02:20:30.000,8.0,sucesso,2026-06-23 02:20:51.000,1,1,completo,,2026-06-23 02:20:01.000,2026-06-23 02:20:51.000
699,r01,"2026-06-22_23-12-00__validacao_tcc_unifal_r01","3540853",6.4,sucesso,2026-06-23 02:21:55.000,7.5,sucesso,2026-06-23 02:22:19.000,1,1,completo,,2026-06-23 02:20:54.000,2026-06-23 02:22:19.000
700,r01,"2026-06-22_23-12-00__validacao_tcc_unifal_r01","2404408",6.9,sucesso,2026-06-23 02:21:55.000,6.9,sucesso,2026-06-23 02:22:16.000,1,1,completo,,2026-06-23 02:21:19.000,2026-06-23 02:22:16.000
701,r01,"2026-06-22_23-12-00__validacao_tcc_unifal_r01","2405108",5.9,sucesso,2026-06-23 02:22:49.000,6.6,sucesso,2026-06-23 02:23:13.000,1,1,completo,,2026-06-23 02:22:19.000,2026-06-23 02:23:13.000
702,r01,"2026-06-22_23-12-00__validacao_tcc_unifal_r01","3544103",7.4,sucesso,2026-06-23 02:22:47.000,7.4,sucesso,2026-06-23 02:23:10.000,1,1,completo,,2026-06-23 02:22:24.000,2026-06-23 02:23:10.000
703,r01,"2026-06-22_23-12-00__validacao_tcc_unifal_r01","3544509",9.2,sucesso,2026-06-23 02:23:25.000,6.1,sucesso,2026-06-23 02:23:44.000,1,1,completo,,2026-06-23 02:23:13.000,2026-06-23 02:23:44.000
704,r01,"2026-06-22_23-12-00__validacao_tcc_unifal_r01","2406809",5.7,sucesso,2026-06-23 02:23:32.000,5.5,sucesso,2026-06-23 02:23:50.000,1,1,completo,,2026-06-23 02:23:17.000,2026-06-23 02:23:50.000
705,r01,"2026-06-22_23-12-00__validacao_tcc_unifal_r01","3549953",6.4,sucesso,2026-06-23 02:24:10.000,6.5,sucesso,2026-06-23 02:24:26.000,1,1,completo,,2026-06-23 02:23:49.000,2026-06-23 02:24:26.000
706,r01,"2026-06-22_23-12-00__validacao_tcc_unifal_r01","2407104",9.2,sucesso,2026-06-23 02:31:05.000,7.9,sucesso,2026-06-23 02:31:24.000,1,1,completo,,2026-06-23 02:23:54.000,2026-06-23 02:31:24.000
707,r01,"2026-06-22_23-12-00__validacao_tcc_unifal_r01","3550001",9.2,sucesso,2026-06-23 02:24:41.000,6.9,sucesso,2026-06-23 02:25:12.000,1,1,completo,,2026-06-23 02:24:30.000,2026-06-23 02:25:12.000
708,r01,"2026-06-22_23-12-00__validacao_tcc_unifal_r01","3550506",9.2,sucesso,2026-06-23 02:25:27.000,8.6,sucesso,2026-06-23 02:25:51.000,1,1,completo,,2026-06-23 02:25:15.000,2026-06-23 02:25:51.000
709,r01,"2026-06-22_23-12-00__validacao_tcc_unifal_r01","3550605",9.2,sucesso,2026-06-23 02:29:28.000,7.5,sucesso,2026-06-23 02:29:51.000,1,1,completo,,2026-06-23 02:25:55.000,2026-06-23 02:29:51.000
710,r01,"2026-06-22_23-12-00__validacao_tcc_unifal_r01","3552007",5.9,sucesso,2026-06-23 02:31:05.000,5.9,sucesso,2026-06-23 02:31:28.000,1,1,completo,,2026-06-23 02:29:54.000,2026-06-23 02:31:28.000
711,r01,"2026-06-22_23-12-00__validacao_tcc_unifal_r01","2407252",6.3,sucesso,2026-06-23 02:35:22.000,6.6,sucesso,2026-06-23 02:35:44.000,1,1,completo,,2026-06-23 02:31:27.000,2026-06-23 02:35:44.000
712,r01,"2026-06-22_23-12-00__validacao_tcc_unifal_r01","3553401",9.2,sucesso,2026-06-23 02:38:45.000,5.9,sucesso,2026-06-23 02:39:02.000,1,1,completo,,2026-06-23 02:31:34.000,2026-06-23 02:39:02.000
713,r01,"2026-06-22_23-12-00__validacao_tcc_unifal_r01","2407401",6.0,sucesso,2026-06-23 02:37:01.000,7.0,sucesso,2026-06-23 02:37:27.000,1,1,completo,,2026-06-23 02:35:47.000,2026-06-23 02:37:27.000
714,r01,"2026-06-22_23-12-00__validacao_tcc_unifal_r01","2407500",5.9,sucesso,2026-06-23 02:37:46.000,5.9,sucesso,2026-06-23 02:38:04.000,1,1,completo,,2026-06-23 02:37:31.000,2026-06-23 02:38:04.000
715,r01,"2026-06-22_23-12-00__validacao_tcc_unifal_r01","2411007",6.3,sucesso,2026-06-23 02:38:39.000,6.5,sucesso,2026-06-23 02:39:01.000,1,1,completo,,2026-06-23 02:38:07.000,2026-06-23 02:39:01.000
716,r01,"2026-06-22_23-12-00__validacao_tcc_unifal_r01","2410306",6.3,sucesso,2026-06-23 02:40:32.000,6.6,sucesso,2026-06-23 02:40:55.000,1,1,completo,,2026-06-23 02:39:05.000,2026-06-23 02:40:55.000
717,r01,"2026-06-22_23-12-00__validacao_tcc_unifal_r01","3553906",8.8,sucesso,2026-06-23 02:39:29.000,9.0,sucesso,2026-06-23 02:39:48.000,1,1,completo,,2026-06-23 02:39:05.000,2026-06-23 02:39:48.000
718,r01,"2026-06-22_23-12-00__validacao_tcc_unifal_r01","3554409",8.2,sucesso,2026-06-23 02:40:32.000,7.9,sucesso,2026-06-23 02:41:01.000,1,1,completo,,2026-06-23 02:39:51.000,2026-06-23 02:41:01.000
719,r01,"2026-06-22_23-12-00__validacao_tcc_unifal_r01","2413904",5.6,sucesso,2026-06-23 02:41:45.000,6.0,sucesso,2026-06-23 02:42:07.000,1,1,completo,,2026-06-23 02:40:58.000,2026-06-23 02:42:07.000
720,r01,"2026-06-22_23-12-00__validacao_tcc_unifal_r01","3555604",6.2,sucesso,2026-06-23 02:41:26.000,6.6,sucesso,2026-06-23 02:41:48.000,1,1,completo,,2026-06-23 02:41:05.000,2026-06-23 02:41:48.000
721,r01,"2026-06-22_23-12-00__validacao_tcc_unifal_r01","2414902",3.8,sucesso,2026-06-23 02:43:05.000,4.5,sucesso,2026-06-23 02:43:29.000,1,1,completo,,2026-06-23 02:42:11.000,2026-06-23 02:43:29.000
722,r01,"2026-06-22_23-12-00__validacao_tcc_unifal_r01","2805703",5.7,sucesso,2026-06-23 02:44:24.000,5.7,sucesso,2026-06-23 02:44:49.000,1,1,completo,,2026-06-23 02:43:32.000,2026-06-23 02:44:49.000
723,r01,"2026-06-22_23-12-00__validacao_tcc_unifal_r01","2805802",5.7,sucesso,2026-06-23 02:45:16.000,5.7,sucesso,2026-06-23 02:45:42.000,1,1,completo,,2026-06-23 02:44:52.000,2026-06-23 02:45:42.000
724,r01,"2026-06-22_23-12-00__validacao_tcc_unifal_r01","2806008",5.4,sucesso,2026-06-23 02:46:07.000,5.5,sucesso,2026-06-23 02:46:31.000,1,1,completo,,2026-06-23 02:45:45.000,2026-06-23 02:46:31.000
725,r02,"2026-06-30_18-34-12__validacao_tcc_unifal_r02","2700102",5.7,sucesso,2026-06-30 18:35:08.000,,sucesso_sem_nota,2026-06-30 18:36:26.000,1,0,parcial,,2026-06-30 18:34:25.000,2026-06-30 18:36:26.000
726,r02,"2026-06-30_18-34-12__validacao_tcc_unifal_r02","5203939",7.5,sucesso,2026-06-30 18:35:08.000,7.2,sucesso,2026-06-30 18:35:33.000,1,1,completo,,2026-06-30 18:34:26.000,2026-06-30 18:35:33.000
727,r02,"2026-06-30_18-34-12__validacao_tcc_unifal_r02","1200179",6.1,sucesso,2026-06-30 18:39:27.000,6.3,sucesso,2026-06-30 18:39:52.000,1,1,completo,,2026-06-30 18:34:27.000,2026-06-30 18:39:52.000
728,r02,"2026-06-30_18-34-12__validacao_tcc_unifal_r02","5204656",7.1,sucesso,2026-06-30 18:36:40.000,6.9,sucesso,2026-06-30 18:37:01.000,1,1,completo,,2026-06-30 18:35:36.000,2026-06-30 18:37:01.000
729,r02,"2026-06-30_18-34-12__validacao_tcc_unifal_r02","2702207",5.4,sucesso,2026-06-30 18:36:46.000,5.8,sucesso,2026-06-30 18:37:08.000,1,1,completo,,2026-06-30 18:36:30.000,2026-06-30 18:37:08.000
730,r02,"2026-06-30_18-34-12__validacao_tcc_unifal_r02","5205802",7.4,sucesso,2026-06-30 18:37:52.000,7.4,sucesso,2026-06-30 18:38:09.000,1,1,completo,,2026-06-30 18:37:04.000,2026-06-30 18:38:09.000
731,r02,"2026-06-30_18-34-12__validacao_tcc_unifal_r02","2702900",6.4,sucesso,2026-06-30 18:37:52.000,6.8,sucesso,2026-06-30 18:38:14.000,1,1,completo,,2026-06-30 18:37:13.000,2026-06-30 18:38:14.000
732,r02,"2026-06-30_18-34-12__validacao_tcc_unifal_r02","5206602",7.0,sucesso,2026-06-30 18:39:26.000,6.9,sucesso,2026-06-30 18:39:49.000,1,1,completo,,2026-06-30 18:38:13.000,2026-06-30 18:39:49.000
733,r02,"2026-06-30_18-34-12__validacao_tcc_unifal_r02","2703304",5.9,sucesso,2026-06-30 18:39:27.000,6.3,sucesso,2026-06-30 18:39:51.000,1,1,completo,,2026-06-30 18:38:19.000,2026-06-30 18:39:51.000
734,r02,"2026-06-30_18-34-12__validacao_tcc_unifal_r02","5207253",7.7,sucesso,2026-06-30 18:40:43.000,7.8,sucesso,2026-06-30 18:41:02.000,1,1,completo,,2026-06-30 18:39:53.000,2026-06-30 18:41:02.000
735,r02,"2026-06-30_18-34-12__validacao_tcc_unifal_r02","2706422",5.8,sucesso,2026-06-30 18:40:32.000,5.7,sucesso,2026-06-30 18:40:53.000,1,1,completo,,2026-06-30 18:39:57.000,2026-06-30 18:40:53.000
736,r02,"2026-06-30_18-34-12__validacao_tcc_unifal_r02","1200393",6.1,sucesso,2026-06-30 18:40:51.000,6.3,sucesso,2026-06-30 18:41:14.000,1,1,completo,,2026-06-30 18:39:59.000,2026-06-30 18:41:14.000
737,r02,"2026-06-30_18-34-12__validacao_tcc_unifal_r02","2708808",5.2,sucesso,2026-06-30 18:41:13.000,5.3,sucesso,2026-06-30 18:41:36.000,1,1,completo,,2026-06-30 18:40:57.000,2026-06-30 18:41:36.000
738,r02,"2026-06-30_18-34-12__validacao_tcc_unifal_r02","5208806",7.0,sucesso,2026-06-30 18:41:47.000,7.2,sucesso,2026-06-30 18:42:09.000,1,1,completo,,2026-06-30 18:41:07.000,2026-06-30 18:42:09.000
739,r02,"2026-06-30_18-34-12__validacao_tcc_unifal_r02","1600303",9.2,sucesso,2026-06-30 18:41:31.000,,sucesso_sem_nota,2026-06-30 18:43:04.000,1,0,parcial,,2026-06-30 18:41:18.000,2026-06-30 18:43:05.000
740,r02,"2026-06-30_18-34-12__validacao_tcc_unifal_r02","2900603",5.9,sucesso,2026-06-30 18:41:58.000,6.1,sucesso,2026-06-30 18:42:20.000,1,1,completo,,2026-06-30 18:41:40.000,2026-06-30 18:42:20.000
741,r02,"2026-06-30_18-34-12__validacao_tcc_unifal_r02","5209457",7.4,sucesso,2026-06-30 18:43:29.000,7.2,sucesso,2026-06-30 18:43:46.000,1,1,completo,,2026-06-30 18:42:16.000,2026-06-30 18:43:46.000
742,r02,"2026-06-30_18-34-12__validacao_tcc_unifal_r02","2901106",7.2,sucesso,2026-06-30 18:42:35.000,6.9,sucesso,2026-06-30 18:42:51.000,1,1,completo,,2026-06-30 18:42:24.000,2026-06-30 18:42:51.000
743,r02,"2026-06-30_18-34-12__validacao_tcc_unifal_r02","2902500",5.5,sucesso,2026-06-30 18:43:28.000,6.3,sucesso,2026-06-30 18:43:46.000,1,1,completo,,2026-06-30 18:42:54.000,2026-06-30 18:43:46.000
744,r02,"2026-06-30_18-34-12__validacao_tcc_unifal_r02","1600550",6.5,sucesso,2026-06-30 18:43:40.000,6.8,sucesso,2026-06-30 18:44:04.000,1,1,completo,,2026-06-30 18:43:08.000,2026-06-30 18:44:04.000
745,r02,"2026-06-30_18-34-12__validacao_tcc_unifal_r02","2903201",6.4,sucesso,2026-06-30 18:44:39.000,6.6,sucesso,2026-06-30 18:45:04.000,1,1,completo,,2026-06-30 18:43:50.000,2026-06-30 18:45:04.000
746,r02,"2026-06-30_18-34-12__validacao_tcc_unifal_r02","5210802",7.3,sucesso,2026-06-30 18:44:28.000,7.1,sucesso,2026-06-30 18:44:45.000,1,1,completo,,2026-06-30 18:43:50.000,2026-06-30 18:44:45.000
747,r02,"2026-06-30_18-34-12__validacao_tcc_unifal_r02","1600709",5.9,sucesso,2026-06-30 18:44:39.000,6.6,sucesso,2026-06-30 18:45:00.000,1,1,completo,,2026-06-30 18:44:07.000,2026-06-30 18:45:00.000
748,r02,"2026-06-30_18-34-12__validacao_tcc_unifal_r02","5211800",7.0,sucesso,2026-06-30 18:45:15.000,7.1,sucesso,2026-06-30 18:45:38.000,1,1,completo,,2026-06-30 18:44:49.000,2026-06-30 18:45:38.000
749,r02,"2026-06-30_18-34-12__validacao_tcc_unifal_r02","1300508",9.2,sucesso,2026-06-30 18:48:44.000,7.1,sucesso,2026-06-30 18:49:09.000,1,1,completo,,2026-06-30 18:45:05.000,2026-06-30 18:49:09.000
750,r02,"2026-06-30_18-34-12__validacao_tcc_unifal_r02","2911303",7.8,sucesso,2026-06-30 18:45:39.000,7.9,sucesso,2026-06-30 18:46:03.000,1,1,completo,,2026-06-30 18:45:07.000,2026-06-30 18:46:03.000
751,r02,"2026-06-30_18-34-12__validacao_tcc_unifal_r02","5213806",7.6,sucesso,2026-06-30 18:46:36.000,7.3,sucesso,2026-06-30 18:46:55.000,1,1,completo,,2026-06-30 18:45:43.000,2026-06-30 18:46:55.000
752,r02,"2026-06-30_18-34-12__validacao_tcc_unifal_r02","2911402",7.9,sucesso,2026-06-30 18:46:27.000,8.3,sucesso,2026-06-30 18:46:50.000,1,1,completo,,2026-06-30 18:46:07.000,2026-06-30 18:46:50.000
753,r02,"2026-06-30_18-34-12__validacao_tcc_unifal_r02","2912103",5.3,sucesso,2026-06-30 18:47:18.000,5.4,sucesso,2026-06-30 18:47:41.000,1,1,completo,,2026-06-30 18:46:53.000,2026-06-30 18:47:41.000
754,r02,"2026-06-30_18-34-12__validacao_tcc_unifal_r02","5213905",7.6,sucesso,2026-06-30 18:47:26.000,7.5,sucesso,2026-06-30 18:47:45.000,1,1,completo,,2026-06-30 18:46:59.000,2026-06-30 18:47:45.000
755,r02,"2026-06-30_18-34-12__validacao_tcc_unifal_r02","2913705",5.0,sucesso,2026-06-30 18:48:17.000,5.7,sucesso,2026-06-30 18:48:42.000,1,1,completo,,2026-06-30 18:47:44.000,2026-06-30 18:48:42.000
756,r02,"2026-06-30_18-34-12__validacao_tcc_unifal_r02","5214838",6.9,sucesso,2026-06-30 18:48:44.000,6.8,sucesso,2026-06-30 18:49:10.000,1,1,completo,,2026-06-30 18:47:49.000,2026-06-30 18:49:10.000
757,r02,"2026-06-30_18-34-12__validacao_tcc_unifal_r02","2915007",,falha_de_carregamento,2026-06-30 18:58:43.000,,sucesso_sem_nota,2026-06-30 18:59:54.000,0,0,falha_total,,2026-06-30 18:48:45.000,2026-06-30 18:59:54.000
758,r02,"2026-06-30_18-34-12__validacao_tcc_unifal_r02","1300706",9.2,sucesso,2026-06-30 18:50:12.000,9.7,sucesso,2026-06-30 18:50:34.000,1,1,completo,,2026-06-30 18:49:12.000,2026-06-30 18:50:34.000
759,r02,"2026-06-30_18-34-12__validacao_tcc_unifal_r02","5214861",7.1,sucesso,2026-06-30 18:50:01.000,7.2,sucesso,2026-06-30 18:50:19.000,1,1,completo,,2026-06-30 18:49:13.000,2026-06-30 18:50:19.000
760,r02,"2026-06-30_18-34-12__validacao_tcc_unifal_r02","5216908",7.4,sucesso,2026-06-30 18:51:05.000,7.2,sucesso,2026-06-30 18:51:22.000,1,1,completo,,2026-06-30 18:50:22.000,2026-06-30 18:51:22.000
761,r02,"2026-06-30_18-34-12__validacao_tcc_unifal_r02","1300839",7.6,sucesso,2026-06-30 18:50:59.000,7.8,sucesso,2026-06-30 18:51:18.000,1,1,completo,,2026-06-30 18:50:38.000,2026-06-30 18:51:18.000
762,r02,"2026-06-30_18-34-12__validacao_tcc_unifal_r02","1301209",6.3,sucesso,2026-06-30 18:52:20.000,6.6,sucesso,2026-06-30 18:52:47.000,1,1,completo,,2026-06-30 18:51:21.000,2026-06-30 18:52:47.000
763,r02,"2026-06-30_18-34-12__validacao_tcc_unifal_r02","5220454",6.7,sucesso,2026-06-30 18:52:02.000,6.9,sucesso,2026-06-30 18:52:26.000,1,1,completo,,2026-06-30 18:51:27.000,2026-06-30 18:52:26.000
764,r02,"2026-06-30_18-34-12__validacao_tcc_unifal_r02","5100102",,falha_de_carregamento,2026-06-30 19:02:33.000,6.3,sucesso,2026-06-30 19:02:50.000,0,1,parcial,,2026-06-30 18:52:29.000,2026-06-30 19:02:50.000
765,r02,"2026-06-30_18-34-12__validacao_tcc_unifal_r02","1303403",9.2,sucesso,2026-06-30 18:53:07.000,,sucesso_sem_nota,2026-06-30 18:54:23.000,1,0,parcial,,2026-06-30 18:52:50.000,2026-06-30 18:54:23.000
766,r02,"2026-06-30_18-34-12__validacao_tcc_unifal_r02","1500107",9.2,sucesso,2026-06-30 18:54:38.000,6.0,sucesso,2026-06-30 18:55:04.000,1,1,completo,,2026-06-30 18:54:26.000,2026-06-30 18:55:04.000
767,r02,"2026-06-30_18-34-12__validacao_tcc_unifal_r02","1500958",6.2,sucesso,2026-06-30 18:55:32.000,6.4,sucesso,2026-06-30 18:55:54.000,1,1,completo,,2026-06-30 18:55:07.000,2026-06-30 18:55:54.000
768,r02,"2026-06-30_18-34-12__validacao_tcc_unifal_r02","1502707",9.2,sucesso,2026-06-30 18:56:13.000,6.1,sucesso,2026-06-30 18:56:38.000,1,1,completo,,2026-06-30 18:55:58.000,2026-06-30 18:56:38.000
769,r02,"2026-06-30_18-34-12__validacao_tcc_unifal_r02","1502939",6.2,sucesso,2026-06-30 18:57:16.000,6.2,sucesso,2026-06-30 18:57:39.000,1,1,completo,,2026-06-30 18:56:41.000,2026-06-30 18:57:39.000
770,r02,"2026-06-30_18-34-12__validacao_tcc_unifal_r02","1504422",9.2,sucesso,2026-06-30 19:01:14.000,7.1,sucesso,2026-06-30 19:01:42.000,1,1,completo,,2026-06-30 18:57:43.000,2026-06-30 19:01:42.000
771,r02,"2026-06-30_18-34-12__validacao_tcc_unifal_r02","2915106",9.2,sucesso,2026-06-30 19:00:10.000,7.3,sucesso,2026-06-30 19:00:32.000,1,1,completo,,2026-06-30 18:59:57.000,2026-06-30 19:00:32.000
772,r02,"2026-06-30_18-34-12__validacao_tcc_unifal_r02","2918357",6.6,sucesso,2026-06-30 19:00:57.000,7.7,sucesso,2026-06-30 19:01:23.000,1,1,completo,,2026-06-30 19:00:35.000,2026-06-30 19:01:23.000
773,r02,"2026-06-30_18-34-12__validacao_tcc_unifal_r02","2918555",5.4,sucesso,2026-06-30 19:03:18.000,5.5,sucesso,2026-06-30 19:03:40.000,1,1,completo,,2026-06-30 19:01:27.000,2026-06-30 19:03:40.000
774,r02,"2026-06-30_18-34-12__validacao_tcc_unifal_r02","1505494",6.5,sucesso,2026-06-30 19:02:09.000,6.6,sucesso,2026-06-30 19:02:38.000,1,1,completo,,2026-06-30 19:01:45.000,2026-06-30 19:02:38.000
775,r02,"2026-06-30_18-34-12__validacao_tcc_unifal_r02","1100015",7.0,sucesso,2026-06-30 19:03:18.000,7.2,sucesso,2026-06-30 19:03:48.000,1,1,completo,,2026-06-30 19:02:42.000,2026-06-30 19:03:48.000
776,r02,"2026-06-30_18-34-12__validacao_tcc_unifal_r02","5101902",5.1,sucesso,2026-06-30 19:03:24.000,5.2,sucesso,2026-06-30 19:03:48.000,1,1,completo,,2026-06-30 19:02:54.000,2026-06-30 19:03:48.000
777,r02,"2026-06-30_18-34-12__validacao_tcc_unifal_r02","2918803",4.5,sucesso,2026-06-30 19:05:15.000,5.5,sucesso,2026-06-30 19:05:44.000,1,1,completo,,2026-06-30 19:03:44.000,2026-06-30 19:05:44.000
778,r02,"2026-06-30_18-34-12__validacao_tcc_unifal_r02","5102504",7.3,sucesso,2026-06-30 19:05:15.000,7.5,sucesso,2026-06-30 19:05:55.000,1,1,completo,,2026-06-30 19:03:53.000,2026-06-30 19:05:55.000
779,r02,"2026-06-30_18-34-12__validacao_tcc_unifal_r02","1100700",9.2,sucesso,2026-06-30 19:04:11.000,7.8,sucesso,2026-06-30 19:04:37.000,1,1,completo,,2026-06-30 19:03:53.000,2026-06-30 19:04:37.000
780,r02,"2026-06-30_18-34-12__validacao_tcc_unifal_r02","1100908",6.5,sucesso,2026-06-30 19:05:17.000,6.4,sucesso,2026-06-30 19:05:33.000,1,1,completo,,2026-06-30 19:04:41.000,2026-06-30 19:05:33.000
781,r02,"2026-06-30_18-34-12__validacao_tcc_unifal_r02","1100080",6.5,sucesso,2026-06-30 19:06:37.000,6.5,sucesso,2026-06-30 19:07:29.000,1,1,completo,,2026-06-30 19:05:37.000,2026-06-30 19:07:29.000
782,r02,"2026-06-30_18-34-12__validacao_tcc_unifal_r02","2919058",5.4,sucesso,2026-06-30 19:06:11.000,5.5,sucesso,2026-06-30 19:06:34.000,1,1,completo,,2026-06-30 19:05:48.000,2026-06-30 19:06:34.000
783,r02,"2026-06-30_18-34-12__validacao_tcc_unifal_r02","5103437",9.2,sucesso,2026-06-30 19:06:12.000,8.1,sucesso,2026-06-30 19:06:34.000,1,1,completo,,2026-06-30 19:05:58.000,2026-06-30 19:06:34.000
784,r02,"2026-06-30_18-34-12__validacao_tcc_unifal_r02","2921302",5.4,sucesso,2026-06-30 19:07:09.000,5.5,sucesso,2026-06-30 19:07:32.000,1,1,completo,,2026-06-30 19:06:38.000,2026-06-30 19:07:32.000
785,r02,"2026-06-30_18-34-12__validacao_tcc_unifal_r02","5104807",7.7,sucesso,2026-06-30 19:07:09.000,7.4,sucesso,2026-06-30 19:07:32.000,1,1,completo,,2026-06-30 19:06:38.000,2026-06-30 19:07:32.000
786,r02,"2026-06-30_18-34-12__validacao_tcc_unifal_r02","1101807",9.2,sucesso,2026-06-30 19:08:16.000,6.6,sucesso,2026-06-30 19:08:33.000,1,1,completo,,2026-06-30 19:07:33.000,2026-06-30 19:08:33.000
787,r02,"2026-06-30_18-34-12__validacao_tcc_unifal_r02","5105580",4.4,sucesso,2026-06-30 19:08:16.000,5.4,sucesso,2026-06-30 19:08:55.000,1,1,completo,,2026-06-30 19:07:36.000,2026-06-30 19:08:55.000
788,r02,"2026-06-30_18-34-12__validacao_tcc_unifal_r02","2922607",5.6,sucesso,2026-06-30 19:08:01.000,5.8,sucesso,2026-06-30 19:08:21.000,1,1,completo,,2026-06-30 19:07:39.000,2026-06-30 19:08:21.000
789,r02,"2026-06-30_18-34-12__validacao_tcc_unifal_r02","2923209",5.2,sucesso,2026-06-30 19:08:45.000,5.6,sucesso,2026-06-30 19:09:08.000,1,1,completo,,2026-06-30 19:08:25.000,2026-06-30 19:09:08.000
790,r02,"2026-06-30_18-34-12__validacao_tcc_unifal_r02","1400472",5.9,sucesso,2026-06-30 19:14:54.000,5.9,sucesso,2026-06-30 19:15:29.000,1,1,completo,,2026-06-30 19:08:37.000,2026-06-30 19:15:29.000
791,r02,"2026-06-30_18-34-12__validacao_tcc_unifal_r02","5106828",7.1,sucesso,2026-06-30 19:09:50.000,7.6,sucesso,2026-06-30 19:10:17.000,1,1,completo,,2026-06-30 19:08:58.000,2026-06-30 19:10:17.000
792,r02,"2026-06-30_18-34-12__validacao_tcc_unifal_r02","2923704",8.2,sucesso,2026-06-30 19:09:50.000,8.6,sucesso,2026-06-30 19:10:07.000,1,1,completo,,2026-06-30 19:09:12.000,2026-06-30 19:10:07.000
793,r02,"2026-06-30_18-34-12__validacao_tcc_unifal_r02","2923803",5.4,sucesso,2026-06-30 19:10:44.000,5.5,sucesso,2026-06-30 19:11:08.000,1,1,completo,,2026-06-30 19:10:11.000,2026-06-30 19:11:08.000
794,r02,"2026-06-30_18-34-12__validacao_tcc_unifal_r02","5107107",6.2,sucesso,2026-06-30 19:10:44.000,6.2,sucesso,2026-06-30 19:11:01.000,1,1,completo,,2026-06-30 19:10:21.000,2026-06-30 19:11:01.000
795,r02,"2026-06-30_18-34-12__validacao_tcc_unifal_r02","5107909",9.2,sucesso,2026-06-30 19:11:17.000,9.2,sucesso,2026-06-30 19:11:40.000,1,1,completo,,2026-06-30 19:11:04.000,2026-06-30 19:11:40.000
796,r02,"2026-06-30_18-34-12__validacao_tcc_unifal_r02","2924603",6.5,sucesso,2026-06-30 19:11:31.000,6.8,sucesso,2026-06-30 19:11:48.000,1,1,completo,,2026-06-30 19:11:12.000,2026-06-30 19:11:48.000
797,r02,"2026-06-30_18-34-12__validacao_tcc_unifal_r02","5108402",6.7,sucesso,2026-06-30 19:12:18.000,7.0,sucesso,2026-06-30 19:12:44.000,1,1,completo,,2026-06-30 19:11:43.000,2026-06-30 19:12:44.000
798,r02,"2026-06-30_18-34-12__validacao_tcc_unifal_r02","2926202",5.1,sucesso,2026-06-30 19:15:37.000,6.1,sucesso,2026-06-30 19:15:54.000,1,1,completo,,2026-06-30 19:11:53.000,2026-06-30 19:15:54.000
799,r02,"2026-06-30_18-34-12__validacao_tcc_unifal_r02","5001904",7.5,sucesso,2026-06-30 19:13:31.000,7.4,sucesso,2026-06-30 19:13:57.000,1,1,completo,,2026-06-30 19:12:47.000,2026-06-30 19:13:57.000
800,r02,"2026-06-30_18-34-12__validacao_tcc_unifal_r02","5002704",6.9,sucesso,2026-06-30 19:14:33.000,7.3,sucesso,2026-06-30 19:14:58.000,1,1,completo,,2026-06-30 19:14:00.000,2026-06-30 19:14:58.000
801,r02,"2026-06-30_18-34-12__validacao_tcc_unifal_r02","5002902",9.2,sucesso,2026-06-30 19:20:08.000,6.8,sucesso,2026-06-30 19:20:32.000,1,1,completo,,2026-06-30 19:15:01.000,2026-06-30 19:20:32.000
802,r02,"2026-06-30_18-34-12__validacao_tcc_unifal_r02","1702208",5.6,sucesso,2026-06-30 19:16:38.000,6.1,sucesso,2026-06-30 19:17:03.000,1,1,completo,,2026-06-30 19:15:33.000,2026-06-30 19:17:03.000
803,r02,"2026-06-30_18-34-12__validacao_tcc_unifal_r02","2926806",6.1,sucesso,2026-06-30 19:16:18.000,6.3,sucesso,2026-06-30 19:16:40.000,1,1,completo,,2026-06-30 19:15:57.000,2026-06-30 19:16:40.000
804,r02,"2026-06-30_18-34-12__validacao_tcc_unifal_r02","2927002",8.0,sucesso,2026-06-30 19:17:10.000,8.7,sucesso,2026-06-30 19:17:33.000,1,1,completo,,2026-06-30 19:16:44.000,2026-06-30 19:17:33.000
805,r02,"2026-06-30_18-34-12__validacao_tcc_unifal_r02","1703826",6.8,sucesso,2026-06-30 19:17:32.000,7.0,sucesso,2026-06-30 19:17:55.000,1,1,completo,,2026-06-30 19:17:06.000,2026-06-30 19:17:55.000
806,r02,"2026-06-30_18-34-12__validacao_tcc_unifal_r02","2928406",7.0,sucesso,2026-06-30 19:18:30.000,7.3,sucesso,2026-06-30 19:18:58.000,1,1,completo,,2026-06-30 19:17:37.000,2026-06-30 19:18:58.000
807,r02,"2026-06-30_18-34-12__validacao_tcc_unifal_r02","1706258",7.2,sucesso,2026-06-30 19:18:40.000,6.7,sucesso,2026-06-30 19:18:56.000,1,1,completo,,2026-06-30 19:17:58.000,2026-06-30 19:18:56.000
808,r02,"2026-06-30_18-34-12__validacao_tcc_unifal_r02","1709302",6.9,sucesso,2026-06-30 19:21:56.000,7.0,sucesso,2026-06-30 19:22:23.000,1,1,completo,,2026-06-30 19:19:00.000,2026-06-30 19:22:23.000
809,r02,"2026-06-30_18-34-12__validacao_tcc_unifal_r02","2929107",7.6,sucesso,2026-06-30 19:20:55.000,7.1,sucesso,2026-06-30 19:21:19.000,1,1,completo,,2026-06-30 19:19:01.000,2026-06-30 19:21:19.000
810,r02,"2026-06-30_18-34-12__validacao_tcc_unifal_r02","5003157",6.9,sucesso,2026-06-30 19:22:11.000,7.1,sucesso,2026-06-30 19:22:30.000,1,1,completo,,2026-06-30 19:20:35.000,2026-06-30 19:22:30.000
811,r02,"2026-06-30_18-34-12__validacao_tcc_unifal_r02","2933000",7.3,sucesso,2026-06-30 19:21:56.000,7.5,sucesso,2026-06-30 19:22:15.000,1,1,completo,,2026-06-30 19:21:22.000,2026-06-30 19:22:15.000
812,r02,"2026-06-30_18-34-12__validacao_tcc_unifal_r02","2933208",5.0,sucesso,2026-06-30 19:22:45.000,5.4,sucesso,2026-06-30 19:23:19.000,1,1,completo,,2026-06-30 19:22:18.000,2026-06-30 19:23:19.000
813,r02,"2026-06-30_18-34-12__validacao_tcc_unifal_r02","1710706",6.0,sucesso,2026-06-30 19:25:12.000,6.3,sucesso,2026-06-30 19:25:40.000,1,1,completo,,2026-06-30 19:22:27.000,2026-06-30 19:25:40.000
814,r02,"2026-06-30_18-34-12__validacao_tcc_unifal_r02","5004106",5.9,sucesso,2026-06-30 19:23:54.000,6.8,sucesso,2026-06-30 19:24:23.000,1,1,completo,,2026-06-30 19:22:34.000,2026-06-30 19:24:23.000
815,r02,"2026-06-30_18-34-12__validacao_tcc_unifal_r02","2301851",9.2,sucesso,2026-06-30 19:23:35.000,7.0,sucesso,2026-06-30 19:23:59.000,1,1,completo,,2026-06-30 19:23:23.000,2026-06-30 19:23:59.000
816,r02,"2026-06-30_18-34-12__validacao_tcc_unifal_r02","2303006",6.5,sucesso,2026-06-30 19:24:34.000,6.8,sucesso,2026-06-30 19:24:56.000,1,1,completo,,2026-06-30 19:24:02.000,2026-06-30 19:24:56.000
817,r02,"2026-06-30_18-34-12__validacao_tcc_unifal_r02","5007208",9.0,sucesso,2026-06-30 19:25:12.000,8.3,sucesso,2026-06-30 19:25:37.000,1,1,completo,,2026-06-30 19:24:26.000,2026-06-30 19:25:37.000
818,r02,"2026-06-30_18-34-12__validacao_tcc_unifal_r02","2303105",6.3,sucesso,2026-06-30 19:25:29.000,6.6,sucesso,2026-06-30 19:25:52.000,1,1,completo,,2026-06-30 19:25:00.000,2026-06-30 19:25:52.000
819,r02,"2026-06-30_18-34-12__validacao_tcc_unifal_r02","1718808",6.9,sucesso,2026-06-30 19:26:05.000,6.9,sucesso,2026-06-30 19:26:35.000,1,1,completo,,2026-06-30 19:25:43.000,2026-06-30 19:26:35.000
820,r02,"2026-06-30_18-34-12__validacao_tcc_unifal_r02","2303303",7.1,sucesso,2026-06-30 19:26:27.000,7.3,sucesso,2026-06-30 19:26:49.000,1,1,completo,,2026-06-30 19:25:56.000,2026-06-30 19:26:49.000
821,r02,"2026-06-30_18-34-12__validacao_tcc_unifal_r02","1718881",9.2,sucesso,2026-06-30 19:26:51.000,,sucesso_sem_nota,2026-06-30 19:28:04.000,1,0,parcial,,2026-06-30 19:26:38.000,2026-06-30 19:28:04.000
822,r02,"2026-06-30_18-34-12__validacao_tcc_unifal_r02","3200102",8.9,sucesso,2026-06-30 19:30:13.000,6.8,sucesso,2026-06-30 19:30:35.000,1,1,completo,,2026-06-30 19:26:41.000,2026-06-30 19:30:35.000
823,r02,"2026-06-30_18-34-12__validacao_tcc_unifal_r02","2303402",6.5,sucesso,2026-06-30 19:27:25.000,6.8,sucesso,2026-06-30 19:27:47.000,1,1,completo,,2026-06-30 19:26:53.000,2026-06-30 19:27:47.000
824,r02,"2026-06-30_18-34-12__validacao_tcc_unifal_r02","2303956",6.3,sucesso,2026-06-30 19:28:31.000,6.2,sucesso,2026-06-30 19:28:54.000,1,1,completo,,2026-06-30 19:27:51.000,2026-06-30 19:28:54.000
825,r02,"2026-06-30_18-34-12__validacao_tcc_unifal_r02","1722107",9.2,sucesso,2026-06-30 19:31:40.000,7.1,sucesso,2026-06-30 19:32:00.000,1,1,completo,,2026-06-30 19:28:08.000,2026-06-30 19:32:00.000
826,r02,"2026-06-30_18-34-12__validacao_tcc_unifal_r02","2304236",6.1,sucesso,2026-06-30 19:29:40.000,6.0,sucesso,2026-06-30 19:30:00.000,1,1,completo,,2026-06-30 19:28:57.000,2026-06-30 19:30:00.000
827,r02,"2026-06-30_18-34-12__validacao_tcc_unifal_r02","2308708",6.0,sucesso,2026-06-30 19:30:36.000,6.5,sucesso,2026-06-30 19:30:59.000,1,1,completo,,2026-06-30 19:30:05.000,2026-06-30 19:30:59.000
828,r02,"2026-06-30_18-34-12__validacao_tcc_unifal_r02","3200409",7.5,sucesso,2026-06-30 19:31:13.000,7.1,sucesso,2026-06-30 19:31:37.000,1,1,completo,,2026-06-30 19:30:39.000,2026-06-30 19:31:37.000
829,r02,"2026-06-30_18-34-12__validacao_tcc_unifal_r02","2310308",6.3,sucesso,2026-06-30 19:31:33.000,7.0,sucesso,2026-06-30 19:31:56.000,1,1,completo,,2026-06-30 19:31:03.000,2026-06-30 19:31:56.000
830,r02,"2026-06-30_18-34-12__validacao_tcc_unifal_r02","3202009",6.5,sucesso,2026-06-30 19:32:16.000,7.5,sucesso,2026-06-30 19:32:53.000,1,1,completo,,2026-06-30 19:31:41.000,2026-06-30 19:32:53.000
831,r02,"2026-06-30_18-34-12__validacao_tcc_unifal_r02","2310407",6.3,sucesso,2026-06-30 19:32:33.000,6.6,sucesso,2026-06-30 19:32:55.000,1,1,completo,,2026-06-30 19:31:59.000,2026-06-30 19:32:55.000
832,r02,"2026-06-30_18-34-12__validacao_tcc_unifal_r02","4101101",6.2,sucesso,2026-06-30 19:33:34.000,6.7,sucesso,2026-06-30 19:33:53.000,1,1,completo,,2026-06-30 19:32:21.000,2026-06-30 19:33:53.000
833,r02,"2026-06-30_18-34-12__validacao_tcc_unifal_r02","3203346",6.3,sucesso,2026-06-30 19:33:19.000,6.3,sucesso,2026-06-30 19:33:45.000,1,1,completo,,2026-06-30 19:32:57.000,2026-06-30 19:33:45.000
834,r02,"2026-06-30_18-34-12__validacao_tcc_unifal_r02","2312106",6.3,sucesso,2026-06-30 19:33:31.000,6.5,sucesso,2026-06-30 19:33:52.000,1,1,completo,,2026-06-30 19:33:00.000,2026-06-30 19:33:52.000
835,r02,"2026-06-30_18-34-12__validacao_tcc_unifal_r02","3101300",9.2,sucesso,2026-06-30 19:33:59.000,7.4,sucesso,2026-06-30 19:34:18.000,1,1,completo,,2026-06-30 19:33:48.000,2026-06-30 19:34:18.000
836,r02,"2026-06-30_18-34-12__validacao_tcc_unifal_r02","2313252",6.4,sucesso,2026-06-30 19:34:25.000,6.6,sucesso,2026-06-30 19:34:50.000,1,1,completo,,2026-06-30 19:33:57.000,2026-06-30 19:34:50.000
837,r02,"2026-06-30_18-34-12__validacao_tcc_unifal_r02","4101655",6.8,sucesso,2026-06-30 19:34:33.000,6.9,sucesso,2026-06-30 19:34:54.000,1,1,completo,,2026-06-30 19:33:57.000,2026-06-30 19:34:54.000
838,r02,"2026-06-30_18-34-12__validacao_tcc_unifal_r02","3103603",6.2,sucesso,2026-06-30 19:34:40.000,6.9,sucesso,2026-06-30 19:35:00.000,1,1,completo,,2026-06-30 19:34:23.000,2026-06-30 19:35:00.000
839,r02,"2026-06-30_18-34-12__validacao_tcc_unifal_r02","2313955",6.2,sucesso,2026-06-30 19:35:24.000,6.5,sucesso,2026-06-30 19:35:45.000,1,1,completo,,2026-06-30 19:34:54.000,2026-06-30 19:35:45.000
840,r02,"2026-06-30_18-34-12__validacao_tcc_unifal_r02","4102901",9.2,sucesso,2026-06-30 19:35:15.000,6.6,sucesso,2026-06-30 19:35:42.000,1,1,completo,,2026-06-30 19:34:59.000,2026-06-30 19:35:42.000
841,r02,"2026-06-30_18-34-12__validacao_tcc_unifal_r02","3103751",8.2,sucesso,2026-06-30 19:35:24.000,7.7,sucesso,2026-06-30 19:35:41.000,1,1,completo,,2026-06-30 19:35:04.000,2026-06-30 19:35:41.000
842,r02,"2026-06-30_18-34-12__validacao_tcc_unifal_r02","3103801",5.9,sucesso,2026-06-30 19:36:55.000,6.1,sucesso,2026-06-30 19:37:25.000,1,1,completo,,2026-06-30 19:35:44.000,2026-06-30 19:37:25.000
843,r02,"2026-06-30_18-34-12__validacao_tcc_unifal_r02","4103107",6.3,sucesso,2026-06-30 19:36:22.000,6.9,sucesso,2026-06-30 19:36:44.000,1,1,completo,,2026-06-30 19:35:45.000,2026-06-30 19:36:44.000
844,r02,"2026-06-30_18-34-12__validacao_tcc_unifal_r02","2100436",6.9,sucesso,2026-06-30 19:37:35.000,6.5,sucesso,2026-06-30 19:38:04.000,1,1,completo,,2026-06-30 19:35:52.000,2026-06-30 19:38:04.000
845,r02,"2026-06-30_18-34-12__validacao_tcc_unifal_r02","4103404",4.9,sucesso,2026-06-30 19:37:24.000,5.6,sucesso,2026-06-30 19:37:48.000,1,1,completo,,2026-06-30 19:36:48.000,2026-06-30 19:37:48.000
846,r02,"2026-06-30_18-34-12__validacao_tcc_unifal_r02","3107109",9.2,sucesso,2026-06-30 19:37:40.000,5.8,sucesso,2026-06-30 19:38:10.000,1,1,completo,,2026-06-30 19:37:28.000,2026-06-30 19:38:10.000
847,r02,"2026-06-30_18-34-12__validacao_tcc_unifal_r02","4103453",5.7,sucesso,2026-06-30 19:38:10.000,6.4,sucesso,2026-06-30 19:38:26.000,1,1,completo,,2026-06-30 19:37:51.000,2026-06-30 19:38:26.000
848,r02,"2026-06-30_18-34-12__validacao_tcc_unifal_r02","2100501",6.8,sucesso,2026-06-30 19:38:28.000,6.3,sucesso,2026-06-30 19:38:51.000,1,1,completo,,2026-06-30 19:38:08.000,2026-06-30 19:38:51.000
849,r02,"2026-06-30_18-34-12__validacao_tcc_unifal_r02","3108008",9.2,sucesso,2026-06-30 19:38:28.000,8.3,sucesso,2026-06-30 19:38:51.000,1,1,completo,,2026-06-30 19:38:15.000,2026-06-30 19:38:51.000
850,r02,"2026-06-30_18-34-12__validacao_tcc_unifal_r02","4104253",6.5,sucesso,2026-06-30 19:39:18.000,6.7,sucesso,2026-06-30 19:39:43.000,1,1,completo,,2026-06-30 19:38:32.000,2026-06-30 19:39:43.000
851,r02,"2026-06-30_18-34-12__validacao_tcc_unifal_r02","2100956",6.3,sucesso,2026-06-30 19:39:32.000,6.6,sucesso,2026-06-30 19:39:53.000,1,1,completo,,2026-06-30 19:38:54.000,2026-06-30 19:39:53.000
852,r02,"2026-06-30_18-34-12__validacao_tcc_unifal_r02","3108701",9.2,sucesso,2026-06-30 19:39:18.000,7.7,sucesso,2026-06-30 19:39:42.000,1,1,completo,,2026-06-30 19:38:55.000,2026-06-30 19:39:42.000
853,r02,"2026-06-30_18-34-12__validacao_tcc_unifal_r02","3109600",6.3,sucesso,2026-06-30 19:40:24.000,7.4,sucesso,2026-06-30 19:41:03.000,1,1,completo,,2026-06-30 19:39:45.000,2026-06-30 19:41:03.000
854,r02,"2026-06-30_18-34-12__validacao_tcc_unifal_r02","4104303",8.1,sucesso,2026-06-30 19:40:34.000,7.7,sucesso,2026-06-30 19:40:57.000,1,1,completo,,2026-06-30 19:39:46.000,2026-06-30 19:40:57.000
855,r02,"2026-06-30_18-34-12__validacao_tcc_unifal_r02","2101608",8.4,sucesso,2026-06-30 19:40:33.000,8.3,sucesso,2026-06-30 19:40:56.000,1,1,completo,,2026-06-30 19:39:58.000,2026-06-30 19:40:56.000
856,r02,"2026-06-30_18-34-12__validacao_tcc_unifal_r02","2101970",4.4,sucesso,2026-06-30 19:41:30.000,5.3,sucesso,2026-06-30 19:41:53.000,1,1,completo,,2026-06-30 19:41:01.000,2026-06-30 19:41:53.000
857,r02,"2026-06-30_18-34-12__validacao_tcc_unifal_r02","4107546",6.9,sucesso,2026-06-30 19:41:36.000,7.0,sucesso,2026-06-30 19:42:00.000,1,1,completo,,2026-06-30 19:41:01.000,2026-06-30 19:42:00.000
858,r02,"2026-06-30_18-34-12__validacao_tcc_unifal_r02","3109808",5.6,sucesso,2026-06-30 19:41:39.000,6.0,sucesso,2026-06-30 19:42:02.000,1,1,completo,,2026-06-30 19:41:09.000,2026-06-30 19:42:02.000
859,r02,"2026-06-30_18-34-12__validacao_tcc_unifal_r02","2102408",4.5,sucesso,2026-06-30 19:42:22.000,5.3,sucesso,2026-06-30 19:42:45.000,1,1,completo,,2026-06-30 19:41:56.000,2026-06-30 19:42:45.000
860,r02,"2026-06-30_18-34-12__validacao_tcc_unifal_r02","4108007",7.1,sucesso,2026-06-30 19:42:23.000,7.5,sucesso,2026-06-30 19:42:41.000,1,1,completo,,2026-06-30 19:42:04.000,2026-06-30 19:42:41.000
861,r02,"2026-06-30_18-34-12__validacao_tcc_unifal_r02","3113008",9.2,sucesso,2026-06-30 19:42:20.000,6.5,sucesso,2026-06-30 19:42:46.000,1,1,completo,,2026-06-30 19:42:06.000,2026-06-30 19:42:46.000
862,r02,"2026-06-30_18-34-12__validacao_tcc_unifal_r02","4108106",5.6,sucesso,2026-06-30 19:43:14.000,5.5,sucesso,2026-06-30 19:43:37.000,1,1,completo,,2026-06-30 19:42:44.000,2026-06-30 19:43:37.000
863,r02,"2026-06-30_18-34-12__validacao_tcc_unifal_r02","3115102",9.2,sucesso,2026-06-30 19:43:08.000,7.2,sucesso,2026-06-30 19:43:25.000,1,1,completo,,2026-06-30 19:42:50.000,2026-06-30 19:43:25.000
864,r02,"2026-06-30_18-34-12__validacao_tcc_unifal_r02","2103174",6.9,sucesso,2026-06-30 19:44:20.000,6.5,sucesso,2026-06-30 19:44:47.000,1,1,completo,,2026-06-30 19:42:52.000,2026-06-30 19:44:47.000
865,r02,"2026-06-30_18-34-12__validacao_tcc_unifal_r02","3115409",9.2,sucesso,2026-06-30 19:50:36.000,9.3,sucesso,2026-06-30 19:51:06.000,1,1,completo,,2026-06-30 19:43:29.000,2026-06-30 19:51:06.000
866,r02,"2026-06-30_18-34-12__validacao_tcc_unifal_r02","4108809",5.8,sucesso,2026-06-30 19:44:20.000,6.0,sucesso,2026-06-30 19:44:44.000,1,1,completo,,2026-06-30 19:43:41.000,2026-06-30 19:44:44.000
867,r02,"2026-06-30_18-34-12__validacao_tcc_unifal_r02","4109203",7.2,sucesso,2026-06-30 19:45:10.000,7.3,sucesso,2026-06-30 19:45:33.000,1,1,completo,,2026-06-30 19:44:47.000,2026-06-30 19:45:33.000
868,r02,"2026-06-30_18-34-12__validacao_tcc_unifal_r02","2103406",7.0,sucesso,2026-06-30 19:48:44.000,7.0,sucesso,2026-06-30 19:49:06.000,1,1,completo,,2026-06-30 19:44:50.000,2026-06-30 19:49:06.000
869,r02,"2026-06-30_18-34-12__validacao_tcc_unifal_r02","4109401",,falha_de_carregamento,2026-06-30 19:55:41.000,7.3,sucesso,2026-06-30 19:55:57.000,0,1,parcial,,2026-06-30 19:45:36.000,2026-06-30 19:55:57.000
870,r02,"2026-06-30_18-34-12__validacao_tcc_unifal_r02","2105104",6.5,sucesso,2026-06-30 19:52:59.000,6.8,sucesso,2026-06-30 19:53:20.000,1,1,completo,,2026-06-30 19:49:09.000,2026-06-30 19:53:20.000
871,r02,"2026-06-30_18-34-12__validacao_tcc_unifal_r02","3115607",7.7,sucesso,2026-06-30 19:51:37.000,8.2,sucesso,2026-06-30 19:52:04.000,1,1,completo,,2026-06-30 19:51:09.000,2026-06-30 19:52:04.000
872,r02,"2026-06-30_18-34-12__validacao_tcc_unifal_r02","3115805",6.0,sucesso,2026-06-30 19:54:03.000,6.1,sucesso,2026-06-30 19:54:26.000,1,1,completo,,2026-06-30 19:52:07.000,2026-06-30 19:54:26.000
873,r02,"2026-06-30_18-34-12__validacao_tcc_unifal_r02","2105203",6.9,sucesso,2026-06-30 19:54:34.000,6.5,sucesso,2026-06-30 19:55:02.000,1,1,completo,,2026-06-30 19:53:23.000,2026-06-30 19:55:02.000
874,r02,"2026-06-30_18-34-12__validacao_tcc_unifal_r02","3117702",9.2,sucesso,2026-06-30 19:58:00.000,8.1,sucesso,2026-06-30 19:58:18.000,1,1,completo,,2026-06-30 19:54:29.000,2026-06-30 19:58:18.000
875,r02,"2026-06-30_18-34-12__validacao_tcc_unifal_r02","2106631",6.0,sucesso,2026-06-30 19:55:35.000,6.6,sucesso,2026-06-30 19:55:55.000,1,1,completo,,2026-06-30 19:55:05.000,2026-06-30 19:55:55.000
876,r02,"2026-06-30_18-34-12__validacao_tcc_unifal_r02","2107605",6.4,sucesso,2026-06-30 19:59:05.000,6.3,sucesso,2026-06-30 19:59:32.000,1,1,completo,,2026-06-30 19:55:59.000,2026-06-30 19:59:32.000
877,r02,"2026-06-30_18-34-12__validacao_tcc_unifal_r02","4109708",3.6,sucesso,2026-06-30 19:57:01.000,4.5,sucesso,2026-06-30 19:57:26.000,1,1,completo,,2026-06-30 19:56:01.000,2026-06-30 19:57:26.000
878,r02,"2026-06-30_18-34-12__validacao_tcc_unifal_r02","4111209",7.2,sucesso,2026-06-30 19:58:22.000,7.0,sucesso,2026-06-30 19:58:44.000,1,1,completo,,2026-06-30 19:57:29.000,2026-06-30 19:58:44.000
879,r02,"2026-06-30_18-34-12__validacao_tcc_unifal_r02","3118007",6.0,sucesso,2026-06-30 19:58:43.000,6.1,sucesso,2026-06-30 19:59:09.000,1,1,completo,,2026-06-30 19:58:22.000,2026-06-30 19:59:09.000
880,r02,"2026-06-30_18-34-12__validacao_tcc_unifal_r02","4111258",6.7,sucesso,2026-06-30 19:59:40.000,6.7,sucesso,2026-06-30 20:00:08.000,1,1,completo,,2026-06-30 19:58:47.000,2026-06-30 20:00:08.000
881,r02,"2026-06-30_18-34-12__validacao_tcc_unifal_r02","3118601",8.4,sucesso,2026-06-30 20:00:14.000,8.9,sucesso,2026-06-30 20:00:39.000,1,1,completo,,2026-06-30 19:59:12.000,2026-06-30 20:00:39.000
882,r02,"2026-06-30_18-34-12__validacao_tcc_unifal_r02","2108801",6.9,sucesso,2026-06-30 19:59:59.000,6.0,sucesso,2026-06-30 20:00:23.000,1,1,completo,,2026-06-30 19:59:35.000,2026-06-30 20:00:23.000
883,r02,"2026-06-30_18-34-12__validacao_tcc_unifal_r02","4111704",6.5,sucesso,2026-06-30 20:00:46.000,6.8,sucesso,2026-06-30 20:01:11.000,1,1,completo,,2026-06-30 20:00:11.000,2026-06-30 20:01:11.000
884,r02,"2026-06-30_18-34-12__validacao_tcc_unifal_r02","2109809",6.5,sucesso,2026-06-30 20:00:53.000,6.0,sucesso,2026-06-30 20:01:16.000,1,1,completo,,2026-06-30 20:00:26.000,2026-06-30 20:01:16.000
885,r02,"2026-06-30_18-34-12__validacao_tcc_unifal_r02","3120201",9.2,sucesso,2026-06-30 20:00:55.000,7.4,sucesso,2026-06-30 20:01:29.000,1,1,completo,,2026-06-30 20:00:42.000,2026-06-30 20:01:29.000
886,r02,"2026-06-30_18-34-12__validacao_tcc_unifal_r02","2109908",6.5,sucesso,2026-06-30 20:01:52.000,6.6,sucesso,2026-06-30 20:02:10.000,1,1,completo,,2026-06-30 20:01:21.000,2026-06-30 20:02:10.000
887,r02,"2026-06-30_18-34-12__validacao_tcc_unifal_r02","4115408",7.6,sucesso,2026-06-30 20:01:54.000,7.0,sucesso,2026-06-30 20:02:17.000,1,1,completo,,2026-06-30 20:01:21.000,2026-06-30 20:02:17.000
888,r02,"2026-06-30_18-34-12__validacao_tcc_unifal_r02","3126752",6.0,sucesso,2026-06-30 20:02:54.000,6.4,sucesso,2026-06-30 20:03:19.000,1,1,completo,,2026-06-30 20:01:36.000,2026-06-30 20:03:19.000
889,r02,"2026-06-30_18-34-12__validacao_tcc_unifal_r02","2110906",4.2,sucesso,2026-06-30 20:02:44.000,5.0,sucesso,2026-06-30 20:03:09.000,1,1,completo,,2026-06-30 20:02:14.000,2026-06-30 20:03:09.000
890,r02,"2026-06-30_18-34-12__validacao_tcc_unifal_r02","4115754",7.1,sucesso,2026-06-30 20:02:48.000,7.2,sucesso,2026-06-30 20:03:11.000,1,1,completo,,2026-06-30 20:02:22.000,2026-06-30 20:03:11.000
891,r02,"2026-06-30_18-34-12__validacao_tcc_unifal_r02","2111805",8.4,sucesso,2026-06-30 20:03:48.000,8.3,sucesso,2026-06-30 20:04:06.000,1,1,completo,,2026-06-30 20:03:13.000,2026-06-30 20:04:06.000
892,r02,"2026-06-30_18-34-12__validacao_tcc_unifal_r02","4118451",8.1,sucesso,2026-06-30 20:03:51.000,7.7,sucesso,2026-06-30 20:04:12.000,1,1,completo,,2026-06-30 20:03:14.000,2026-06-30 20:04:12.000
893,r02,"2026-06-30_18-34-12__validacao_tcc_unifal_r02","3127339",9.2,sucesso,2026-06-30 20:03:50.000,6.5,sucesso,2026-06-30 20:04:13.000,1,1,completo,,2026-06-30 20:03:25.000,2026-06-30 20:04:13.000
894,r02,"2026-06-30_18-34-12__validacao_tcc_unifal_r02","2504074",7.8,sucesso,2026-06-30 20:04:55.000,7.6,sucesso,2026-06-30 20:05:19.000,1,1,completo,,2026-06-30 20:04:10.000,2026-06-30 20:05:19.000
895,r02,"2026-06-30_18-34-12__validacao_tcc_unifal_r02","4119806",9.2,sucesso,2026-06-30 20:07:56.000,5.6,sucesso,2026-06-30 20:08:19.000,1,1,completo,,2026-06-30 20:04:18.000,2026-06-30 20:08:19.000
896,r02,"2026-06-30_18-34-12__validacao_tcc_unifal_r02","3127404",5.6,sucesso,2026-06-30 20:04:58.000,6.5,sucesso,2026-06-30 20:05:28.000,1,1,completo,,2026-06-30 20:04:19.000,2026-06-30 20:05:28.000
897,r02,"2026-06-30_18-34-12__validacao_tcc_unifal_r02","2504405",6.6,sucesso,2026-06-30 20:05:46.000,6.6,sucesso,2026-06-30 20:06:04.000,1,1,completo,,2026-06-30 20:05:22.000,2026-06-30 20:06:04.000
898,r02,"2026-06-30_18-34-12__validacao_tcc_unifal_r02","3128402",5.4,sucesso,2026-06-30 20:05:53.000,5.5,sucesso,2026-06-30 20:06:17.000,1,1,completo,,2026-06-30 20:05:32.000,2026-06-30 20:06:17.000
899,r02,"2026-06-30_18-34-12__validacao_tcc_unifal_r02","2506251",6.3,sucesso,2026-06-30 20:06:53.000,5.8,sucesso,2026-06-30 20:07:16.000,1,1,completo,,2026-06-30 20:06:08.000,2026-06-30 20:07:16.000
900,r02,"2026-06-30_18-34-12__validacao_tcc_unifal_r02","3128501",8.0,sucesso,2026-06-30 20:06:54.000,7.4,sucesso,2026-06-30 20:07:16.000,1,1,completo,,2026-06-30 20:06:20.000,2026-06-30 20:07:16.000
901,r02,"2026-06-30_18-34-12__validacao_tcc_unifal_r02","3129806",6.2,sucesso,2026-06-30 20:09:32.000,6.9,sucesso,2026-06-30 20:09:59.000,1,1,completo,,2026-06-30 20:07:20.000,2026-06-30 20:09:59.000
902,r02,"2026-06-30_18-34-12__validacao_tcc_unifal_r02","2507408",5.2,sucesso,2026-06-30 20:07:46.000,5.3,sucesso,2026-06-30 20:08:06.000,1,1,completo,,2026-06-30 20:07:20.000,2026-06-30 20:08:06.000
903,r02,"2026-06-30_18-34-12__validacao_tcc_unifal_r02","2508406",5.7,sucesso,2026-06-30 20:09:32.000,6.1,sucesso,2026-06-30 20:09:57.000,1,1,completo,,2026-06-30 20:08:09.000,2026-06-30 20:09:57.000
904,r02,"2026-06-30_18-34-12__validacao_tcc_unifal_r02","4120655",4.9,sucesso,2026-06-30 20:08:56.000,5.5,sucesso,2026-06-30 20:09:19.000,1,1,completo,,2026-06-30 20:08:23.000,2026-06-30 20:09:19.000
905,r02,"2026-06-30_18-34-12__validacao_tcc_unifal_r02","4120903",5.8,sucesso,2026-06-30 20:09:46.000,6.1,sucesso,2026-06-30 20:10:10.000,1,1,completo,,2026-06-30 20:09:22.000,2026-06-30 20:10:10.000
906,r02,"2026-06-30_18-34-12__validacao_tcc_unifal_r02","2510659",7.0,sucesso,2026-06-30 20:10:47.000,6.9,sucesso,2026-06-30 20:11:13.000,1,1,completo,,2026-06-30 20:10:01.000,2026-06-30 20:11:13.000
907,r02,"2026-06-30_18-34-12__validacao_tcc_unifal_r02","3130101",6.5,sucesso,2026-06-30 20:10:42.000,7.4,sucesso,2026-06-30 20:11:09.000,1,1,completo,,2026-06-30 20:10:03.000,2026-06-30 20:11:09.000
908,r02,"2026-06-30_18-34-12__validacao_tcc_unifal_r02","4121901",6.2,sucesso,2026-06-30 20:10:47.000,6.6,sucesso,2026-06-30 20:11:11.000,1,1,completo,,2026-06-30 20:10:15.000,2026-06-30 20:11:11.000
909,r02,"2026-06-30_18-34-12__validacao_tcc_unifal_r02","3131505",9.2,sucesso,2026-06-30 20:14:54.000,8.3,sucesso,2026-06-30 20:15:19.000,1,1,completo,,2026-06-30 20:11:15.000,2026-06-30 20:15:19.000
910,r02,"2026-06-30_18-34-12__validacao_tcc_unifal_r02","4123006",9.2,sucesso,2026-06-30 20:16:26.000,5.3,sucesso,2026-06-30 20:16:45.000,1,1,completo,,2026-06-30 20:11:15.000,2026-06-30 20:16:45.000
911,r02,"2026-06-30_18-34-12__validacao_tcc_unifal_r02","2512705",9.2,sucesso,2026-06-30 20:11:38.000,7.0,sucesso,2026-06-30 20:12:02.000,1,1,completo,,2026-06-30 20:11:17.000,2026-06-30 20:12:02.000
912,r02,"2026-06-30_18-34-12__validacao_tcc_unifal_r02","2513158",5.2,sucesso,2026-06-30 20:12:56.000,5.7,sucesso,2026-06-30 20:13:24.000,1,1,completo,,2026-06-30 20:12:05.000,2026-06-30 20:13:24.000
913,r02,"2026-06-30_18-34-12__validacao_tcc_unifal_r02","2513927",7.7,sucesso,2026-06-30 20:14:35.000,7.5,sucesso,2026-06-30 20:14:54.000,1,1,completo,,2026-06-30 20:13:28.000,2026-06-30 20:14:54.000
914,r02,"2026-06-30_18-34-12__validacao_tcc_unifal_r02","2513901",9.2,sucesso,2026-06-30 20:24:30.000,7.5,sucesso,2026-06-30 20:24:50.000,1,1,completo,,2026-06-30 20:14:58.000,2026-06-30 20:24:50.000
915,r02,"2026-06-30_18-34-12__validacao_tcc_unifal_r02","3133808",9.2,sucesso,2026-06-30 20:15:36.000,7.2,sucesso,2026-06-30 20:16:01.000,1,1,completo,,2026-06-30 20:15:22.000,2026-06-30 20:16:01.000
916,r02,"2026-06-30_18-34-12__validacao_tcc_unifal_r02","3136504",,falha_de_carregamento,2026-06-30 20:26:11.000,6.5,sucesso,2026-06-30 20:26:35.000,0,1,parcial,,2026-06-30 20:16:05.000,2026-06-30 20:26:35.000
917,r02,"2026-06-30_18-34-12__validacao_tcc_unifal_r02","4123204",6.3,sucesso,2026-06-30 20:17:05.000,6.6,sucesso,2026-06-30 20:17:24.000,1,1,completo,,2026-06-30 20:16:49.000,2026-06-30 20:17:24.000
918,r02,"2026-06-30_18-34-12__validacao_tcc_unifal_r02","4125001",5.5,sucesso,2026-06-30 20:20:05.000,6.2,sucesso,2026-06-30 20:20:21.000,1,1,completo,,2026-06-30 20:17:27.000,2026-06-30 20:20:21.000
919,r02,"2026-06-30_18-34-12__validacao_tcc_unifal_r02","4126207",6.5,sucesso,2026-06-30 20:21:16.000,6.6,sucesso,2026-06-30 20:21:42.000,1,1,completo,,2026-06-30 20:20:24.000,2026-06-30 20:21:42.000
920,r02,"2026-06-30_18-34-12__validacao_tcc_unifal_r02","4126504",6.4,sucesso,2026-06-30 20:25:39.000,6.4,sucesso,2026-06-30 20:26:07.000,1,1,completo,,2026-06-30 20:21:46.000,2026-06-30 20:26:07.000
921,r02,"2026-06-30_18-34-12__validacao_tcc_unifal_r02","2514602",6.8,sucesso,2026-06-30 20:25:21.000,6.9,sucesso,2026-06-30 20:25:40.000,1,1,completo,,2026-06-30 20:24:53.000,2026-06-30 20:25:40.000
922,r02,"2026-06-30_18-34-12__validacao_tcc_unifal_r02","2514701",7.2,sucesso,2026-06-30 20:28:12.000,6.2,sucesso,2026-06-30 20:28:33.000,1,1,completo,,2026-06-30 20:25:44.000,2026-06-30 20:28:33.000
923,r02,"2026-06-30_18-34-12__validacao_tcc_unifal_r02","4126603",5.7,sucesso,2026-06-30 20:27:23.000,6.6,sucesso,2026-06-30 20:27:51.000,1,1,completo,,2026-06-30 20:26:10.000,2026-06-30 20:27:51.000
924,r02,"2026-06-30_18-34-12__validacao_tcc_unifal_r02","3137403",9.2,sucesso,2026-06-30 20:27:23.000,4.9,sucesso,2026-06-30 20:27:46.000,1,1,completo,,2026-06-30 20:26:39.000,2026-06-30 20:27:46.000
925,r02,"2026-06-30_18-34-12__validacao_tcc_unifal_r02","3137502",7.1,sucesso,2026-06-30 20:28:33.000,7.0,sucesso,2026-06-30 20:28:58.000,1,1,completo,,2026-06-30 20:27:50.000,2026-06-30 20:28:58.000
926,r02,"2026-06-30_18-34-12__validacao_tcc_unifal_r02","4128534",4.2,sucesso,2026-06-30 20:28:31.000,4.3,sucesso,2026-06-30 20:28:54.000,1,1,completo,,2026-06-30 20:27:56.000,2026-06-30 20:28:54.000
927,r02,"2026-06-30_18-34-12__validacao_tcc_unifal_r02","2514453",5.9,sucesso,2026-06-30 20:29:06.000,6.5,sucesso,2026-06-30 20:29:28.000,1,1,completo,,2026-06-30 20:28:37.000,2026-06-30 20:29:28.000
928,r02,"2026-06-30_18-34-12__validacao_tcc_unifal_r02","4128658",7.2,sucesso,2026-06-30 20:29:14.000,6.9,sucesso,2026-06-30 20:29:34.000,1,1,completo,,2026-06-30 20:28:57.000,2026-06-30 20:29:34.000
929,r02,"2026-06-30_18-34-12__validacao_tcc_unifal_r02","3140530",6.1,sucesso,2026-06-30 20:29:59.000,6.3,sucesso,2026-06-30 20:30:28.000,1,1,completo,,2026-06-30 20:29:03.000,2026-06-30 20:30:28.000
930,r02,"2026-06-30_18-34-12__validacao_tcc_unifal_r02","2600203",7.1,sucesso,2026-06-30 20:29:59.000,7.0,sucesso,2026-06-30 20:30:17.000,1,1,completo,,2026-06-30 20:29:32.000,2026-06-30 20:30:17.000
931,r02,"2026-06-30_18-34-12__validacao_tcc_unifal_r02","4300208",3.5,sucesso,2026-06-30 20:30:53.000,4.2,sucesso,2026-06-30 20:31:19.000,1,1,completo,,2026-06-30 20:29:38.000,2026-06-30 20:31:19.000
932,r02,"2026-06-30_18-34-12__validacao_tcc_unifal_r02","2601201",5.1,sucesso,2026-06-30 20:30:53.000,5.0,sucesso,2026-06-30 20:31:15.000,1,1,completo,,2026-06-30 20:30:21.000,2026-06-30 20:31:15.000
933,r02,"2026-06-30_18-34-12__validacao_tcc_unifal_r02","3140852",9.2,sucesso,2026-06-30 20:30:44.000,7.7,sucesso,2026-06-30 20:31:02.000,1,1,completo,,2026-06-30 20:30:31.000,2026-06-30 20:31:02.000
934,r02,"2026-06-30_18-34-12__validacao_tcc_unifal_r02","3141009",6.8,sucesso,2026-06-30 20:31:36.000,7.4,sucesso,2026-06-30 20:31:54.000,1,1,completo,,2026-06-30 20:31:06.000,2026-06-30 20:31:54.000
935,r02,"2026-06-30_18-34-12__validacao_tcc_unifal_r02","2604403",,falha_de_carregamento,2026-06-30 20:41:19.000,5.4,sucesso,2026-06-30 20:41:42.000,0,1,parcial,,2026-06-30 20:31:19.000,2026-06-30 20:41:42.000
936,r02,"2026-06-30_18-34-12__validacao_tcc_unifal_r02","4300307",5.4,sucesso,2026-06-30 20:31:49.000,5.4,sucesso,2026-06-30 20:32:11.000,1,1,completo,,2026-06-30 20:31:24.000,2026-06-30 20:32:11.000
937,r02,"2026-06-30_18-34-12__validacao_tcc_unifal_r02","3141207",9.2,sucesso,2026-06-30 20:32:10.000,4.6,sucesso,2026-06-30 20:32:31.000,1,1,completo,,2026-06-30 20:31:57.000,2026-06-30 20:32:31.000
938,r02,"2026-06-30_18-34-12__validacao_tcc_unifal_r02","4300455",6.9,sucesso,2026-06-30 20:32:37.000,6.9,sucesso,2026-06-30 20:32:59.000,1,1,completo,,2026-06-30 20:32:15.000,2026-06-30 20:32:59.000
939,r02,"2026-06-30_18-34-12__validacao_tcc_unifal_r02","3142700",5.7,sucesso,2026-06-30 20:32:59.000,5.7,sucesso,2026-06-30 20:33:17.000,1,1,completo,,2026-06-30 20:32:35.000,2026-06-30 20:33:17.000
940,r02,"2026-06-30_18-34-12__validacao_tcc_unifal_r02","4300570",7.0,sucesso,2026-06-30 20:33:20.000,7.2,sucesso,2026-06-30 20:33:39.000,1,1,completo,,2026-06-30 20:33:03.000,2026-06-30 20:33:39.000
941,r02,"2026-06-30_18-34-12__validacao_tcc_unifal_r02","3144904",7.8,sucesso,2026-06-30 20:33:43.000,8.1,sucesso,2026-06-30 20:34:06.000,1,1,completo,,2026-06-30 20:33:21.000,2026-06-30 20:34:06.000
942,r02,"2026-06-30_18-34-12__validacao_tcc_unifal_r02","4300638",8.7,sucesso,2026-06-30 20:33:59.000,8.7,sucesso,2026-06-30 20:34:15.000,1,1,completo,,2026-06-30 20:33:42.000,2026-06-30 20:34:15.000
943,r02,"2026-06-30_18-34-12__validacao_tcc_unifal_r02","3145356",9.2,sucesso,2026-06-30 20:41:20.000,6.6,sucesso,2026-06-30 20:41:44.000,1,1,completo,,2026-06-30 20:34:09.000,2026-06-30 20:41:44.000
944,r02,"2026-06-30_18-34-12__validacao_tcc_unifal_r02","4301636",9.2,sucesso,2026-06-30 20:37:53.000,6.7,sucesso,2026-06-30 20:38:20.000,1,1,completo,,2026-06-30 20:34:19.000,2026-06-30 20:38:20.000
945,r02,"2026-06-30_18-34-12__validacao_tcc_unifal_r02","4301750",5.8,sucesso,2026-06-30 20:39:27.000,5.8,sucesso,2026-06-30 20:39:58.000,1,1,completo,,2026-06-30 20:38:23.000,2026-06-30 20:39:58.000
946,r02,"2026-06-30_18-34-12__validacao_tcc_unifal_r02","4302006",7.4,sucesso,2026-06-30 20:40:11.000,7.0,sucesso,2026-06-30 20:40:32.000,1,1,completo,,2026-06-30 20:40:01.000,2026-06-30 20:40:32.000
947,r02,"2026-06-30_18-34-12__validacao_tcc_unifal_r02","4302352",9.2,sucesso,2026-06-30 20:40:47.000,7.0,sucesso,2026-06-30 20:41:11.000,1,1,completo,,2026-06-30 20:40:35.000,2026-06-30 20:41:11.000
948,r02,"2026-06-30_18-34-12__validacao_tcc_unifal_r02","4302402",5.8,sucesso,2026-06-30 20:41:37.000,5.4,sucesso,2026-06-30 20:41:58.000,1,1,completo,,2026-06-30 20:41:16.000,2026-06-30 20:41:58.000
949,r02,"2026-06-30_18-34-12__validacao_tcc_unifal_r02","2607604",6.5,sucesso,2026-06-30 20:42:20.000,6.4,sucesso,2026-06-30 20:42:41.000,1,1,completo,,2026-06-30 20:41:46.000,2026-06-30 20:42:42.000
950,r02,"2026-06-30_18-34-12__validacao_tcc_unifal_r02","3145505",5.2,sucesso,2026-06-30 20:42:44.000,6.3,sucesso,2026-06-30 20:43:09.000,1,1,completo,,2026-06-30 20:41:49.000,2026-06-30 20:43:09.000
951,r02,"2026-06-30_18-34-12__validacao_tcc_unifal_r02","4302709",7.0,sucesso,2026-06-30 20:42:42.000,7.4,sucesso,2026-06-30 20:43:06.000,1,1,completo,,2026-06-30 20:42:02.000,2026-06-30 20:43:06.000
952,r02,"2026-06-30_18-34-12__validacao_tcc_unifal_r02","2607000",6.1,sucesso,2026-06-30 20:43:18.000,6.4,sucesso,2026-06-30 20:43:48.000,1,1,completo,,2026-06-30 20:42:45.000,2026-06-30 20:43:48.000
953,r02,"2026-06-30_18-34-12__validacao_tcc_unifal_r02","4303608",7.4,sucesso,2026-06-30 20:43:19.000,6.5,sucesso,2026-06-30 20:43:42.000,1,1,completo,,2026-06-30 20:43:09.000,2026-06-30 20:43:42.000
954,r02,"2026-06-30_18-34-12__validacao_tcc_unifal_r02","3145901",5.1,sucesso,2026-06-30 20:43:47.000,6.4,sucesso,2026-06-30 20:44:15.000,1,1,completo,,2026-06-30 20:43:14.000,2026-06-30 20:44:15.000
955,r02,"2026-06-30_18-34-12__validacao_tcc_unifal_r02","4305306",9.2,sucesso,2026-06-30 20:43:58.000,6.3,sucesso,2026-06-30 20:44:19.000,1,1,completo,,2026-06-30 20:43:45.000,2026-06-30 20:44:19.000
956,r02,"2026-06-30_18-34-12__validacao_tcc_unifal_r02","2607307",8.3,sucesso,2026-06-30 20:44:20.000,8.0,sucesso,2026-06-30 20:44:44.000,1,1,completo,,2026-06-30 20:43:53.000,2026-06-30 20:44:44.000
957,r02,"2026-06-30_18-34-12__validacao_tcc_unifal_r02","3146404",5.7,sucesso,2026-06-30 20:44:47.000,6.7,sucesso,2026-06-30 20:45:15.000,1,1,completo,,2026-06-30 20:44:18.000,2026-06-30 20:45:15.000
958,r02,"2026-06-30_18-34-12__validacao_tcc_unifal_r02","4307500",7.5,sucesso,2026-06-30 20:44:48.000,7.7,sucesso,2026-06-30 20:45:16.000,1,1,completo,,2026-06-30 20:44:24.000,2026-06-30 20:45:16.000
959,r02,"2026-06-30_18-34-12__validacao_tcc_unifal_r02","2609006",8.3,sucesso,2026-06-30 20:45:30.000,8.1,sucesso,2026-06-30 20:45:55.000,1,1,completo,,2026-06-30 20:44:47.000,2026-06-30 20:45:55.000
960,r02,"2026-06-30_18-34-12__validacao_tcc_unifal_r02","3149200",5.8,sucesso,2026-06-30 20:45:52.000,6.1,sucesso,2026-06-30 20:46:13.000,1,1,completo,,2026-06-30 20:45:19.000,2026-06-30 20:46:13.000
961,r02,"2026-06-30_18-34-12__validacao_tcc_unifal_r02","4308078",9.2,sucesso,2026-06-30 20:45:36.000,6.7,sucesso,2026-06-30 20:45:54.000,1,1,completo,,2026-06-30 20:45:19.000,2026-06-30 20:45:54.000
962,r02,"2026-06-30_18-34-12__validacao_tcc_unifal_r02","4308904",8.7,sucesso,2026-06-30 20:46:23.000,8.3,sucesso,2026-06-30 20:46:47.000,1,1,completo,,2026-06-30 20:45:58.000,2026-06-30 20:46:47.000
963,r02,"2026-06-30_18-34-12__validacao_tcc_unifal_r02","2611705",6.5,sucesso,2026-06-30 20:46:27.000,6.8,sucesso,2026-06-30 20:46:50.000,1,1,completo,,2026-06-30 20:45:58.000,2026-06-30 20:46:50.000
964,r02,"2026-06-30_18-34-12__validacao_tcc_unifal_r02","3149804",5.6,sucesso,2026-06-30 20:46:43.000,5.9,sucesso,2026-06-30 20:47:05.000,1,1,completo,,2026-06-30 20:46:18.000,2026-06-30 20:47:05.000
965,r02,"2026-06-30_18-34-12__validacao_tcc_unifal_r02","4309050",6.6,sucesso,2026-06-30 20:47:51.000,6.8,sucesso,2026-06-30 20:48:27.000,1,1,completo,,2026-06-30 20:46:50.000,2026-06-30 20:48:27.000
966,r02,"2026-06-30_18-34-12__validacao_tcc_unifal_r02","2613701",5.5,sucesso,2026-06-30 20:47:34.000,5.7,sucesso,2026-06-30 20:47:59.000,1,1,completo,,2026-06-30 20:46:55.000,2026-06-30 20:47:59.000
967,r02,"2026-06-30_18-34-12__validacao_tcc_unifal_r02","3152131",9.2,sucesso,2026-06-30 20:47:22.000,8.5,sucesso,2026-06-30 20:47:41.000,1,1,completo,,2026-06-30 20:47:09.000,2026-06-30 20:47:41.000
968,r02,"2026-06-30_18-34-12__validacao_tcc_unifal_r02","3154101",6.0,sucesso,2026-06-30 20:47:58.000,6.4,sucesso,2026-06-30 20:48:20.000,1,1,completo,,2026-06-30 20:47:45.000,2026-06-30 20:48:20.000
969,r02,"2026-06-30_18-34-12__validacao_tcc_unifal_r02","2614006",6.3,sucesso,2026-06-30 20:48:30.000,6.6,sucesso,2026-06-30 20:48:50.000,1,1,completo,,2026-06-30 20:48:02.000,2026-06-30 20:48:50.000
970,r02,"2026-06-30_18-34-12__validacao_tcc_unifal_r02","3154408",6.8,sucesso,2026-06-30 20:49:41.000,6.6,sucesso,2026-06-30 20:50:12.000,1,1,completo,,2026-06-30 20:48:23.000,2026-06-30 20:50:12.000
971,r02,"2026-06-30_18-34-12__validacao_tcc_unifal_r02","4309506",3.6,sucesso,2026-06-30 20:49:35.000,4.3,sucesso,2026-06-30 20:50:02.000,1,1,completo,,2026-06-30 20:48:31.000,2026-06-30 20:50:02.000
972,r02,"2026-06-30_18-34-12__validacao_tcc_unifal_r02","2614501",6.6,sucesso,2026-06-30 20:49:41.000,6.5,sucesso,2026-06-30 20:50:05.000,1,1,completo,,2026-06-30 20:48:54.000,2026-06-30 20:50:05.000
973,r02,"2026-06-30_18-34-12__validacao_tcc_unifal_r02","4310108",8.7,sucesso,2026-06-30 20:50:28.000,8.3,sucesso,2026-06-30 20:50:48.000,1,1,completo,,2026-06-30 20:50:05.000,2026-06-30 20:50:48.000
974,r02,"2026-06-30_18-34-12__validacao_tcc_unifal_r02","2201507",7.3,sucesso,2026-06-30 20:50:44.000,7.0,sucesso,2026-06-30 20:51:11.000,1,1,completo,,2026-06-30 20:50:11.000,2026-06-30 20:51:11.000
975,r02,"2026-06-30_18-34-12__validacao_tcc_unifal_r02","3155405",6.0,sucesso,2026-06-30 20:50:44.000,6.7,sucesso,2026-06-30 20:51:04.000,1,1,completo,,2026-06-30 20:50:16.000,2026-06-30 20:51:04.000
976,r02,"2026-06-30_18-34-12__validacao_tcc_unifal_r02","4310579",5.2,sucesso,2026-06-30 20:51:15.000,5.3,sucesso,2026-06-30 20:51:39.000,1,1,completo,,2026-06-30 20:50:51.000,2026-06-30 20:51:39.000
977,r02,"2026-06-30_18-34-12__validacao_tcc_unifal_r02","3156502",6.1,sucesso,2026-06-30 20:52:47.000,6.8,sucesso,2026-06-30 20:53:13.000,1,1,completo,,2026-06-30 20:51:07.000,2026-06-30 20:53:13.000
978,r02,"2026-06-30_18-34-12__validacao_tcc_unifal_r02","2202901",6.6,sucesso,2026-06-30 20:53:01.000,6.5,sucesso,2026-06-30 20:53:46.000,1,1,completo,,2026-06-30 20:51:14.000,2026-06-30 20:53:47.000
979,r02,"2026-06-30_18-34-12__validacao_tcc_unifal_r02","4311254",5.4,sucesso,2026-06-30 20:52:03.000,5.6,sucesso,2026-06-30 20:52:25.000,1,1,completo,,2026-06-30 20:51:43.000,2026-06-30 20:52:25.000
980,r02,"2026-06-30_18-34-12__validacao_tcc_unifal_r02","4312658",7.6,sucesso,2026-06-30 20:52:49.000,7.7,sucesso,2026-06-30 20:53:16.000,1,1,completo,,2026-06-30 20:52:28.000,2026-06-30 20:53:16.000
981,r02,"2026-06-30_18-34-12__validacao_tcc_unifal_r02","3159308",6.2,sucesso,2026-06-30 20:53:45.000,6.6,sucesso,2026-06-30 20:54:02.000,1,1,completo,,2026-06-30 20:53:17.000,2026-06-30 20:54:02.000
982,r02,"2026-06-30_18-34-12__validacao_tcc_unifal_r02","4312906",9.2,sucesso,2026-06-30 20:53:32.000,7.2,sucesso,2026-06-30 20:53:56.000,1,1,completo,,2026-06-30 20:53:19.000,2026-06-30 20:53:56.000
983,r02,"2026-06-30_18-34-12__validacao_tcc_unifal_r02","2203305",7.3,sucesso,2026-06-30 20:54:32.000,7.1,sucesso,2026-06-30 20:55:00.000,1,1,completo,,2026-06-30 20:53:50.000,2026-06-30 20:55:00.000
984,r02,"2026-06-30_18-34-12__validacao_tcc_unifal_r02","4314175",9.2,sucesso,2026-06-30 20:54:15.000,5.9,sucesso,2026-06-30 20:54:39.000,1,1,completo,,2026-06-30 20:54:00.000,2026-06-30 20:54:39.000
985,r02,"2026-06-30_18-34-12__validacao_tcc_unifal_r02","3158508",6.5,sucesso,2026-06-30 20:54:50.000,6.5,sucesso,2026-06-30 20:55:15.000,1,1,completo,,2026-06-30 20:54:08.000,2026-06-30 20:55:15.000
986,r02,"2026-06-30_18-34-12__validacao_tcc_unifal_r02","4316451",9.2,sucesso,2026-06-30 20:54:55.000,6.7,sucesso,2026-06-30 20:55:26.000,1,1,completo,,2026-06-30 20:54:44.000,2026-06-30 20:55:26.000
987,r02,"2026-06-30_18-34-12__validacao_tcc_unifal_r02","2204352",9.2,sucesso,2026-06-30 20:55:16.000,,sucesso_sem_nota,2026-06-30 20:57:00.000,1,0,parcial,,2026-06-30 20:55:04.000,2026-06-30 20:57:00.000
988,r02,"2026-06-30_18-34-12__validacao_tcc_unifal_r02","3160801",4.4,sucesso,2026-06-30 20:55:41.000,5.0,sucesso,2026-06-30 20:56:03.000,1,1,completo,,2026-06-30 20:55:18.000,2026-06-30 20:56:03.000
989,r02,"2026-06-30_18-34-12__validacao_tcc_unifal_r02","4319109",5.8,sucesso,2026-06-30 20:55:58.000,6.0,sucesso,2026-06-30 20:56:19.000,1,1,completo,,2026-06-30 20:55:30.000,2026-06-30 20:56:19.000
990,r02,"2026-06-30_18-34-12__validacao_tcc_unifal_r02","3161304",6.1,sucesso,2026-06-30 20:56:23.000,6.4,sucesso,2026-06-30 20:56:43.000,1,1,completo,,2026-06-30 20:56:06.000,2026-06-30 20:56:43.000
991,r02,"2026-06-30_18-34-12__validacao_tcc_unifal_r02","4320206",4.2,sucesso,2026-06-30 20:56:55.000,4.5,sucesso,2026-06-30 20:57:14.000,1,1,completo,,2026-06-30 20:56:22.000,2026-06-30 20:57:14.000
992,r02,"2026-06-30_18-34-12__validacao_tcc_unifal_r02","3162302",7.3,sucesso,2026-06-30 20:57:14.000,7.4,sucesso,2026-06-30 20:57:36.000,1,1,completo,,2026-06-30 20:56:46.000,2026-06-30 20:57:36.000
993,r02,"2026-06-30_18-34-12__validacao_tcc_unifal_r02","2205250",8.8,sucesso,2026-06-30 20:57:43.000,8.1,sucesso,2026-06-30 20:58:05.000,1,1,completo,,2026-06-30 20:57:04.000,2026-06-30 20:58:05.000
994,r02,"2026-06-30_18-34-12__validacao_tcc_unifal_r02","4321436",9.2,sucesso,2026-06-30 21:05:04.000,6.9,sucesso,2026-06-30 21:05:34.000,1,1,completo,,2026-06-30 20:57:19.000,2026-06-30 21:05:34.000
995,r02,"2026-06-30_18-34-12__validacao_tcc_unifal_r02","3162575",9.2,sucesso,2026-06-30 20:57:55.000,7.3,sucesso,2026-06-30 20:58:17.000,1,1,completo,,2026-06-30 20:57:40.000,2026-06-30 20:58:17.000
996,r02,"2026-06-30_18-34-12__validacao_tcc_unifal_r02","2205359",6.7,sucesso,2026-06-30 20:58:53.000,6.8,sucesso,2026-06-30 20:59:20.000,1,1,completo,,2026-06-30 20:58:09.000,2026-06-30 20:59:20.000
997,r02,"2026-06-30_18-34-12__validacao_tcc_unifal_r02","3163904",6.6,sucesso,2026-06-30 20:58:52.000,7.2,sucesso,2026-06-30 20:59:14.000,1,1,completo,,2026-06-30 20:58:23.000,2026-06-30 20:59:14.000
998,r02,"2026-06-30_18-34-12__validacao_tcc_unifal_r02","3168606",9.2,sucesso,2026-06-30 20:59:31.000,5.6,sucesso,2026-06-30 21:00:10.000,1,1,completo,,2026-06-30 20:59:17.000,2026-06-30 21:00:10.000
999,r02,"2026-06-30_18-34-12__validacao_tcc_unifal_r02","2206407",9.2,sucesso,2026-06-30 21:02:26.000,7.0,sucesso,2026-06-30 21:02:59.000,1,1,completo,,2026-06-30 20:59:26.000,2026-06-30 21:02:59.000
1000,r02,"2026-06-30_18-34-12__validacao_tcc_unifal_r02","3168903",9.7,sucesso,2026-06-30 21:00:42.000,9.2,sucesso,2026-06-30 21:01:02.000,1,1,completo,,2026-06-30 21:00:13.000,2026-06-30 21:01:02.000
1001,r02,"2026-06-30_18-34-12__validacao_tcc_unifal_r02","3169059",7.0,sucesso,2026-06-30 21:07:32.000,7.3,sucesso,2026-06-30 21:07:57.000,1,1,completo,,2026-06-30 21:01:06.000,2026-06-30 21:07:57.000
1002,r02,"2026-06-30_18-34-12__validacao_tcc_unifal_r02","2207850",6.3,sucesso,2026-06-30 21:05:04.000,6.3,sucesso,2026-06-30 21:06:09.000,1,1,completo,,2026-06-30 21:03:03.000,2026-06-30 21:06:09.000
1003,r02,"2026-06-30_18-34-12__validacao_tcc_unifal_r02","4321634",7.5,sucesso,2026-06-30 21:06:20.000,7.4,sucesso,2026-06-30 21:06:44.000,1,1,completo,,2026-06-30 21:05:37.000,2026-06-30 21:06:44.000
1004,r02,"2026-06-30_18-34-12__validacao_tcc_unifal_r02","2209971",6.6,sucesso,2026-06-30 21:07:13.000,6.4,sucesso,2026-06-30 21:08:02.000,1,1,completo,,2026-06-30 21:06:12.000,2026-06-30 21:08:02.000
1005,r02,"2026-06-30_18-34-12__validacao_tcc_unifal_r02","4322327",6.7,sucesso,2026-06-30 21:07:32.000,6.9,sucesso,2026-06-30 21:07:49.000,1,1,completo,,2026-06-30 21:06:47.000,2026-06-30 21:07:49.000
1006,r02,"2026-06-30_18-34-12__validacao_tcc_unifal_r02","4322608",5.8,sucesso,2026-06-30 21:08:11.000,6.6,sucesso,2026-06-30 21:08:49.000,1,1,completo,,2026-06-30 21:07:53.000,2026-06-30 21:08:49.000
1007,r02,"2026-06-30_18-34-12__validacao_tcc_unifal_r02","3170008",6.2,sucesso,2026-06-30 21:08:32.000,6.4,sucesso,2026-06-30 21:08:58.000,1,1,completo,,2026-06-30 21:08:01.000,2026-06-30 21:08:58.000
1008,r02,"2026-06-30_18-34-12__validacao_tcc_unifal_r02","2210375",6.6,sucesso,2026-06-30 21:09:31.000,6.5,sucesso,2026-06-30 21:11:01.000,1,1,completo,,2026-06-30 21:08:07.000,2026-06-30 21:11:01.000
1009,r02,"2026-06-30_18-34-12__validacao_tcc_unifal_r02","4200606",6.4,sucesso,2026-06-30 21:09:21.000,6.8,sucesso,2026-06-30 21:09:44.000,1,1,completo,,2026-06-30 21:08:53.000,2026-06-30 21:09:44.000
1010,r02,"2026-06-30_18-34-12__validacao_tcc_unifal_r02","3170057",7.0,sucesso,2026-06-30 21:09:44.000,6.7,sucesso,2026-06-30 21:10:16.000,1,1,completo,,2026-06-30 21:09:02.000,2026-06-30 21:10:16.000
1011,r02,"2026-06-30_18-34-12__validacao_tcc_unifal_r02","4203204",7.6,sucesso,2026-06-30 21:10:35.000,7.8,sucesso,2026-06-30 21:10:57.000,1,1,completo,,2026-06-30 21:09:47.000,2026-06-30 21:10:57.000
1012,r02,"2026-06-30_18-34-12__validacao_tcc_unifal_r02","3170701",9.2,sucesso,2026-06-30 21:10:35.000,7.6,sucesso,2026-06-30 21:10:59.000,1,1,completo,,2026-06-30 21:10:19.000,2026-06-30 21:10:59.000
1013,r02,"2026-06-30_18-34-12__validacao_tcc_unifal_r02","4205357",5.6,sucesso,2026-06-30 21:11:39.000,6.1,sucesso,2026-06-30 21:12:03.000,1,1,completo,,2026-06-30 21:11:01.000,2026-06-30 21:12:03.000
1014,r02,"2026-06-30_18-34-12__validacao_tcc_unifal_r02","3300951",7.7,sucesso,2026-06-30 21:11:32.000,7.5,sucesso,2026-06-30 21:11:49.000,1,1,completo,,2026-06-30 21:11:03.000,2026-06-30 21:11:49.000
1015,r02,"2026-06-30_18-34-12__validacao_tcc_unifal_r02","2210607",6.8,sucesso,2026-06-30 21:11:42.000,7.1,sucesso,2026-06-30 21:12:08.000,1,1,completo,,2026-06-30 21:11:05.000,2026-06-30 21:12:08.000
1016,r02,"2026-06-30_18-34-12__validacao_tcc_unifal_r02","3301405",9.2,sucesso,2026-06-30 21:12:06.000,5.5,sucesso,2026-06-30 21:12:31.000,1,1,completo,,2026-06-30 21:11:53.000,2026-06-30 21:12:31.000
1017,r02,"2026-06-30_18-34-12__validacao_tcc_unifal_r02","4209300",5.4,sucesso,2026-06-30 21:12:33.000,6.0,sucesso,2026-06-30 21:12:52.000,1,1,completo,,2026-06-30 21:12:07.000,2026-06-30 21:12:52.000
1018,r02,"2026-06-30_18-34-12__validacao_tcc_unifal_r02","2210656",6.8,sucesso,2026-06-30 21:12:43.000,6.8,sucesso,2026-06-30 21:13:04.000,1,1,completo,,2026-06-30 21:12:14.000,2026-06-30 21:13:04.000
1019,r02,"2026-06-30_18-34-12__validacao_tcc_unifal_r02","3302502",6.9,sucesso,2026-06-30 21:13:26.000,7.1,sucesso,2026-06-30 21:13:47.000,1,1,completo,,2026-06-30 21:12:35.000,2026-06-30 21:13:47.000
1020,r02,"2026-06-30_18-34-12__validacao_tcc_unifal_r02","4209805",6.6,sucesso,2026-06-30 21:13:32.000,6.7,sucesso,2026-06-30 21:13:55.000,1,1,completo,,2026-06-30 21:12:57.000,2026-06-30 21:13:55.000
1021,r02,"2026-06-30_18-34-12__validacao_tcc_unifal_r02","2210904",7.6,sucesso,2026-06-30 21:13:41.000,7.3,sucesso,2026-06-30 21:14:06.000,1,1,completo,,2026-06-30 21:13:09.000,2026-06-30 21:14:06.000
1022,r02,"2026-06-30_18-34-12__validacao_tcc_unifal_r02","3303856",7.1,sucesso,2026-06-30 21:15:24.000,7.0,sucesso,2026-06-30 21:15:50.000,1,1,completo,,2026-06-30 21:13:52.000,2026-06-30 21:15:50.000
1023,r02,"2026-06-30_18-34-12__validacao_tcc_unifal_r02","4210209",6.1,sucesso,2026-06-30 21:14:27.000,6.8,sucesso,2026-06-30 21:14:50.000,1,1,completo,,2026-06-30 21:13:59.000,2026-06-30 21:14:50.000
1024,r02,"2026-06-30_18-34-12__validacao_tcc_unifal_r02","2211704",6.6,sucesso,2026-06-30 21:15:24.000,6.4,sucesso,2026-06-30 21:16:25.000,1,1,completo,,2026-06-30 21:14:10.000,2026-06-30 21:16:25.000
1025,r02,"2026-06-30_18-34-12__validacao_tcc_unifal_r02","4210308",6.2,sucesso,2026-06-30 21:15:32.000,6.7,sucesso,2026-06-30 21:15:57.000,1,1,completo,,2026-06-30 21:14:55.000,2026-06-30 21:15:57.000
1026,r02,"2026-06-30_18-34-12__validacao_tcc_unifal_r02","3500808",9.2,sucesso,2026-06-30 21:19:27.000,4.8,sucesso,2026-06-30 21:19:51.000,1,1,completo,,2026-06-30 21:15:53.000,2026-06-30 21:19:51.000
1027,r02,"2026-06-30_18-34-12__validacao_tcc_unifal_r02","4211801",5.8,sucesso,2026-06-30 21:19:50.000,6.1,sucesso,2026-06-30 21:20:13.000,1,1,completo,,2026-06-30 21:16:01.000,2026-06-30 21:20:13.000
1028,r02,"2026-06-30_18-34-12__validacao_tcc_unifal_r02","2401453",,falha_de_carregamento,2026-06-30 21:26:36.000,,sucesso_sem_nota,2026-06-30 21:27:46.000,0,0,falha_total,,2026-06-30 21:16:29.000,2026-06-30 21:27:46.000
1029,r02,"2026-06-30_18-34-12__validacao_tcc_unifal_r02","3506904",6.6,sucesso,2026-06-30 21:21:47.000,7.6,sucesso,2026-06-30 21:22:14.000,1,1,completo,,2026-06-30 21:19:54.000,2026-06-30 21:22:14.000
1030,r02,"2026-06-30_18-34-12__validacao_tcc_unifal_r02","4212700",6.1,sucesso,2026-06-30 21:20:51.000,6.5,sucesso,2026-06-30 21:21:15.000,1,1,completo,,2026-06-30 21:20:16.000,2026-06-30 21:21:15.000
1031,r02,"2026-06-30_18-34-12__validacao_tcc_unifal_r02","4213302",5.9,sucesso,2026-06-30 21:21:39.000,6.2,sucesso,2026-06-30 21:21:55.000,1,1,completo,,2026-06-30 21:21:18.000,2026-06-30 21:21:55.000
1032,r02,"2026-06-30_18-34-12__validacao_tcc_unifal_r02","4214805",6.7,sucesso,2026-06-30 21:22:36.000,6.7,sucesso,2026-06-30 21:22:57.000,1,1,completo,,2026-06-30 21:21:58.000,2026-06-30 21:22:57.000
1033,r02,"2026-06-30_18-34-12__validacao_tcc_unifal_r02","3507803",6.3,sucesso,2026-06-30 21:22:53.000,6.2,sucesso,2026-06-30 21:23:18.000,1,1,completo,,2026-06-30 21:22:17.000,2026-06-30 21:23:18.000
1034,r02,"2026-06-30_18-34-12__validacao_tcc_unifal_r02","4215455",5.9,sucesso,2026-06-30 21:23:28.000,6.2,sucesso,2026-06-30 21:23:49.000,1,1,completo,,2026-06-30 21:23:01.000,2026-06-30 21:23:49.000
1035,r02,"2026-06-30_18-34-12__validacao_tcc_unifal_r02","3508603",7.7,sucesso,2026-06-30 21:23:41.000,7.5,sucesso,2026-06-30 21:24:01.000,1,1,completo,,2026-06-30 21:23:21.000,2026-06-30 21:24:01.000
1036,r02,"2026-06-30_18-34-12__validacao_tcc_unifal_r02","4218855",5.9,sucesso,2026-06-30 21:24:25.000,6.3,sucesso,2026-06-30 21:24:52.000,1,1,completo,,2026-06-30 21:23:53.000,2026-06-30 21:24:52.000
1037,r02,"2026-06-30_18-34-12__validacao_tcc_unifal_r02","3508702",6.9,sucesso,2026-06-30 21:24:25.000,6.9,sucesso,2026-06-30 21:24:47.000,1,1,completo,,2026-06-30 21:24:05.000,2026-06-30 21:24:47.000
1038,r02,"2026-06-30_18-34-12__validacao_tcc_unifal_r02","3512100",5.1,sucesso,2026-06-30 21:25:20.000,5.6,sucesso,2026-06-30 21:25:41.000,1,1,completo,,2026-06-30 21:24:50.000,2026-06-30 21:25:41.000
1039,r02,"2026-06-30_18-34-12__validacao_tcc_unifal_r02","3512308",6.3,sucesso,2026-06-30 21:26:40.000,7.1,sucesso,2026-06-30 21:27:06.000,1,1,completo,,2026-06-30 21:25:45.000,2026-06-30 21:27:06.000
1040,r02,"2026-06-30_18-34-12__validacao_tcc_unifal_r02","3513900",6.5,sucesso,2026-06-30 21:28:21.000,7.3,sucesso,2026-06-30 21:28:46.000,1,1,completo,,2026-06-30 21:27:10.000,2026-06-30 21:28:46.000
1041,r02,"2026-06-30_18-34-12__validacao_tcc_unifal_r02","2404408",6.9,sucesso,2026-06-30 21:28:21.000,6.9,sucesso,2026-06-30 21:28:43.000,1,1,completo,,2026-06-30 21:27:49.000,2026-06-30 21:28:43.000
1042,r02,"2026-06-30_18-34-12__validacao_tcc_unifal_r02","2405108",5.9,sucesso,2026-06-30 21:29:18.000,6.6,sucesso,2026-06-30 21:29:40.000,1,1,completo,,2026-06-30 21:28:47.000,2026-06-30 21:29:40.000
1043,r02,"2026-06-30_18-34-12__validacao_tcc_unifal_r02","3515103",9.2,sucesso,2026-06-30 21:29:03.000,6.8,sucesso,2026-06-30 21:29:35.000,1,1,completo,,2026-06-30 21:28:50.000,2026-06-30 21:29:35.000
1044,r02,"2026-06-30_18-34-12__validacao_tcc_unifal_r02","3515657",6.6,sucesso,2026-06-30 21:31:04.000,7.4,sucesso,2026-06-30 21:31:33.000,1,1,completo,,2026-06-30 21:29:38.000,2026-06-30 21:31:33.000
1045,r02,"2026-06-30_18-34-12__validacao_tcc_unifal_r02","2406809",8.1,sucesso,2026-06-30 21:30:38.000,8.2,sucesso,2026-06-30 21:31:20.000,1,1,completo,,2026-06-30 21:29:45.000,2026-06-30 21:31:20.000
1046,r02,"2026-06-30_18-34-12__validacao_tcc_unifal_r02","2407104",9.2,sucesso,2026-06-30 21:34:55.000,7.9,sucesso,2026-06-30 21:35:14.000,1,1,completo,,2026-06-30 21:31:24.000,2026-06-30 21:35:14.000
1047,r02,"2026-06-30_18-34-12__validacao_tcc_unifal_r02","3519204",6.3,sucesso,2026-06-30 21:35:28.000,7.1,sucesso,2026-06-30 21:35:53.000,1,1,completo,,2026-06-30 21:31:36.000,2026-06-30 21:35:53.000
1048,r02,"2026-06-30_18-34-12__validacao_tcc_unifal_r02","2407252",6.3,sucesso,2026-06-30 21:35:48.000,6.6,sucesso,2026-06-30 21:36:12.000,1,1,completo,,2026-06-30 21:35:18.000,2026-06-30 21:36:12.000
1049,r02,"2026-06-30_18-34-12__validacao_tcc_unifal_r02","3519709",5.9,sucesso,2026-06-30 21:37:22.000,5.6,sucesso,2026-06-30 21:38:02.000,1,1,completo,,2026-06-30 21:35:56.000,2026-06-30 21:38:02.000
1050,r02,"2026-06-30_18-34-12__validacao_tcc_unifal_r02","2407401",6.0,sucesso,2026-06-30 21:37:29.000,7.0,sucesso,2026-06-30 21:37:56.000,1,1,completo,,2026-06-30 21:36:15.000,2026-06-30 21:37:56.000
1051,r02,"2026-06-30_18-34-12__validacao_tcc_unifal_r02","2407500",5.8,sucesso,2026-06-30 21:38:20.000,5.9,sucesso,2026-06-30 21:38:39.000,1,1,completo,,2026-06-30 21:38:00.000,2026-06-30 21:38:39.000
1052,r02,"2026-06-30_18-34-12__validacao_tcc_unifal_r02","3519808",9.2,sucesso,2026-06-30 21:42:25.000,8.2,sucesso,2026-06-30 21:42:51.000,1,1,completo,,2026-06-30 21:38:06.000,2026-06-30 21:42:51.000
1053,r02,"2026-06-30_18-34-12__validacao_tcc_unifal_r02","2411007",6.3,sucesso,2026-06-30 21:42:38.000,6.5,sucesso,2026-06-30 21:42:58.000,1,1,completo,,2026-06-30 21:38:43.000,2026-06-30 21:42:58.000
1054,r02,"2026-06-30_18-34-12__validacao_tcc_unifal_r02","3520004",7.0,sucesso,2026-06-30 21:43:38.000,6.9,sucesso,2026-06-30 21:44:02.000,1,1,completo,,2026-06-30 21:42:55.000,2026-06-30 21:44:02.000
1055,r02,"2026-06-30_18-34-12__validacao_tcc_unifal_r02","2410306",6.3,sucesso,2026-06-30 21:43:38.000,6.6,sucesso,2026-06-30 21:43:59.000,1,1,completo,,2026-06-30 21:43:02.000,2026-06-30 21:43:59.000
1056,r02,"2026-06-30_18-34-12__validacao_tcc_unifal_r02","2413904",5.6,sucesso,2026-06-30 21:47:47.000,6.0,sucesso,2026-06-30 21:48:10.000,1,1,completo,,2026-06-30 21:44:03.000,2026-06-30 21:48:10.000
1057,r02,"2026-06-30_18-34-12__validacao_tcc_unifal_r02","3520426",9.2,sucesso,2026-06-30 21:52:35.000,6.6,sucesso,2026-06-30 21:52:55.000,1,1,completo,,2026-06-30 21:44:07.000,2026-06-30 21:52:55.000
1058,r02,"2026-06-30_18-34-12__validacao_tcc_unifal_r02","2414902",3.8,sucesso,2026-06-30 21:49:07.000,4.4,sucesso,2026-06-30 21:49:32.000,1,1,completo,,2026-06-30 21:48:13.000,2026-06-30 21:49:32.000
1059,r02,"2026-06-30_18-34-12__validacao_tcc_unifal_r02","2805703",5.7,sucesso,2026-06-30 21:50:29.000,5.7,sucesso,2026-06-30 21:50:56.000,1,1,completo,,2026-06-30 21:49:35.000,2026-06-30 21:50:56.000
1060,r02,"2026-06-30_18-34-12__validacao_tcc_unifal_r02","2805802",5.7,sucesso,2026-06-30 21:51:43.000,5.7,sucesso,2026-06-30 21:52:09.000,1,1,completo,,2026-06-30 21:50:59.000,2026-06-30 21:52:09.000
1061,r02,"2026-06-30_18-34-12__validacao_tcc_unifal_r02","2806008",5.4,sucesso,2026-06-30 21:52:34.000,5.5,sucesso,2026-06-30 21:52:57.000,1,1,completo,,2026-06-30 21:52:12.000,2026-06-30 21:52:57.000
1062,r02,"2026-06-30_18-34-12__validacao_tcc_unifal_r02","3520905",9.4,sucesso,2026-06-30 21:57:41.000,9.8,sucesso,2026-06-30 21:58:14.000,1,1,completo,,2026-06-30 21:52:59.000,2026-06-30 21:58:15.000
1063,r02,"2026-06-30_18-34-12__validacao_tcc_unifal_r02","3521606",9.2,sucesso,2026-06-30 22:01:50.000,6.7,sucesso,2026-06-30 22:02:28.000,1,1,completo,,2026-06-30 21:58:18.000,2026-06-30 22:02:28.000
1064,r02,"2026-06-30_18-34-12__validacao_tcc_unifal_r02","3524600",6.1,sucesso,2026-06-30 22:03:36.000,7.2,sucesso,2026-06-30 22:04:01.000,1,1,completo,,2026-06-30 22:02:31.000,2026-06-30 22:04:01.000
1065,r02,"2026-06-30_18-34-12__validacao_tcc_unifal_r02","3524808",9.2,sucesso,2026-06-30 22:04:19.000,6.8,sucesso,2026-06-30 22:04:52.000,1,1,completo,,2026-06-30 22:04:04.000,2026-06-30 22:04:52.000
1066,r02,"2026-06-30_18-34-12__validacao_tcc_unifal_r02","3524907",9.2,sucesso,2026-06-30 22:05:07.000,5.9,sucesso,2026-06-30 22:05:41.000,1,1,completo,,2026-06-30 22:04:55.000,2026-06-30 22:05:41.000
1067,r02,"2026-06-30_18-34-12__validacao_tcc_unifal_r02","3530904",6.4,sucesso,2026-06-30 22:06:07.000,6.5,sucesso,2026-06-30 22:06:24.000,1,1,completo,,2026-06-30 22:05:44.000,2026-06-30 22:06:24.000
1068,r02,"2026-06-30_18-34-12__validacao_tcc_unifal_r02","3532900",9.7,sucesso,2026-06-30 22:07:04.000,10.0,sucesso,2026-06-30 22:07:28.000,1,1,completo,,2026-06-30 22:06:27.000,2026-06-30 22:07:28.000
1069,r02,"2026-06-30_18-34-12__validacao_tcc_unifal_r02","3534104",9.0,sucesso,2026-06-30 22:08:20.000,9.4,sucesso,2026-06-30 22:08:51.000,1,1,completo,,2026-06-30 22:07:31.000,2026-06-30 22:08:51.000
1070,r02,"2026-06-30_18-34-12__validacao_tcc_unifal_r02","3538105",6.9,sucesso,2026-06-30 22:09:24.000,7.4,sucesso,2026-06-30 22:09:44.000,1,1,completo,,2026-06-30 22:08:55.000,2026-06-30 22:09:44.000
1071,r02,"2026-06-30_18-34-12__validacao_tcc_unifal_r02","3539608",9.2,sucesso,2026-06-30 22:09:59.000,6.8,sucesso,2026-06-30 22:10:21.000,1,1,completo,,2026-06-30 22:09:48.000,2026-06-30 22:10:21.000
1072,r02,"2026-06-30_18-34-12__validacao_tcc_unifal_r02","3539707",3.9,sucesso,2026-06-30 22:11:21.000,4.6,sucesso,2026-06-30 22:11:46.000,1,1,completo,,2026-06-30 22:10:25.000,2026-06-30 22:11:46.000
1073,r02,"2026-06-30_18-34-12__validacao_tcc_unifal_r02","3539806",9.2,sucesso,2026-06-30 22:15:24.000,7.6,sucesso,2026-06-30 22:15:46.000,1,1,completo,,2026-06-30 22:11:49.000,2026-06-30 22:15:46.000
1074,r02,"2026-06-30_18-34-12__validacao_tcc_unifal_r02","3540101",7.3,sucesso,2026-06-30 22:16:23.000,8.0,sucesso,2026-06-30 22:16:47.000,1,1,completo,,2026-06-30 22:15:49.000,2026-06-30 22:16:47.000
1075,r02,"2026-06-30_18-34-12__validacao_tcc_unifal_r02","3540853",6.4,sucesso,2026-06-30 22:17:42.000,7.5,sucesso,2026-06-30 22:18:06.000,1,1,completo,,2026-06-30 22:16:50.000,2026-06-30 22:18:06.000
1076,r02,"2026-06-30_18-34-12__validacao_tcc_unifal_r02","3544103",,falha_de_carregamento,2026-06-30 22:28:09.000,,erro,2026-06-30 22:28:54.000,0,0,falha_total,,2026-06-30 22:18:10.000,2026-06-30 22:28:54.000
1077,r02,"2026-06-30_18-34-12__validacao_tcc_unifal_r02","3544509",9.2,sucesso,2026-06-30 22:29:08.000,6.1,sucesso,2026-06-30 22:29:27.000,1,1,completo,,2026-06-30 22:28:56.000,2026-06-30 22:29:27.000
1078,r02,"2026-06-30_18-34-12__validacao_tcc_unifal_r02","3549953",6.4,sucesso,2026-06-30 22:29:49.000,6.5,sucesso,2026-06-30 22:30:07.000,1,1,completo,,2026-06-30 22:29:32.000,2026-06-30 22:30:07.000
1079,r02,"2026-06-30_18-34-12__validacao_tcc_unifal_r02","3550001",9.2,sucesso,2026-06-30 22:33:45.000,6.9,sucesso,2026-06-30 22:34:15.000,1,1,completo,,2026-06-30 22:30:10.000,2026-06-30 22:34:15.000
1080,r02,"2026-06-30_18-34-12__validacao_tcc_unifal_r02","3550506",9.2,sucesso,2026-06-30 22:34:30.000,8.6,sucesso,2026-06-30 22:34:53.000,1,1,completo,,2026-06-30 22:34:19.000,2026-06-30 22:34:53.000
1081,r02,"2026-06-30_18-34-12__validacao_tcc_unifal_r02","3550605",9.2,sucesso,2026-06-30 22:35:09.000,7.5,sucesso,2026-06-30 22:35:32.000,1,1,completo,,2026-06-30 22:34:57.000,2026-06-30 22:35:32.000
1082,r02,"2026-06-30_18-34-12__validacao_tcc_unifal_r02","3552007",5.9,sucesso,2026-06-30 22:36:03.000,5.9,sucesso,2026-06-30 22:36:26.000,1,1,completo,,2026-06-30 22:35:35.000,2026-06-30 22:36:26.000
1083,r02,"2026-06-30_18-34-12__validacao_tcc_unifal_r02","3553401",9.2,sucesso,2026-06-30 22:36:41.000,5.9,sucesso,2026-06-30 22:36:57.000,1,1,completo,,2026-06-30 22:36:29.000,2026-06-30 22:36:57.000
1084,r02,"2026-06-30_18-34-12__validacao_tcc_unifal_r02","3553906",8.8,sucesso,2026-06-30 22:37:18.000,9.0,sucesso,2026-06-30 22:37:38.000,1,1,completo,,2026-06-30 22:37:00.000,2026-06-30 22:37:38.000
1085,r02,"2026-06-30_18-34-12__validacao_tcc_unifal_r02","3554409",8.2,sucesso,2026-06-30 22:38:20.000,7.9,sucesso,2026-06-30 22:38:47.000,1,1,completo,,2026-06-30 22:37:41.000,2026-06-30 22:38:47.000
1086,r02,"2026-06-30_18-34-12__validacao_tcc_unifal_r02","3555604",6.2,sucesso,2026-06-30 22:39:13.000,6.6,sucesso,2026-06-30 22:39:33.000,1,1,completo,,2026-06-30 22:38:50.000,2026-06-30 22:39:33.000
1087,r03,"2026-07-06_19-27-44__validacao_tcc_unifal_r03","5203939",7.5,sucesso,2026-07-06 19:28:31.000,7.2,sucesso,2026-07-06 19:28:56.000,1,1,completo,,2026-07-06 19:27:57.000,2026-07-06 19:28:56.000
1088,r03,"2026-07-06_19-27-44__validacao_tcc_unifal_r03","1200179",6.2,sucesso,2026-07-06 19:32:06.000,6.4,sucesso,2026-07-06 19:32:29.000,1,1,completo,,2026-07-06 19:27:58.000,2026-07-06 19:32:29.000
1089,r03,"2026-07-06_19-27-44__validacao_tcc_unifal_r03","2700102",5.7,sucesso,2026-07-06 19:32:14.000,,sucesso_sem_nota,2026-07-06 19:33:31.000,1,0,parcial,,2026-07-06 19:27:59.000,2026-07-06 19:33:31.000
1090,r03,"2026-07-06_19-27-44__validacao_tcc_unifal_r03","5204656",6.9,sucesso,2026-07-06 19:29:34.000,6.9,sucesso,2026-07-06 19:29:53.000,1,1,completo,,2026-07-06 19:28:59.000,2026-07-06 19:29:53.000
1091,r03,"2026-07-06_19-27-44__validacao_tcc_unifal_r03","5205802",7.4,sucesso,2026-07-06 19:30:23.000,7.4,sucesso,2026-07-06 19:30:40.000,1,1,completo,,2026-07-06 19:29:56.000,2026-07-06 19:30:40.000
1092,r03,"2026-07-06_19-27-44__validacao_tcc_unifal_r03","5206602",7.0,sucesso,2026-07-06 19:31:22.000,6.9,sucesso,2026-07-06 19:31:45.000,1,1,completo,,2026-07-06 19:30:44.000,2026-07-06 19:31:45.000
1093,r03,"2026-07-06_19-27-44__validacao_tcc_unifal_r03","5207253",7.7,sucesso,2026-07-06 19:32:19.000,7.8,sucesso,2026-07-06 19:32:36.000,1,1,completo,,2026-07-06 19:31:49.000,2026-07-06 19:32:36.000
1094,r03,"2026-07-06_19-27-44__validacao_tcc_unifal_r03","1200393",6.1,sucesso,2026-07-06 19:33:19.000,6.3,sucesso,2026-07-06 19:33:41.000,1,1,completo,,2026-07-06 19:32:33.000,2026-07-06 19:33:41.000
1095,r03,"2026-07-06_19-27-44__validacao_tcc_unifal_r03","5208806",7.0,sucesso,2026-07-06 19:33:19.000,7.2,sucesso,2026-07-06 19:33:55.000,1,1,completo,,2026-07-06 19:32:41.000,2026-07-06 19:33:55.000
1096,r03,"2026-07-06_19-27-44__validacao_tcc_unifal_r03","2702207",5.5,sucesso,2026-07-06 19:33:51.000,5.8,sucesso,2026-07-06 19:34:12.000,1,1,completo,,2026-07-06 19:33:35.000,2026-07-06 19:34:12.000
1097,r03,"2026-07-06_19-27-44__validacao_tcc_unifal_r03","1600303",,falha_de_carregamento,2026-07-06 19:43:48.000,,sucesso_sem_nota,2026-07-06 19:45:14.000,0,0,falha_total,,2026-07-06 19:33:46.000,2026-07-06 19:45:14.000
1098,r03,"2026-07-06_19-27-44__validacao_tcc_unifal_r03","5209457",7.3,sucesso,2026-07-06 19:34:29.000,7.2,sucesso,2026-07-06 19:34:48.000,1,1,completo,,2026-07-06 19:33:59.000,2026-07-06 19:34:48.000
1099,r03,"2026-07-06_19-27-44__validacao_tcc_unifal_r03","2702900",6.7,sucesso,2026-07-06 19:34:51.000,6.8,sucesso,2026-07-06 19:35:16.000,1,1,completo,,2026-07-06 19:34:17.000,2026-07-06 19:35:16.000
1100,r03,"2026-07-06_19-27-44__validacao_tcc_unifal_r03","5210802",7.3,sucesso,2026-07-06 19:35:39.000,7.1,sucesso,2026-07-06 19:35:56.000,1,1,completo,,2026-07-06 19:34:51.000,2026-07-06 19:35:56.000
1101,r03,"2026-07-06_19-27-44__validacao_tcc_unifal_r03","2703304",5.9,sucesso,2026-07-06 19:35:53.000,6.3,sucesso,2026-07-06 19:36:17.000,1,1,completo,,2026-07-06 19:35:20.000,2026-07-06 19:36:17.000
1102,r03,"2026-07-06_19-27-44__validacao_tcc_unifal_r03","5211800",7.0,sucesso,2026-07-06 19:36:27.000,7.1,sucesso,2026-07-06 19:36:49.000,1,1,completo,,2026-07-06 19:36:00.000,2026-07-06 19:36:49.000
1103,r03,"2026-07-06_19-27-44__validacao_tcc_unifal_r03","2706422",5.8,sucesso,2026-07-06 19:36:47.000,5.7,sucesso,2026-07-06 19:37:08.000,1,1,completo,,2026-07-06 19:36:20.000,2026-07-06 19:37:08.000
1104,r03,"2026-07-06_19-27-44__validacao_tcc_unifal_r03","5213806",7.6,sucesso,2026-07-06 19:37:40.000,7.3,sucesso,2026-07-06 19:37:59.000,1,1,completo,,2026-07-06 19:36:53.000,2026-07-06 19:37:59.000
1105,r03,"2026-07-06_19-27-44__validacao_tcc_unifal_r03","2708808",5.2,sucesso,2026-07-06 19:37:44.000,5.3,sucesso,2026-07-06 19:38:06.000,1,1,completo,,2026-07-06 19:37:12.000,2026-07-06 19:38:06.000
1106,r03,"2026-07-06_19-27-44__validacao_tcc_unifal_r03","5213905",7.3,sucesso,2026-07-06 19:38:31.000,7.3,sucesso,2026-07-06 19:38:50.000,1,1,completo,,2026-07-06 19:38:03.000,2026-07-06 19:38:50.000
1107,r03,"2026-07-06_19-27-44__validacao_tcc_unifal_r03","2900603",6.8,sucesso,2026-07-06 19:38:32.000,6.7,sucesso,2026-07-06 19:38:54.000,1,1,completo,,2026-07-06 19:38:10.000,2026-07-06 19:38:54.000
1108,r03,"2026-07-06_19-27-44__validacao_tcc_unifal_r03","5214838",6.9,sucesso,2026-07-06 19:39:52.000,6.8,sucesso,2026-07-06 19:40:15.000,1,1,completo,,2026-07-06 19:38:53.000,2026-07-06 19:40:15.000
1109,r03,"2026-07-06_19-27-44__validacao_tcc_unifal_r03","2901106",7.2,sucesso,2026-07-06 19:39:09.000,6.9,sucesso,2026-07-06 19:39:26.000,1,1,completo,,2026-07-06 19:38:59.000,2026-07-06 19:39:26.000
1110,r03,"2026-07-06_19-27-44__validacao_tcc_unifal_r03","2902500",5.5,sucesso,2026-07-06 19:40:24.000,6.3,sucesso,2026-07-06 19:40:42.000,1,1,completo,,2026-07-06 19:39:30.000,2026-07-06 19:40:42.000
1111,r03,"2026-07-06_19-27-44__validacao_tcc_unifal_r03","5214861",7.1,sucesso,2026-07-06 19:40:49.000,7.2,sucesso,2026-07-06 19:41:08.000,1,1,completo,,2026-07-06 19:40:19.000,2026-07-06 19:41:08.000
1112,r03,"2026-07-06_19-27-44__validacao_tcc_unifal_r03","2903201",6.3,sucesso,2026-07-06 19:41:07.000,6.6,sucesso,2026-07-06 19:41:31.000,1,1,completo,,2026-07-06 19:40:45.000,2026-07-06 19:41:32.000
1113,r03,"2026-07-06_19-27-44__validacao_tcc_unifal_r03","5216908",7.4,sucesso,2026-07-06 19:41:44.000,7.2,sucesso,2026-07-06 19:42:02.000,1,1,completo,,2026-07-06 19:41:12.000,2026-07-06 19:42:02.000
1114,r03,"2026-07-06_19-27-44__validacao_tcc_unifal_r03","2911303",7.8,sucesso,2026-07-06 19:46:50.000,7.9,sucesso,2026-07-06 19:47:13.000,1,1,completo,,2026-07-06 19:41:35.000,2026-07-06 19:47:13.000
1115,r03,"2026-07-06_19-27-44__validacao_tcc_unifal_r03","5220454",6.7,sucesso,2026-07-06 19:43:01.000,6.9,sucesso,2026-07-06 19:43:25.000,1,1,completo,,2026-07-06 19:42:06.000,2026-07-06 19:43:25.000
1116,r03,"2026-07-06_19-27-44__validacao_tcc_unifal_r03","5100102",,falha_de_carregamento,2026-07-06 19:53:26.000,6.1,sucesso,2026-07-06 19:53:45.000,0,1,parcial,,2026-07-06 19:43:29.000,2026-07-06 19:53:45.000
1117,r03,"2026-07-06_19-27-44__validacao_tcc_unifal_r03","1600550",6.5,sucesso,2026-07-06 19:46:50.000,6.8,sucesso,2026-07-06 19:47:15.000,1,1,completo,,2026-07-06 19:45:17.000,2026-07-06 19:47:15.000
1118,r03,"2026-07-06_19-27-44__validacao_tcc_unifal_r03","2911402",7.9,sucesso,2026-07-06 19:47:43.000,8.3,sucesso,2026-07-06 19:48:05.000,1,1,completo,,2026-07-06 19:47:17.000,2026-07-06 19:48:05.000
1119,r03,"2026-07-06_19-27-44__validacao_tcc_unifal_r03","1600709",5.9,sucesso,2026-07-06 19:47:52.000,6.6,sucesso,2026-07-06 19:48:14.000,1,1,completo,,2026-07-06 19:47:18.000,2026-07-06 19:48:14.000
1120,r03,"2026-07-06_19-27-44__validacao_tcc_unifal_r03","2912103",5.7,sucesso,2026-07-06 19:48:33.000,5.7,sucesso,2026-07-06 19:48:55.000,1,1,completo,,2026-07-06 19:48:09.000,2026-07-06 19:48:55.000
1121,r03,"2026-07-06_19-27-44__validacao_tcc_unifal_r03","1300508",9.2,sucesso,2026-07-06 19:48:30.000,7.1,sucesso,2026-07-06 19:48:53.000,1,1,completo,,2026-07-06 19:48:18.000,2026-07-06 19:48:53.000
1122,r03,"2026-07-06_19-27-44__validacao_tcc_unifal_r03","1300706",9.2,sucesso,2026-07-06 19:49:08.000,9.7,sucesso,2026-07-06 19:49:28.000,1,1,completo,,2026-07-06 19:48:56.000,2026-07-06 19:49:28.000
1123,r03,"2026-07-06_19-27-44__validacao_tcc_unifal_r03","2913705",5.0,sucesso,2026-07-06 19:49:38.000,5.7,sucesso,2026-07-06 19:50:01.000,1,1,completo,,2026-07-06 19:48:59.000,2026-07-06 19:50:01.000
1124,r03,"2026-07-06_19-27-44__validacao_tcc_unifal_r03","1300839",7.6,sucesso,2026-07-06 19:49:53.000,7.8,sucesso,2026-07-06 19:50:11.000,1,1,completo,,2026-07-06 19:49:32.000,2026-07-06 19:50:11.000
1125,r03,"2026-07-06_19-27-44__validacao_tcc_unifal_r03","2915007",,falha_de_carregamento,2026-07-06 20:00:06.000,,sucesso_sem_nota,2026-07-06 20:01:21.000,0,0,falha_total,,2026-07-06 19:50:05.000,2026-07-06 20:01:21.000
1126,r03,"2026-07-06_19-27-44__validacao_tcc_unifal_r03","1301209",6.3,sucesso,2026-07-06 19:51:13.000,6.6,sucesso,2026-07-06 19:51:41.000,1,1,completo,,2026-07-06 19:50:15.000,2026-07-06 19:51:41.000
1127,r03,"2026-07-06_19-27-44__validacao_tcc_unifal_r03","1303403",9.2,sucesso,2026-07-06 19:51:55.000,,sucesso_sem_nota,2026-07-06 19:53:18.000,1,0,parcial,,2026-07-06 19:51:44.000,2026-07-06 19:53:18.000
1128,r03,"2026-07-06_19-27-44__validacao_tcc_unifal_r03","1500107",6.0,sucesso,2026-07-06 19:54:00.000,6.0,sucesso,2026-07-06 19:54:24.000,1,1,completo,,2026-07-06 19:53:21.000,2026-07-06 19:54:25.000
1129,r03,"2026-07-06_19-27-44__validacao_tcc_unifal_r03","5101902",5.1,sucesso,2026-07-06 19:54:15.000,5.2,sucesso,2026-07-06 19:54:38.000,1,1,completo,,2026-07-06 19:53:48.000,2026-07-06 19:54:38.000
1130,r03,"2026-07-06_19-27-44__validacao_tcc_unifal_r03","1500958",6.2,sucesso,2026-07-06 19:55:15.000,6.4,sucesso,2026-07-06 19:55:38.000,1,1,completo,,2026-07-06 19:54:28.000,2026-07-06 19:55:38.000
1131,r03,"2026-07-06_19-27-44__validacao_tcc_unifal_r03","5102504",7.3,sucesso,2026-07-06 19:55:15.000,7.5,sucesso,2026-07-06 19:55:38.000,1,1,completo,,2026-07-06 19:54:42.000,2026-07-06 19:55:38.000
1132,r03,"2026-07-06_19-27-44__validacao_tcc_unifal_r03","1502707",6.1,sucesso,2026-07-06 19:56:21.000,6.1,sucesso,2026-07-06 19:56:44.000,1,1,completo,,2026-07-06 19:55:42.000,2026-07-06 19:56:44.000
1133,r03,"2026-07-06_19-27-44__validacao_tcc_unifal_r03","5103437",9.2,sucesso,2026-07-06 20:04:11.000,7.2,sucesso,2026-07-06 20:04:33.000,1,1,completo,,2026-07-06 19:55:43.000,2026-07-06 20:04:33.000
1134,r03,"2026-07-06_19-27-44__validacao_tcc_unifal_r03","1502939",6.2,sucesso,2026-07-06 19:57:23.000,6.2,sucesso,2026-07-06 19:57:48.000,1,1,completo,,2026-07-06 19:56:48.000,2026-07-06 19:57:48.000
1135,r03,"2026-07-06_19-27-44__validacao_tcc_unifal_r03","1504422",7.6,sucesso,2026-07-06 19:58:26.000,6.8,sucesso,2026-07-06 19:58:49.000,1,1,completo,,2026-07-06 19:57:52.000,2026-07-06 19:58:49.000
1136,r03,"2026-07-06_19-27-44__validacao_tcc_unifal_r03","1505494",6.5,sucesso,2026-07-06 20:00:51.000,6.6,sucesso,2026-07-06 20:01:19.000,1,1,completo,,2026-07-06 19:58:53.000,2026-07-06 20:01:19.000
1137,r03,"2026-07-06_19-27-44__validacao_tcc_unifal_r03","1100015",7.0,sucesso,2026-07-06 20:01:55.000,7.2,sucesso,2026-07-06 20:02:28.000,1,1,completo,,2026-07-06 20:01:22.000,2026-07-06 20:02:28.000
1138,r03,"2026-07-06_19-27-44__validacao_tcc_unifal_r03","2915106",9.2,sucesso,2026-07-06 20:01:55.000,7.3,sucesso,2026-07-06 20:02:21.000,1,1,completo,,2026-07-06 20:01:24.000,2026-07-06 20:02:21.000
1139,r03,"2026-07-06_19-27-44__validacao_tcc_unifal_r03","2918357",6.6,sucesso,2026-07-06 20:02:45.000,7.7,sucesso,2026-07-06 20:03:11.000,1,1,completo,,2026-07-06 20:02:25.000,2026-07-06 20:03:11.000
1140,r03,"2026-07-06_19-27-44__validacao_tcc_unifal_r03","1100700",9.2,sucesso,2026-07-06 20:06:07.000,7.8,sucesso,2026-07-06 20:06:32.000,1,1,completo,,2026-07-06 20:02:32.000,2026-07-06 20:06:32.000
1141,r03,"2026-07-06_19-27-44__validacao_tcc_unifal_r03","2918555",5.8,sucesso,2026-07-06 20:07:12.000,5.9,sucesso,2026-07-06 20:07:36.000,1,1,completo,,2026-07-06 20:03:14.000,2026-07-06 20:07:36.000
1142,r03,"2026-07-06_19-27-44__validacao_tcc_unifal_r03","5104807",7.7,sucesso,2026-07-06 20:05:00.000,7.4,sucesso,2026-07-06 20:05:24.000,1,1,completo,,2026-07-06 20:04:36.000,2026-07-06 20:05:24.000
1143,r03,"2026-07-06_19-27-44__validacao_tcc_unifal_r03","5105580",4.4,sucesso,2026-07-06 20:05:49.000,5.4,sucesso,2026-07-06 20:06:12.000,1,1,completo,,2026-07-06 20:05:27.000,2026-07-06 20:06:12.000
1144,r03,"2026-07-06_19-27-44__validacao_tcc_unifal_r03","5106828",8.2,sucesso,2026-07-06 20:07:41.000,8.3,sucesso,2026-07-06 20:08:03.000,1,1,completo,,2026-07-06 20:06:15.000,2026-07-06 20:08:03.000
1145,r03,"2026-07-06_19-27-44__validacao_tcc_unifal_r03","1100908",6.5,sucesso,2026-07-06 20:07:12.000,6.4,sucesso,2026-07-06 20:07:31.000,1,1,completo,,2026-07-06 20:06:35.000,2026-07-06 20:07:31.000
1146,r03,"2026-07-06_19-27-44__validacao_tcc_unifal_r03","1100080",6.2,sucesso,2026-07-06 20:08:21.000,6.6,sucesso,2026-07-06 20:08:48.000,1,1,completo,,2026-07-06 20:07:35.000,2026-07-06 20:08:48.000
1147,r03,"2026-07-06_19-27-44__validacao_tcc_unifal_r03","2918803",4.5,sucesso,2026-07-06 20:09:19.000,5.5,sucesso,2026-07-06 20:09:48.000,1,1,completo,,2026-07-06 20:07:40.000,2026-07-06 20:09:48.000
1148,r03,"2026-07-06_19-27-44__validacao_tcc_unifal_r03","5107107",6.2,sucesso,2026-07-06 20:08:37.000,6.2,sucesso,2026-07-06 20:08:54.000,1,1,completo,,2026-07-06 20:08:06.000,2026-07-06 20:08:54.000
1149,r03,"2026-07-06_19-27-44__validacao_tcc_unifal_r03","1101807",9.2,sucesso,2026-07-06 20:13:58.000,6.6,sucesso,2026-07-06 20:14:18.000,1,1,completo,,2026-07-06 20:08:51.000,2026-07-06 20:14:18.000
1150,r03,"2026-07-06_19-27-44__validacao_tcc_unifal_r03","5107909",9.2,sucesso,2026-07-06 20:12:32.000,9.2,sucesso,2026-07-06 20:12:55.000,1,1,completo,,2026-07-06 20:08:58.000,2026-07-06 20:12:55.000
1151,r03,"2026-07-06_19-27-44__validacao_tcc_unifal_r03","2919058",5.5,sucesso,2026-07-06 20:10:12.000,5.7,sucesso,2026-07-06 20:10:33.000,1,1,completo,,2026-07-06 20:09:52.000,2026-07-06 20:10:33.000
1152,r03,"2026-07-06_19-27-44__validacao_tcc_unifal_r03","2921302",5.6,sucesso,2026-07-06 20:10:57.000,5.7,sucesso,2026-07-06 20:11:20.000,1,1,completo,,2026-07-06 20:10:36.000,2026-07-06 20:11:20.000
1153,r03,"2026-07-06_19-27-44__validacao_tcc_unifal_r03","2922607",5.8,sucesso,2026-07-06 20:13:58.000,5.9,sucesso,2026-07-06 20:14:20.000,1,1,completo,,2026-07-06 20:11:24.000,2026-07-06 20:14:21.000
1154,r03,"2026-07-06_19-27-44__validacao_tcc_unifal_r03","5108402",6.4,sucesso,2026-07-06 20:13:22.000,6.6,sucesso,2026-07-06 20:13:48.000,1,1,completo,,2026-07-06 20:12:58.000,2026-07-06 20:13:48.000
1155,r03,"2026-07-06_19-27-44__validacao_tcc_unifal_r03","5001904",7.5,sucesso,2026-07-06 20:14:34.000,7.4,sucesso,2026-07-06 20:15:00.000,1,1,completo,,2026-07-06 20:13:51.000,2026-07-06 20:15:00.000
1156,r03,"2026-07-06_19-27-44__validacao_tcc_unifal_r03","1400472",6.1,sucesso,2026-07-06 20:14:52.000,6.0,sucesso,2026-07-06 20:15:21.000,1,1,completo,,2026-07-06 20:14:21.000,2026-07-06 20:15:21.000
1157,r03,"2026-07-06_19-27-44__validacao_tcc_unifal_r03","2923209",5.4,sucesso,2026-07-06 20:14:49.000,5.6,sucesso,2026-07-06 20:15:12.000,1,1,completo,,2026-07-06 20:14:25.000,2026-07-06 20:15:12.000
1158,r03,"2026-07-06_19-27-44__validacao_tcc_unifal_r03","5002704",7.0,sucesso,2026-07-06 20:16:15.000,7.3,sucesso,2026-07-06 20:16:40.000,1,1,completo,,2026-07-06 20:15:03.000,2026-07-06 20:16:40.000
1159,r03,"2026-07-06_19-27-44__validacao_tcc_unifal_r03","2923704",8.2,sucesso,2026-07-06 20:15:47.000,8.6,sucesso,2026-07-06 20:16:04.000,1,1,completo,,2026-07-06 20:15:15.000,2026-07-06 20:16:04.000
1160,r03,"2026-07-06_19-27-44__validacao_tcc_unifal_r03","1702208",5.6,sucesso,2026-07-06 20:16:15.000,6.1,sucesso,2026-07-06 20:16:37.000,1,1,completo,,2026-07-06 20:15:24.000,2026-07-06 20:16:37.000
1161,r03,"2026-07-06_19-27-44__validacao_tcc_unifal_r03","2923803",5.5,sucesso,2026-07-06 20:16:27.000,5.6,sucesso,2026-07-06 20:16:49.000,1,1,completo,,2026-07-06 20:16:09.000,2026-07-06 20:16:49.000
1162,r03,"2026-07-06_19-27-44__validacao_tcc_unifal_r03","1703826",6.8,sucesso,2026-07-06 20:17:19.000,7.0,sucesso,2026-07-06 20:17:42.000,1,1,completo,,2026-07-06 20:16:41.000,2026-07-06 20:17:42.000
1163,r03,"2026-07-06_19-27-44__validacao_tcc_unifal_r03","5002902",9.2,sucesso,2026-07-06 20:20:19.000,6.8,sucesso,2026-07-06 20:20:45.000,1,1,completo,,2026-07-06 20:16:43.000,2026-07-06 20:20:45.000
1164,r03,"2026-07-06_19-27-44__validacao_tcc_unifal_r03","2924603",6.5,sucesso,2026-07-06 20:17:19.000,6.8,sucesso,2026-07-06 20:17:36.000,1,1,completo,,2026-07-06 20:16:53.000,2026-07-06 20:17:36.000
1165,r03,"2026-07-06_19-27-44__validacao_tcc_unifal_r03","2926202",5.1,sucesso,2026-07-06 20:21:51.000,6.1,sucesso,2026-07-06 20:22:08.000,1,1,completo,,2026-07-06 20:17:39.000,2026-07-06 20:22:08.000
1166,r03,"2026-07-06_19-27-44__validacao_tcc_unifal_r03","1706258",7.2,sucesso,2026-07-06 20:18:25.000,6.7,sucesso,2026-07-06 20:18:43.000,1,1,completo,,2026-07-06 20:17:47.000,2026-07-06 20:18:43.000
1167,r03,"2026-07-06_19-27-44__validacao_tcc_unifal_r03","1709302",6.9,sucesso,2026-07-06 20:21:51.000,7.0,sucesso,2026-07-06 20:22:19.000,1,1,completo,,2026-07-06 20:18:48.000,2026-07-06 20:22:19.000
1168,r03,"2026-07-06_19-27-44__validacao_tcc_unifal_r03","5003157",6.9,sucesso,2026-07-06 20:22:44.000,7.1,sucesso,2026-07-06 20:23:04.000,1,1,completo,,2026-07-06 20:20:48.000,2026-07-06 20:23:05.000
1169,r03,"2026-07-06_19-27-44__validacao_tcc_unifal_r03","2926806",6.4,sucesso,2026-07-06 20:22:45.000,6.5,sucesso,2026-07-06 20:23:07.000,1,1,completo,,2026-07-06 20:22:12.000,2026-07-06 20:23:07.000
1170,r03,"2026-07-06_19-27-44__validacao_tcc_unifal_r03","1710706",6.0,sucesso,2026-07-06 20:23:09.000,6.3,sucesso,2026-07-06 20:23:32.000,1,1,completo,,2026-07-06 20:22:22.000,2026-07-06 20:23:32.000
1171,r03,"2026-07-06_19-27-44__validacao_tcc_unifal_r03","5004106",5.9,sucesso,2026-07-06 20:23:48.000,6.8,sucesso,2026-07-06 20:24:08.000,1,1,completo,,2026-07-06 20:23:08.000,2026-07-06 20:24:08.000
1172,r03,"2026-07-06_19-27-44__validacao_tcc_unifal_r03","2927002",8.0,sucesso,2026-07-06 20:23:48.000,8.7,sucesso,2026-07-06 20:24:13.000,1,1,completo,,2026-07-06 20:23:11.000,2026-07-06 20:24:13.000
1173,r03,"2026-07-06_19-27-44__validacao_tcc_unifal_r03","1718808",6.9,sucesso,2026-07-06 20:24:02.000,6.9,sucesso,2026-07-06 20:24:32.000,1,1,completo,,2026-07-06 20:23:35.000,2026-07-06 20:24:32.000
1174,r03,"2026-07-06_19-27-44__validacao_tcc_unifal_r03","5007208",9.0,sucesso,2026-07-06 20:25:03.000,8.3,sucesso,2026-07-06 20:25:28.000,1,1,completo,,2026-07-06 20:24:12.000,2026-07-06 20:25:28.000
1175,r03,"2026-07-06_19-27-44__validacao_tcc_unifal_r03","2928406",7.0,sucesso,2026-07-06 20:25:04.000,7.3,sucesso,2026-07-06 20:25:31.000,1,1,completo,,2026-07-06 20:24:18.000,2026-07-06 20:25:31.000
1176,r03,"2026-07-06_19-27-44__validacao_tcc_unifal_r03","1718881",9.2,sucesso,2026-07-06 20:28:12.000,,sucesso_sem_nota,2026-07-06 20:29:23.000,1,0,parcial,,2026-07-06 20:24:35.000,2026-07-06 20:29:23.000
1177,r03,"2026-07-06_19-27-44__validacao_tcc_unifal_r03","2929107",7.6,sucesso,2026-07-06 20:27:39.000,7.1,sucesso,2026-07-06 20:28:02.000,1,1,completo,,2026-07-06 20:25:34.000,2026-07-06 20:28:02.000
1178,r03,"2026-07-06_19-27-44__validacao_tcc_unifal_r03","3200102",8.9,sucesso,2026-07-06 20:27:39.000,6.8,sucesso,2026-07-06 20:28:03.000,1,1,completo,,2026-07-06 20:26:34.000,2026-07-06 20:28:03.000
1179,r03,"2026-07-06_19-27-44__validacao_tcc_unifal_r03","2933000",7.3,sucesso,2026-07-06 20:29:43.000,7.5,sucesso,2026-07-06 20:30:01.000,1,1,completo,,2026-07-06 20:28:06.000,2026-07-06 20:30:01.000
1180,r03,"2026-07-06_19-27-44__validacao_tcc_unifal_r03","3200409",7.5,sucesso,2026-07-06 20:28:47.000,7.1,sucesso,2026-07-06 20:29:13.000,1,1,completo,,2026-07-06 20:28:07.000,2026-07-06 20:29:13.000
1181,r03,"2026-07-06_19-27-44__validacao_tcc_unifal_r03","3202009",6.5,sucesso,2026-07-06 20:29:50.000,7.5,sucesso,2026-07-06 20:30:19.000,1,1,completo,,2026-07-06 20:29:16.000,2026-07-06 20:30:19.000
1182,r03,"2026-07-06_19-27-44__validacao_tcc_unifal_r03","1722107",9.2,sucesso,2026-07-06 20:29:39.000,7.1,sucesso,2026-07-06 20:29:58.000,1,1,completo,,2026-07-06 20:29:27.000,2026-07-06 20:29:58.000
1183,r03,"2026-07-06_19-27-44__validacao_tcc_unifal_r03","2933208",5.0,sucesso,2026-07-06 20:31:06.000,5.3,sucesso,2026-07-06 20:31:39.000,1,1,completo,,2026-07-06 20:30:04.000,2026-07-06 20:31:39.000
1184,r03,"2026-07-06_19-27-44__validacao_tcc_unifal_r03","3203346",6.3,sucesso,2026-07-06 20:30:51.000,6.3,sucesso,2026-07-06 20:31:15.000,1,1,completo,,2026-07-06 20:30:23.000,2026-07-06 20:31:15.000
1185,r03,"2026-07-06_19-27-44__validacao_tcc_unifal_r03","4101101",6.2,sucesso,2026-07-06 20:32:17.000,6.7,sucesso,2026-07-06 20:32:34.000,1,1,completo,,2026-07-06 20:31:03.000,2026-07-06 20:32:34.000
1186,r03,"2026-07-06_19-27-44__validacao_tcc_unifal_r03","3101300",9.2,sucesso,2026-07-06 20:31:30.000,7.4,sucesso,2026-07-06 20:31:48.000,1,1,completo,,2026-07-06 20:31:18.000,2026-07-06 20:31:48.000
1187,r03,"2026-07-06_19-27-44__validacao_tcc_unifal_r03","2301851",9.2,sucesso,2026-07-06 20:31:56.000,7.0,sucesso,2026-07-06 20:32:18.000,1,1,completo,,2026-07-06 20:31:43.000,2026-07-06 20:32:18.000
1188,r03,"2026-07-06_19-27-44__validacao_tcc_unifal_r03","3103603",5.7,sucesso,2026-07-06 20:32:16.000,6.3,sucesso,2026-07-06 20:32:37.000,1,1,completo,,2026-07-06 20:31:53.000,2026-07-06 20:32:37.000
1189,r03,"2026-07-06_19-27-44__validacao_tcc_unifal_r03","2303006",6.5,sucesso,2026-07-06 20:32:53.000,6.8,sucesso,2026-07-06 20:33:16.000,1,1,completo,,2026-07-06 20:32:22.000,2026-07-06 20:33:16.000
1190,r03,"2026-07-06_19-27-44__validacao_tcc_unifal_r03","4101655",6.8,sucesso,2026-07-06 20:33:10.000,6.9,sucesso,2026-07-06 20:33:31.000,1,1,completo,,2026-07-06 20:32:38.000,2026-07-06 20:33:31.000
1191,r03,"2026-07-06_19-27-44__validacao_tcc_unifal_r03","3103751",7.8,sucesso,2026-07-06 20:33:08.000,7.7,sucesso,2026-07-06 20:33:24.000,1,1,completo,,2026-07-06 20:32:42.000,2026-07-06 20:33:24.000
1192,r03,"2026-07-06_19-27-44__validacao_tcc_unifal_r03","2303105",6.3,sucesso,2026-07-06 20:33:51.000,6.6,sucesso,2026-07-06 20:34:14.000,1,1,completo,,2026-07-06 20:33:19.000,2026-07-06 20:34:14.000
1193,r03,"2026-07-06_19-27-44__validacao_tcc_unifal_r03","3103801",5.9,sucesso,2026-07-06 20:34:23.000,6.1,sucesso,2026-07-06 20:34:51.000,1,1,completo,,2026-07-06 20:33:29.000,2026-07-06 20:34:51.000
1194,r03,"2026-07-06_19-27-44__validacao_tcc_unifal_r03","4102901",9.2,sucesso,2026-07-06 20:37:12.000,6.6,sucesso,2026-07-06 20:37:35.000,1,1,completo,,2026-07-06 20:33:36.000,2026-07-06 20:37:35.000
1195,r03,"2026-07-06_19-27-44__validacao_tcc_unifal_r03","2303303",7.1,sucesso,2026-07-06 20:34:45.000,7.3,sucesso,2026-07-06 20:35:08.000,1,1,completo,,2026-07-06 20:34:18.000,2026-07-06 20:35:08.000
1196,r03,"2026-07-06_19-27-44__validacao_tcc_unifal_r03","3107109",9.2,sucesso,2026-07-06 20:38:29.000,5.8,sucesso,2026-07-06 20:38:50.000,1,1,completo,,2026-07-06 20:34:54.000,2026-07-06 20:38:50.000
1197,r03,"2026-07-06_19-27-44__validacao_tcc_unifal_r03","2303402",6.5,sucesso,2026-07-06 20:35:42.000,6.8,sucesso,2026-07-06 20:36:04.000,1,1,completo,,2026-07-06 20:35:13.000,2026-07-06 20:36:04.000
1198,r03,"2026-07-06_19-27-44__validacao_tcc_unifal_r03","2303956",6.4,sucesso,2026-07-06 20:39:40.000,5.5,sucesso,2026-07-06 20:39:57.000,1,1,completo,,2026-07-06 20:36:08.000,2026-07-06 20:39:57.000
1199,r03,"2026-07-06_19-27-44__validacao_tcc_unifal_r03","4103107",6.3,sucesso,2026-07-06 20:38:08.000,6.9,sucesso,2026-07-06 20:38:32.000,1,1,completo,,2026-07-06 20:37:39.000,2026-07-06 20:38:32.000
1200,r03,"2026-07-06_19-27-44__validacao_tcc_unifal_r03","4103404",4.9,sucesso,2026-07-06 20:40:05.000,5.6,sucesso,2026-07-06 20:40:29.000,1,1,completo,,2026-07-06 20:38:36.000,2026-07-06 20:40:29.000
1201,r03,"2026-07-06_19-27-44__validacao_tcc_unifal_r03","3108008",9.2,sucesso,2026-07-06 20:39:07.000,8.3,sucesso,2026-07-06 20:39:27.000,1,1,completo,,2026-07-06 20:38:54.000,2026-07-06 20:39:27.000
1202,r03,"2026-07-06_19-27-44__validacao_tcc_unifal_r03","3108701",9.2,sucesso,2026-07-06 20:43:08.000,7.7,sucesso,2026-07-06 20:43:32.000,1,1,completo,,2026-07-06 20:39:31.000,2026-07-06 20:43:32.000
1203,r03,"2026-07-06_19-27-44__validacao_tcc_unifal_r03","2304236",6.1,sucesso,2026-07-06 20:40:52.000,6.0,sucesso,2026-07-06 20:41:13.000,1,1,completo,,2026-07-06 20:40:00.000,2026-07-06 20:41:13.000
1204,r03,"2026-07-06_19-27-44__validacao_tcc_unifal_r03","4103453",5.7,sucesso,2026-07-06 20:40:55.000,6.4,sucesso,2026-07-06 20:41:15.000,1,1,completo,,2026-07-06 20:40:32.000,2026-07-06 20:41:15.000
1205,r03,"2026-07-06_19-27-44__validacao_tcc_unifal_r03","2308708",6.0,sucesso,2026-07-06 20:41:48.000,6.6,sucesso,2026-07-06 20:42:09.000,1,1,completo,,2026-07-06 20:41:16.000,2026-07-06 20:42:09.000
1206,r03,"2026-07-06_19-27-44__validacao_tcc_unifal_r03","4104253",6.5,sucesso,2026-07-06 20:42:04.000,6.7,sucesso,2026-07-06 20:42:28.000,1,1,completo,,2026-07-06 20:41:18.000,2026-07-06 20:42:28.000
1207,r03,"2026-07-06_19-27-44__validacao_tcc_unifal_r03","2310308",6.0,sucesso,2026-07-06 20:45:19.000,6.7,sucesso,2026-07-06 20:45:41.000,1,1,completo,,2026-07-06 20:42:13.000,2026-07-06 20:45:41.000
1208,r03,"2026-07-06_19-27-44__validacao_tcc_unifal_r03","4104303",7.9,sucesso,2026-07-06 20:43:08.000,7.7,sucesso,2026-07-06 20:43:30.000,1,1,completo,,2026-07-06 20:42:31.000,2026-07-06 20:43:30.000
1209,r03,"2026-07-06_19-27-44__validacao_tcc_unifal_r03","4107546",6.9,sucesso,2026-07-06 20:44:08.000,7.0,sucesso,2026-07-06 20:44:31.000,1,1,completo,,2026-07-06 20:43:34.000,2026-07-06 20:44:31.000
1210,r03,"2026-07-06_19-27-44__validacao_tcc_unifal_r03","3109600",6.3,sucesso,2026-07-06 20:44:59.000,7.4,sucesso,2026-07-06 20:45:26.000,1,1,completo,,2026-07-06 20:43:35.000,2026-07-06 20:45:26.000
1211,r03,"2026-07-06_19-27-44__validacao_tcc_unifal_r03","4108007",7.1,sucesso,2026-07-06 20:44:52.000,7.5,sucesso,2026-07-06 20:45:12.000,1,1,completo,,2026-07-06 20:44:34.000,2026-07-06 20:45:12.000
1212,r03,"2026-07-06_19-27-44__validacao_tcc_unifal_r03","4108106",5.6,sucesso,2026-07-06 20:45:42.000,5.5,sucesso,2026-07-06 20:46:05.000,1,1,completo,,2026-07-06 20:45:15.000,2026-07-06 20:46:05.000
1213,r03,"2026-07-06_19-27-44__validacao_tcc_unifal_r03","3109808",5.6,sucesso,2026-07-06 20:45:55.000,6.0,sucesso,2026-07-06 20:46:17.000,1,1,completo,,2026-07-06 20:45:30.000,2026-07-06 20:46:17.000
1214,r03,"2026-07-06_19-27-44__validacao_tcc_unifal_r03","2310407",6.3,sucesso,2026-07-06 20:46:19.000,6.6,sucesso,2026-07-06 20:46:42.000,1,1,completo,,2026-07-06 20:45:44.000,2026-07-06 20:46:42.000
1215,r03,"2026-07-06_19-27-44__validacao_tcc_unifal_r03","4108809",5.8,sucesso,2026-07-06 20:51:34.000,6.3,sucesso,2026-07-06 20:51:57.000,1,1,completo,,2026-07-06 20:46:09.000,2026-07-06 20:51:57.000
1216,r03,"2026-07-06_19-27-44__validacao_tcc_unifal_r03","3113008",9.2,sucesso,2026-07-06 20:53:37.000,6.5,sucesso,2026-07-06 20:54:03.000,1,1,completo,,2026-07-06 20:46:20.000,2026-07-06 20:54:03.000
1217,r03,"2026-07-06_19-27-44__validacao_tcc_unifal_r03","2312106",6.3,sucesso,2026-07-06 20:47:19.000,6.6,sucesso,2026-07-06 20:47:42.000,1,1,completo,,2026-07-06 20:46:46.000,2026-07-06 20:47:42.000
1218,r03,"2026-07-06_19-27-44__validacao_tcc_unifal_r03","2313252",6.4,sucesso,2026-07-06 20:48:07.000,6.6,sucesso,2026-07-06 20:48:32.000,1,1,completo,,2026-07-06 20:47:45.000,2026-07-06 20:48:32.000
1219,r03,"2026-07-06_19-27-44__validacao_tcc_unifal_r03","2313955",6.2,sucesso,2026-07-06 20:49:03.000,6.5,sucesso,2026-07-06 20:49:25.000,1,1,completo,,2026-07-06 20:48:35.000,2026-07-06 20:49:25.000
1220,r03,"2026-07-06_19-27-44__validacao_tcc_unifal_r03","2100436",6.9,sucesso,2026-07-06 20:51:17.000,6.5,sucesso,2026-07-06 20:51:58.000,1,1,completo,,2026-07-06 20:49:28.000,2026-07-06 20:51:58.000
1221,r03,"2026-07-06_19-27-44__validacao_tcc_unifal_r03","4109203",7.2,sucesso,2026-07-06 20:52:27.000,7.3,sucesso,2026-07-06 20:52:50.000,1,1,completo,,2026-07-06 20:52:00.000,2026-07-06 20:52:50.000
1222,r03,"2026-07-06_19-27-44__validacao_tcc_unifal_r03","2100501",7.3,sucesso,2026-07-06 20:54:53.000,6.8,sucesso,2026-07-06 20:55:27.000,1,1,completo,,2026-07-06 20:52:02.000,2026-07-06 20:55:27.000
1223,r03,"2026-07-06_19-27-44__validacao_tcc_unifal_r03","4109401",9.2,sucesso,2026-07-06 20:56:27.000,7.3,sucesso,2026-07-06 20:56:43.000,1,1,completo,,2026-07-06 20:52:53.000,2026-07-06 20:56:43.000
1224,r03,"2026-07-06_19-27-44__validacao_tcc_unifal_r03","3115102",9.2,sucesso,2026-07-06 20:54:17.000,7.2,sucesso,2026-07-06 20:54:34.000,1,1,completo,,2026-07-06 20:54:06.000,2026-07-06 20:54:34.000
1225,r03,"2026-07-06_19-27-44__validacao_tcc_unifal_r03","3115409",9.2,sucesso,2026-07-06 20:54:50.000,9.3,sucesso,2026-07-06 20:55:20.000,1,1,completo,,2026-07-06 20:54:38.000,2026-07-06 20:55:20.000
1226,r03,"2026-07-06_19-27-44__validacao_tcc_unifal_r03","3115607",7.8,sucesso,2026-07-06 20:56:36.000,8.2,sucesso,2026-07-06 20:57:01.000,1,1,completo,,2026-07-06 20:55:23.000,2026-07-06 20:57:01.000
1227,r03,"2026-07-06_19-27-44__validacao_tcc_unifal_r03","2100956",6.3,sucesso,2026-07-06 20:56:03.000,6.6,sucesso,2026-07-06 20:56:26.000,1,1,completo,,2026-07-06 20:55:30.000,2026-07-06 20:56:26.000
1228,r03,"2026-07-06_19-27-44__validacao_tcc_unifal_r03","2101608",8.4,sucesso,2026-07-06 20:57:00.000,8.3,sucesso,2026-07-06 20:57:22.000,1,1,completo,,2026-07-06 20:56:29.000,2026-07-06 20:57:22.000
1229,r03,"2026-07-06_19-27-44__validacao_tcc_unifal_r03","4109708",3.9,sucesso,2026-07-06 20:58:04.000,4.5,sucesso,2026-07-06 20:58:28.000,1,1,completo,,2026-07-06 20:56:48.000,2026-07-06 20:58:28.000
1230,r03,"2026-07-06_19-27-44__validacao_tcc_unifal_r03","3115805",6.0,sucesso,2026-07-06 20:57:31.000,6.1,sucesso,2026-07-06 20:57:52.000,1,1,completo,,2026-07-06 20:57:05.000,2026-07-06 20:57:52.000
1231,r03,"2026-07-06_19-27-44__validacao_tcc_unifal_r03","2101970",4.4,sucesso,2026-07-06 20:57:51.000,5.3,sucesso,2026-07-06 20:58:16.000,1,1,completo,,2026-07-06 20:57:26.000,2026-07-06 20:58:16.000
1232,r03,"2026-07-06_19-27-44__validacao_tcc_unifal_r03","3117702",9.2,sucesso,2026-07-06 20:58:07.000,8.1,sucesso,2026-07-06 20:58:26.000,1,1,completo,,2026-07-06 20:57:56.000,2026-07-06 20:58:26.000
1233,r03,"2026-07-06_19-27-44__validacao_tcc_unifal_r03","2102408",4.4,sucesso,2026-07-06 20:58:46.000,5.3,sucesso,2026-07-06 20:59:09.000,1,1,completo,,2026-07-06 20:58:20.000,2026-07-06 20:59:09.000
1234,r03,"2026-07-06_19-27-44__validacao_tcc_unifal_r03","3118007",6.0,sucesso,2026-07-06 20:58:54.000,6.1,sucesso,2026-07-06 20:59:20.000,1,1,completo,,2026-07-06 20:58:30.000,2026-07-06 20:59:20.000
1235,r03,"2026-07-06_19-27-44__validacao_tcc_unifal_r03","4111209",7.2,sucesso,2026-07-06 20:59:12.000,7.0,sucesso,2026-07-06 20:59:38.000,1,1,completo,,2026-07-06 20:58:32.000,2026-07-06 20:59:38.000
1236,r03,"2026-07-06_19-27-44__validacao_tcc_unifal_r03","2103174",6.9,sucesso,2026-07-06 21:00:33.000,6.5,sucesso,2026-07-06 21:01:01.000,1,1,completo,,2026-07-06 20:59:12.000,2026-07-06 21:01:01.000
1237,r03,"2026-07-06_19-27-44__validacao_tcc_unifal_r03","3118601",8.4,sucesso,2026-07-06 21:00:29.000,8.9,sucesso,2026-07-06 21:00:53.000,1,1,completo,,2026-07-06 20:59:24.000,2026-07-06 21:00:53.000
1238,r03,"2026-07-06_19-27-44__validacao_tcc_unifal_r03","4111258",6.7,sucesso,2026-07-06 21:00:33.000,6.7,sucesso,2026-07-06 21:01:00.000,1,1,completo,,2026-07-06 20:59:41.000,2026-07-06 21:01:00.000
1239,r03,"2026-07-06_19-27-44__validacao_tcc_unifal_r03","3120201",9.2,sucesso,2026-07-06 21:06:06.000,7.4,sucesso,2026-07-06 21:06:44.000,1,1,completo,,2026-07-06 21:00:56.000,2026-07-06 21:06:44.000
1240,r03,"2026-07-06_19-27-44__validacao_tcc_unifal_r03","4111704",6.5,sucesso,2026-07-06 21:05:00.000,6.8,sucesso,2026-07-06 21:05:25.000,1,1,completo,,2026-07-06 21:01:04.000,2026-07-06 21:05:25.000
1241,r03,"2026-07-06_19-27-44__validacao_tcc_unifal_r03","2103406",7.0,sucesso,2026-07-06 21:01:41.000,7.0,sucesso,2026-07-06 21:02:03.000,1,1,completo,,2026-07-06 21:01:06.000,2026-07-06 21:02:03.000
1242,r03,"2026-07-06_19-27-44__validacao_tcc_unifal_r03","2105104",6.5,sucesso,2026-07-06 21:02:36.000,6.8,sucesso,2026-07-06 21:02:59.000,1,1,completo,,2026-07-06 21:02:06.000,2026-07-06 21:02:59.000
1243,r03,"2026-07-06_19-27-44__validacao_tcc_unifal_r03","2105203",6.9,sucesso,2026-07-06 21:04:31.000,6.5,sucesso,2026-07-06 21:04:57.000,1,1,completo,,2026-07-06 21:03:02.000,2026-07-06 21:04:57.000
1244,r03,"2026-07-06_19-27-44__validacao_tcc_unifal_r03","2106631",6.0,sucesso,2026-07-06 21:05:30.000,6.6,sucesso,2026-07-06 21:05:52.000,1,1,completo,,2026-07-06 21:05:00.000,2026-07-06 21:05:52.000
1245,r03,"2026-07-06_19-27-44__validacao_tcc_unifal_r03","4115408",7.6,sucesso,2026-07-06 21:05:53.000,7.0,sucesso,2026-07-06 21:06:15.000,1,1,completo,,2026-07-06 21:05:29.000,2026-07-06 21:06:15.000
1246,r03,"2026-07-06_19-27-44__validacao_tcc_unifal_r03","2107605",6.4,sucesso,2026-07-06 21:07:00.000,6.3,sucesso,2026-07-06 21:07:27.000,1,1,completo,,2026-07-06 21:05:55.000,2026-07-06 21:07:27.000
1247,r03,"2026-07-06_19-27-44__validacao_tcc_unifal_r03","4115754",6.8,sucesso,2026-07-06 21:07:01.000,7.2,sucesso,2026-07-06 21:07:23.000,1,1,completo,,2026-07-06 21:06:18.000,2026-07-06 21:07:23.000
1248,r03,"2026-07-06_19-27-44__validacao_tcc_unifal_r03","3126752",6.0,sucesso,2026-07-06 21:07:52.000,6.4,sucesso,2026-07-06 21:08:16.000,1,1,completo,,2026-07-06 21:06:47.000,2026-07-06 21:08:16.000
1249,r03,"2026-07-06_19-27-44__validacao_tcc_unifal_r03","4118451",7.9,sucesso,2026-07-06 21:08:00.000,7.7,sucesso,2026-07-06 21:08:21.000,1,1,completo,,2026-07-06 21:07:27.000,2026-07-06 21:08:21.000
1250,r03,"2026-07-06_19-27-44__validacao_tcc_unifal_r03","2108801",6.9,sucesso,2026-07-06 21:07:54.000,6.5,sucesso,2026-07-06 21:08:29.000,1,1,completo,,2026-07-06 21:07:30.000,2026-07-06 21:08:29.000
1251,r03,"2026-07-06_19-27-44__validacao_tcc_unifal_r03","3127339",9.2,sucesso,2026-07-06 21:13:28.000,6.5,sucesso,2026-07-06 21:13:51.000,1,1,completo,,2026-07-06 21:08:20.000,2026-07-06 21:13:51.000
1252,r03,"2026-07-06_19-27-44__validacao_tcc_unifal_r03","4119806",9.2,sucesso,2026-07-06 21:08:37.000,5.6,sucesso,2026-07-06 21:08:59.000,1,1,completo,,2026-07-06 21:08:25.000,2026-07-06 21:08:59.000
1253,r03,"2026-07-06_19-27-44__validacao_tcc_unifal_r03","2109809",6.9,sucesso,2026-07-06 21:08:59.000,6.5,sucesso,2026-07-06 21:09:32.000,1,1,completo,,2026-07-06 21:08:33.000,2026-07-06 21:09:32.000
1254,r03,"2026-07-06_19-27-44__validacao_tcc_unifal_r03","4120655",5.1,sucesso,2026-07-06 21:09:42.000,5.6,sucesso,2026-07-06 21:10:04.000,1,1,completo,,2026-07-06 21:09:03.000,2026-07-06 21:10:04.000
1255,r03,"2026-07-06_19-27-44__validacao_tcc_unifal_r03","2109908",6.5,sucesso,2026-07-06 21:09:55.000,6.6,sucesso,2026-07-06 21:10:14.000,1,1,completo,,2026-07-06 21:09:35.000,2026-07-06 21:10:14.000
1256,r03,"2026-07-06_19-27-44__validacao_tcc_unifal_r03","4120903",5.8,sucesso,2026-07-06 21:10:31.000,6.1,sucesso,2026-07-06 21:10:53.000,1,1,completo,,2026-07-06 21:10:07.000,2026-07-06 21:10:53.000
1257,r03,"2026-07-06_19-27-44__validacao_tcc_unifal_r03","2110906",4.2,sucesso,2026-07-06 21:10:42.000,5.0,sucesso,2026-07-06 21:11:07.000,1,1,completo,,2026-07-06 21:10:17.000,2026-07-06 21:11:07.000
1258,r03,"2026-07-06_19-27-44__validacao_tcc_unifal_r03","4121901",7.1,sucesso,2026-07-06 21:11:23.000,7.5,sucesso,2026-07-06 21:11:48.000,1,1,completo,,2026-07-06 21:10:57.000,2026-07-06 21:11:48.000
1259,r03,"2026-07-06_19-27-44__validacao_tcc_unifal_r03","2111805",8.4,sucesso,2026-07-06 21:13:28.000,8.3,sucesso,2026-07-06 21:13:50.000,1,1,completo,,2026-07-06 21:11:11.000,2026-07-06 21:13:50.000
1260,r03,"2026-07-06_19-27-44__validacao_tcc_unifal_r03","4123006",9.2,sucesso,2026-07-06 21:13:28.000,5.3,sucesso,2026-07-06 21:13:46.000,1,1,completo,,2026-07-06 21:11:51.000,2026-07-06 21:13:46.000
1261,r03,"2026-07-06_19-27-44__validacao_tcc_unifal_r03","4123204",6.3,sucesso,2026-07-06 21:14:05.000,6.6,sucesso,2026-07-06 21:14:23.000,1,1,completo,,2026-07-06 21:13:49.000,2026-07-06 21:14:23.000
1262,r03,"2026-07-06_19-27-44__validacao_tcc_unifal_r03","2504074",7.6,sucesso,2026-07-06 21:14:47.000,7.6,sucesso,2026-07-06 21:15:10.000,1,1,completo,,2026-07-06 21:13:56.000,2026-07-06 21:15:10.000
1263,r03,"2026-07-06_19-27-44__validacao_tcc_unifal_r03","3127404",5.6,sucesso,2026-07-06 21:14:39.000,6.5,sucesso,2026-07-06 21:15:07.000,1,1,completo,,2026-07-06 21:13:57.000,2026-07-06 21:15:07.000
1264,r03,"2026-07-06_19-27-44__validacao_tcc_unifal_r03","4125001",5.6,sucesso,2026-07-06 21:14:45.000,6.2,sucesso,2026-07-06 21:15:02.000,1,1,completo,,2026-07-06 21:14:27.000,2026-07-06 21:15:02.000
1265,r03,"2026-07-06_19-27-44__validacao_tcc_unifal_r03","4126207",6.5,sucesso,2026-07-06 21:15:56.000,6.9,sucesso,2026-07-06 21:16:24.000,1,1,completo,,2026-07-06 21:15:05.000,2026-07-06 21:16:24.000
1266,r03,"2026-07-06_19-27-44__validacao_tcc_unifal_r03","3128402",5.4,sucesso,2026-07-06 21:15:39.000,5.5,sucesso,2026-07-06 21:16:02.000,1,1,completo,,2026-07-06 21:15:11.000,2026-07-06 21:16:02.000
1267,r03,"2026-07-06_19-27-44__validacao_tcc_unifal_r03","2504405",6.6,sucesso,2026-07-06 21:15:44.000,6.6,sucesso,2026-07-06 21:16:06.000,1,1,completo,,2026-07-06 21:15:14.000,2026-07-06 21:16:06.000
1268,r03,"2026-07-06_19-27-44__validacao_tcc_unifal_r03","3128501",8.0,sucesso,2026-07-06 21:16:40.000,7.4,sucesso,2026-07-06 21:17:03.000,1,1,completo,,2026-07-06 21:16:05.000,2026-07-06 21:17:03.000
1269,r03,"2026-07-06_19-27-44__validacao_tcc_unifal_r03","2506251",6.3,sucesso,2026-07-06 21:16:50.000,5.8,sucesso,2026-07-06 21:17:12.000,1,1,completo,,2026-07-06 21:16:10.000,2026-07-06 21:17:12.000
1270,r03,"2026-07-06_19-27-44__validacao_tcc_unifal_r03","4126504",6.4,sucesso,2026-07-06 21:17:04.000,6.4,sucesso,2026-07-06 21:17:33.000,1,1,completo,,2026-07-06 21:16:27.000,2026-07-06 21:17:33.000
1271,r03,"2026-07-06_19-27-44__validacao_tcc_unifal_r03","3129806",6.2,sucesso,2026-07-06 21:17:41.000,6.9,sucesso,2026-07-06 21:18:09.000,1,1,completo,,2026-07-06 21:17:07.000,2026-07-06 21:18:09.000
1272,r03,"2026-07-06_19-27-44__validacao_tcc_unifal_r03","2507408",5.2,sucesso,2026-07-06 21:17:39.000,5.3,sucesso,2026-07-06 21:18:01.000,1,1,completo,,2026-07-06 21:17:16.000,2026-07-06 21:18:01.000
1273,r03,"2026-07-06_19-27-44__validacao_tcc_unifal_r03","4126603",5.7,sucesso,2026-07-06 21:18:38.000,6.6,sucesso,2026-07-06 21:19:03.000,1,1,completo,,2026-07-06 21:17:36.000,2026-07-06 21:19:03.000
1274,r03,"2026-07-06_19-27-44__validacao_tcc_unifal_r03","2508406",5.7,sucesso,2026-07-06 21:18:39.000,6.1,sucesso,2026-07-06 21:19:04.000,1,1,completo,,2026-07-06 21:18:05.000,2026-07-06 21:19:04.000
1275,r03,"2026-07-06_19-27-44__validacao_tcc_unifal_r03","3130101",6.5,sucesso,2026-07-06 21:18:51.000,7.4,sucesso,2026-07-06 21:19:22.000,1,1,completo,,2026-07-06 21:18:13.000,2026-07-06 21:19:22.000
1276,r03,"2026-07-06_19-27-44__validacao_tcc_unifal_r03","4128534",4.2,sucesso,2026-07-06 21:23:01.000,4.3,sucesso,2026-07-06 21:23:26.000,1,1,completo,,2026-07-06 21:19:06.000,2026-07-06 21:23:26.000
1277,r03,"2026-07-06_19-27-44__validacao_tcc_unifal_r03","2510659",7.0,sucesso,2026-07-06 21:19:46.000,6.9,sucesso,2026-07-06 21:20:11.000,1,1,completo,,2026-07-06 21:19:07.000,2026-07-06 21:20:11.000
1278,r03,"2026-07-06_19-27-44__validacao_tcc_unifal_r03","3131505",9.2,sucesso,2026-07-06 21:22:59.000,8.3,sucesso,2026-07-06 21:23:24.000,1,1,completo,,2026-07-06 21:19:26.000,2026-07-06 21:23:24.000
1279,r03,"2026-07-06_19-27-44__validacao_tcc_unifal_r03","2512705",9.2,sucesso,2026-07-06 21:20:32.000,7.0,sucesso,2026-07-06 21:20:56.000,1,1,completo,,2026-07-06 21:20:14.000,2026-07-06 21:20:56.000
1280,r03,"2026-07-06_19-27-44__validacao_tcc_unifal_r03","2513158",5.2,sucesso,2026-07-06 21:21:34.000,5.7,sucesso,2026-07-06 21:22:11.000,1,1,completo,,2026-07-06 21:20:59.000,2026-07-06 21:22:11.000
1281,r03,"2026-07-06_19-27-44__validacao_tcc_unifal_r03","2513927",7.7,sucesso,2026-07-06 21:22:37.000,7.5,sucesso,2026-07-06 21:22:55.000,1,1,completo,,2026-07-06 21:22:15.000,2026-07-06 21:22:55.000
1282,r03,"2026-07-06_19-27-44__validacao_tcc_unifal_r03","2513901",9.2,sucesso,2026-07-06 21:23:11.000,7.5,sucesso,2026-07-06 21:23:29.000,1,1,completo,,2026-07-06 21:22:58.000,2026-07-06 21:23:29.000
1283,r03,"2026-07-06_19-27-44__validacao_tcc_unifal_r03","3133808",9.2,sucesso,2026-07-06 21:23:46.000,7.2,sucesso,2026-07-06 21:24:11.000,1,1,completo,,2026-07-06 21:23:28.000,2026-07-06 21:24:11.000
1284,r03,"2026-07-06_19-27-44__validacao_tcc_unifal_r03","4128658",7.2,sucesso,2026-07-06 21:23:49.000,6.9,sucesso,2026-07-06 21:24:10.000,1,1,completo,,2026-07-06 21:23:29.000,2026-07-06 21:24:10.000
1285,r03,"2026-07-06_19-27-44__validacao_tcc_unifal_r03","2514602",6.8,sucesso,2026-07-06 21:25:23.000,7.0,sucesso,2026-07-06 21:25:41.000,1,1,completo,,2026-07-06 21:23:36.000,2026-07-06 21:25:41.000
1286,r03,"2026-07-06_19-27-44__validacao_tcc_unifal_r03","4300208",3.5,sucesso,2026-07-06 21:25:23.000,4.3,sucesso,2026-07-06 21:25:48.000,1,1,completo,,2026-07-06 21:24:14.000,2026-07-06 21:25:48.000
1287,r03,"2026-07-06_19-27-44__validacao_tcc_unifal_r03","3136504",9.2,sucesso,2026-07-06 21:24:30.000,6.5,sucesso,2026-07-06 21:24:54.000,1,1,completo,,2026-07-06 21:24:14.000,2026-07-06 21:24:54.000
1288,r03,"2026-07-06_19-27-44__validacao_tcc_unifal_r03","3137403",9.2,sucesso,2026-07-06 21:25:11.000,4.9,sucesso,2026-07-06 21:25:32.000,1,1,completo,,2026-07-06 21:24:58.000,2026-07-06 21:25:32.000
1289,r03,"2026-07-06_19-27-44__validacao_tcc_unifal_r03","3137502",7.1,sucesso,2026-07-06 21:26:20.000,7.0,sucesso,2026-07-06 21:26:44.000,1,1,completo,,2026-07-06 21:25:36.000,2026-07-06 21:26:44.000
1290,r03,"2026-07-06_19-27-44__validacao_tcc_unifal_r03","2514701",7.2,sucesso,2026-07-06 21:26:13.000,6.2,sucesso,2026-07-06 21:26:34.000,1,1,completo,,2026-07-06 21:25:45.000,2026-07-06 21:26:34.000
1291,r03,"2026-07-06_19-27-44__validacao_tcc_unifal_r03","4300307",5.4,sucesso,2026-07-06 21:26:24.000,5.4,sucesso,2026-07-06 21:26:49.000,1,1,completo,,2026-07-06 21:25:53.000,2026-07-06 21:26:49.000
1292,r03,"2026-07-06_19-27-44__validacao_tcc_unifal_r03","2514453",5.9,sucesso,2026-07-06 21:27:11.000,6.5,sucesso,2026-07-06 21:27:34.000,1,1,completo,,2026-07-06 21:26:38.000,2026-07-06 21:27:34.000
1293,r03,"2026-07-06_19-27-44__validacao_tcc_unifal_r03","3140530",6.1,sucesso,2026-07-06 21:27:31.000,6.3,sucesso,2026-07-06 21:28:00.000,1,1,completo,,2026-07-06 21:26:48.000,2026-07-06 21:28:00.000
1294,r03,"2026-07-06_19-27-44__validacao_tcc_unifal_r03","4300455",6.9,sucesso,2026-07-06 21:27:31.000,6.9,sucesso,2026-07-06 21:27:56.000,1,1,completo,,2026-07-06 21:26:54.000,2026-07-06 21:27:56.000
1295,r03,"2026-07-06_19-27-44__validacao_tcc_unifal_r03","2600203",7.1,sucesso,2026-07-06 21:27:58.000,7.0,sucesso,2026-07-06 21:28:14.000,1,1,completo,,2026-07-06 21:27:37.000,2026-07-06 21:28:14.000
1296,r03,"2026-07-06_19-27-44__validacao_tcc_unifal_r03","4300570",7.0,sucesso,2026-07-06 21:28:17.000,7.2,sucesso,2026-07-06 21:28:34.000,1,1,completo,,2026-07-06 21:28:00.000,2026-07-06 21:28:34.000
1297,r03,"2026-07-06_19-27-44__validacao_tcc_unifal_r03","3140852",9.2,sucesso,2026-07-06 21:28:18.000,7.7,sucesso,2026-07-06 21:28:34.000,1,1,completo,,2026-07-06 21:28:04.000,2026-07-06 21:28:34.000
1298,r03,"2026-07-06_19-27-44__validacao_tcc_unifal_r03","2601201",5.1,sucesso,2026-07-06 21:28:37.000,5.0,sucesso,2026-07-06 21:29:01.000,1,1,completo,,2026-07-06 21:28:18.000,2026-07-06 21:29:01.000
1299,r03,"2026-07-06_19-27-44__validacao_tcc_unifal_r03","3141009",6.8,sucesso,2026-07-06 21:29:16.000,7.4,sucesso,2026-07-06 21:29:38.000,1,1,completo,,2026-07-06 21:28:40.000,2026-07-06 21:29:38.000
1300,r03,"2026-07-06_19-27-44__validacao_tcc_unifal_r03","4300638",8.7,sucesso,2026-07-06 21:29:09.000,8.7,sucesso,2026-07-06 21:29:27.000,1,1,completo,,2026-07-06 21:28:40.000,2026-07-06 21:29:27.000
1301,r03,"2026-07-06_19-27-44__validacao_tcc_unifal_r03","2604403",,falha_de_carregamento,2026-07-06 21:39:01.000,5.4,sucesso,2026-07-06 21:39:23.000,0,1,parcial,,2026-07-06 21:29:04.000,2026-07-06 21:39:23.000
1302,r03,"2026-07-06_19-27-44__validacao_tcc_unifal_r03","4301636",9.2,sucesso,2026-07-06 21:29:42.000,6.7,sucesso,2026-07-06 21:30:07.000,1,1,completo,,2026-07-06 21:29:31.000,2026-07-06 21:30:07.000
1303,r03,"2026-07-06_19-27-44__validacao_tcc_unifal_r03","3141207",9.2,sucesso,2026-07-06 21:29:54.000,4.8,sucesso,2026-07-06 21:30:16.000,1,1,completo,,2026-07-06 21:29:41.000,2026-07-06 21:30:16.000
1304,r03,"2026-07-06_19-27-44__validacao_tcc_unifal_r03","4301750",5.8,sucesso,2026-07-06 21:30:52.000,5.8,sucesso,2026-07-06 21:31:20.000,1,1,completo,,2026-07-06 21:30:10.000,2026-07-06 21:31:20.000
1305,r03,"2026-07-06_19-27-44__validacao_tcc_unifal_r03","3142700",5.7,sucesso,2026-07-06 21:30:46.000,5.7,sucesso,2026-07-06 21:31:04.000,1,1,completo,,2026-07-06 21:30:20.000,2026-07-06 21:31:04.000
1306,r03,"2026-07-06_19-27-44__validacao_tcc_unifal_r03","3144904",7.8,sucesso,2026-07-06 21:31:29.000,8.1,sucesso,2026-07-06 21:31:51.000,1,1,completo,,2026-07-06 21:31:07.000,2026-07-06 21:31:51.000
1307,r03,"2026-07-06_19-27-44__validacao_tcc_unifal_r03","4302006",7.4,sucesso,2026-07-06 21:31:33.000,6.5,sucesso,2026-07-06 21:31:58.000,1,1,completo,,2026-07-06 21:31:24.000,2026-07-06 21:31:58.000
1308,r03,"2026-07-06_19-27-44__validacao_tcc_unifal_r03","3145356",9.2,sucesso,2026-07-06 21:32:06.000,6.6,sucesso,2026-07-06 21:32:28.000,1,1,completo,,2026-07-06 21:31:54.000,2026-07-06 21:32:28.000
1309,r03,"2026-07-06_19-27-44__validacao_tcc_unifal_r03","4302352",9.2,sucesso,2026-07-06 21:32:15.000,7.0,sucesso,2026-07-06 21:32:40.000,1,1,completo,,2026-07-06 21:32:02.000,2026-07-06 21:32:40.000
1310,r03,"2026-07-06_19-27-44__validacao_tcc_unifal_r03","3145505",5.2,sucesso,2026-07-06 21:33:20.000,6.3,sucesso,2026-07-06 21:33:43.000,1,1,completo,,2026-07-06 21:32:32.000,2026-07-06 21:33:43.000
1311,r03,"2026-07-06_19-27-44__validacao_tcc_unifal_r03","4302402",5.8,sucesso,2026-07-06 21:33:06.000,5.4,sucesso,2026-07-06 21:33:27.000,1,1,completo,,2026-07-06 21:32:43.000,2026-07-06 21:33:27.000
1312,r03,"2026-07-06_19-27-44__validacao_tcc_unifal_r03","4302709",7.0,sucesso,2026-07-06 21:34:06.000,7.4,sucesso,2026-07-06 21:34:29.000,1,1,completo,,2026-07-06 21:33:31.000,2026-07-06 21:34:29.000
1313,r03,"2026-07-06_19-27-44__validacao_tcc_unifal_r03","3145901",5.1,sucesso,2026-07-06 21:34:17.000,6.4,sucesso,2026-07-06 21:34:46.000,1,1,completo,,2026-07-06 21:33:47.000,2026-07-06 21:34:46.000
1314,r03,"2026-07-06_19-27-44__validacao_tcc_unifal_r03","4303608",7.4,sucesso,2026-07-06 21:34:43.000,7.0,sucesso,2026-07-06 21:35:05.000,1,1,completo,,2026-07-06 21:34:33.000,2026-07-06 21:35:05.000
1315,r03,"2026-07-06_19-27-44__validacao_tcc_unifal_r03","3146404",5.7,sucesso,2026-07-06 21:35:38.000,6.6,sucesso,2026-07-06 21:36:06.000,1,1,completo,,2026-07-06 21:34:49.000,2026-07-06 21:36:06.000
1316,r03,"2026-07-06_19-27-44__validacao_tcc_unifal_r03","4305306",9.2,sucesso,2026-07-06 21:38:40.000,6.3,sucesso,2026-07-06 21:39:02.000,1,1,completo,,2026-07-06 21:35:09.000,2026-07-06 21:39:02.000
1317,r03,"2026-07-06_19-27-44__validacao_tcc_unifal_r03","3149200",5.8,sucesso,2026-07-06 21:36:37.000,6.1,sucesso,2026-07-06 21:37:00.000,1,1,completo,,2026-07-06 21:36:10.000,2026-07-06 21:37:00.000
1318,r03,"2026-07-06_19-27-44__validacao_tcc_unifal_r03","3149804",5.6,sucesso,2026-07-06 21:37:27.000,5.9,sucesso,2026-07-06 21:37:50.000,1,1,completo,,2026-07-06 21:37:04.000,2026-07-06 21:37:50.000
1319,r03,"2026-07-06_19-27-44__validacao_tcc_unifal_r03","3152131",9.2,sucesso,2026-07-06 21:40:15.000,8.5,sucesso,2026-07-06 21:40:34.000,1,1,completo,,2026-07-06 21:37:53.000,2026-07-06 21:40:34.000
1320,r03,"2026-07-06_19-27-44__validacao_tcc_unifal_r03","4307500",7.5,sucesso,2026-07-06 21:39:30.000,7.7,sucesso,2026-07-06 21:39:58.000,1,1,completo,,2026-07-06 21:39:05.000,2026-07-06 21:39:58.000
1321,r03,"2026-07-06_19-27-44__validacao_tcc_unifal_r03","2607604",6.5,sucesso,2026-07-06 21:40:01.000,6.4,sucesso,2026-07-06 21:40:20.000,1,1,completo,,2026-07-06 21:39:27.000,2026-07-06 21:40:20.000
1322,r03,"2026-07-06_19-27-44__validacao_tcc_unifal_r03","4308078",9.2,sucesso,2026-07-06 21:43:31.000,6.7,sucesso,2026-07-06 21:43:50.000,1,1,completo,,2026-07-06 21:40:01.000,2026-07-06 21:43:50.000
1323,r03,"2026-07-06_19-27-44__validacao_tcc_unifal_r03","2607000",6.0,sucesso,2026-07-06 21:41:05.000,6.4,sucesso,2026-07-06 21:41:38.000,1,1,completo,,2026-07-06 21:40:24.000,2026-07-06 21:41:38.000
1324,r03,"2026-07-06_19-27-44__validacao_tcc_unifal_r03","3154101",6.0,sucesso,2026-07-06 21:44:14.000,6.4,sucesso,2026-07-06 21:44:37.000,1,1,completo,,2026-07-06 21:40:37.000,2026-07-06 21:44:37.000
1325,r03,"2026-07-06_19-27-44__validacao_tcc_unifal_r03","2607307",8.3,sucesso,2026-07-06 21:42:04.000,8.0,sucesso,2026-07-06 21:42:27.000,1,1,completo,,2026-07-06 21:41:41.000,2026-07-06 21:42:27.000
1326,r03,"2026-07-06_19-27-44__validacao_tcc_unifal_r03","2609006",8.3,sucesso,2026-07-06 21:43:13.000,8.1,sucesso,2026-07-06 21:43:38.000,1,1,completo,,2026-07-06 21:42:30.000,2026-07-06 21:43:38.000
1327,r03,"2026-07-06_19-27-44__validacao_tcc_unifal_r03","2611705",6.5,sucesso,2026-07-06 21:44:05.000,6.8,sucesso,2026-07-06 21:44:26.000,1,1,completo,,2026-07-06 21:43:41.000,2026-07-06 21:44:26.000
1328,r03,"2026-07-06_19-27-44__validacao_tcc_unifal_r03","4308904",8.7,sucesso,2026-07-06 21:47:35.000,8.3,sucesso,2026-07-06 21:48:00.000,1,1,completo,,2026-07-06 21:43:54.000,2026-07-06 21:48:00.000
1329,r03,"2026-07-06_19-27-44__validacao_tcc_unifal_r03","2613701",5.5,sucesso,2026-07-06 21:45:11.000,5.7,sucesso,2026-07-06 21:45:38.000,1,1,completo,,2026-07-06 21:44:30.000,2026-07-06 21:45:38.000
1330,r03,"2026-07-06_19-27-44__validacao_tcc_unifal_r03","3154408",6.8,sucesso,2026-07-06 21:45:21.000,6.6,sucesso,2026-07-06 21:45:50.000,1,1,completo,,2026-07-06 21:44:40.000,2026-07-06 21:45:50.000
1331,r03,"2026-07-06_19-27-44__validacao_tcc_unifal_r03","2614006",6.3,sucesso,2026-07-06 21:46:09.000,6.5,sucesso,2026-07-06 21:46:31.000,1,1,completo,,2026-07-06 21:45:41.000,2026-07-06 21:46:31.000
1332,r03,"2026-07-06_19-27-44__validacao_tcc_unifal_r03","3155405",6.0,sucesso,2026-07-06 21:46:17.000,6.7,sucesso,2026-07-06 21:46:39.000,1,1,completo,,2026-07-06 21:45:53.000,2026-07-06 21:46:39.000
1333,r03,"2026-07-06_19-27-44__validacao_tcc_unifal_r03","2614501",6.6,sucesso,2026-07-06 21:47:11.000,6.5,sucesso,2026-07-06 21:47:34.000,1,1,completo,,2026-07-06 21:46:34.000,2026-07-06 21:47:34.000
1334,r03,"2026-07-06_19-27-44__validacao_tcc_unifal_r03","3156502",6.1,sucesso,2026-07-06 21:48:24.000,6.8,sucesso,2026-07-06 21:48:49.000,1,1,completo,,2026-07-06 21:46:42.000,2026-07-06 21:48:49.000
1335,r03,"2026-07-06_19-27-44__validacao_tcc_unifal_r03","2201507",7.3,sucesso,2026-07-06 21:48:07.000,7.0,sucesso,2026-07-06 21:48:34.000,1,1,completo,,2026-07-06 21:47:37.000,2026-07-06 21:48:34.000
1336,r03,"2026-07-06_19-27-44__validacao_tcc_unifal_r03","4309050",6.6,sucesso,2026-07-06 21:48:32.000,6.8,sucesso,2026-07-06 21:48:50.000,1,1,completo,,2026-07-06 21:48:03.000,2026-07-06 21:48:50.000
1337,r03,"2026-07-06_19-27-44__validacao_tcc_unifal_r03","2202901",6.6,sucesso,2026-07-06 21:49:28.000,6.5,sucesso,2026-07-06 21:49:52.000,1,1,completo,,2026-07-06 21:48:38.000,2026-07-06 21:49:52.000
1338,r03,"2026-07-06_19-27-44__validacao_tcc_unifal_r03","3159308",6.3,sucesso,2026-07-06 21:49:28.000,6.6,sucesso,2026-07-06 21:49:44.000,1,1,completo,,2026-07-06 21:48:52.000,2026-07-06 21:49:44.000
1339,r03,"2026-07-06_19-27-44__validacao_tcc_unifal_r03","4309506",3.6,sucesso,2026-07-06 21:49:59.000,4.3,sucesso,2026-07-06 21:50:24.000,1,1,completo,,2026-07-06 21:48:53.000,2026-07-06 21:50:24.000
1340,r03,"2026-07-06_19-27-44__validacao_tcc_unifal_r03","3158508",6.5,sucesso,2026-07-06 21:50:39.000,6.5,sucesso,2026-07-06 21:51:03.000,1,1,completo,,2026-07-06 21:49:48.000,2026-07-06 21:51:03.000
1341,r03,"2026-07-06_19-27-44__validacao_tcc_unifal_r03","2203305",7.3,sucesso,2026-07-06 21:50:38.000,7.1,sucesso,2026-07-06 21:51:05.000,1,1,completo,,2026-07-06 21:49:56.000,2026-07-06 21:51:05.000
1342,r03,"2026-07-06_19-27-44__validacao_tcc_unifal_r03","4310108",8.7,sucesso,2026-07-06 21:50:55.000,8.3,sucesso,2026-07-06 21:51:16.000,1,1,completo,,2026-07-06 21:50:28.000,2026-07-06 21:51:16.000
1343,r03,"2026-07-06_19-27-44__validacao_tcc_unifal_r03","3160801",4.2,sucesso,2026-07-06 21:51:27.000,5.0,sucesso,2026-07-06 21:51:52.000,1,1,completo,,2026-07-06 21:51:07.000,2026-07-06 21:51:52.000
1344,r03,"2026-07-06_19-27-44__validacao_tcc_unifal_r03","2204352",9.2,sucesso,2026-07-06 21:51:22.000,,sucesso_sem_nota,2026-07-06 21:53:01.000,1,0,parcial,,2026-07-06 21:51:08.000,2026-07-06 21:53:01.000
1345,r03,"2026-07-06_19-27-44__validacao_tcc_unifal_r03","4310579",5.4,sucesso,2026-07-06 21:51:45.000,5.3,sucesso,2026-07-06 21:52:08.000,1,1,completo,,2026-07-06 21:51:20.000,2026-07-06 21:52:08.000
1346,r03,"2026-07-06_19-27-44__validacao_tcc_unifal_r03","3161304",6.1,sucesso,2026-07-06 21:52:12.000,6.4,sucesso,2026-07-06 21:52:32.000,1,1,completo,,2026-07-06 21:51:56.000,2026-07-06 21:52:32.000
1347,r03,"2026-07-06_19-27-44__validacao_tcc_unifal_r03","4311254",5.4,sucesso,2026-07-06 21:52:30.000,5.6,sucesso,2026-07-06 21:52:51.000,1,1,completo,,2026-07-06 21:52:13.000,2026-07-06 21:52:51.000
1348,r03,"2026-07-06_19-27-44__validacao_tcc_unifal_r03","3162302",7.3,sucesso,2026-07-06 21:53:21.000,7.4,sucesso,2026-07-06 21:53:47.000,1,1,completo,,2026-07-06 21:52:35.000,2026-07-06 21:53:47.000
1349,r03,"2026-07-06_19-27-44__validacao_tcc_unifal_r03","4312658",7.6,sucesso,2026-07-06 21:53:21.000,7.7,sucesso,2026-07-06 21:53:45.000,1,1,completo,,2026-07-06 21:52:54.000,2026-07-06 21:53:45.000
1350,r03,"2026-07-06_19-27-44__validacao_tcc_unifal_r03","2205250",8.8,sucesso,2026-07-06 21:53:26.000,8.1,sucesso,2026-07-06 21:53:47.000,1,1,completo,,2026-07-06 21:53:04.000,2026-07-06 21:53:47.000
1351,r03,"2026-07-06_19-27-44__validacao_tcc_unifal_r03","4312906",9.2,sucesso,2026-07-06 21:53:59.000,7.2,sucesso,2026-07-06 21:54:23.000,1,1,completo,,2026-07-06 21:53:48.000,2026-07-06 21:54:23.000
1352,r03,"2026-07-06_19-27-44__validacao_tcc_unifal_r03","3162575",9.2,sucesso,2026-07-06 21:57:26.000,7.3,sucesso,2026-07-06 21:57:50.000,1,1,completo,,2026-07-06 21:53:51.000,2026-07-06 21:57:50.000
1353,r03,"2026-07-06_19-27-44__validacao_tcc_unifal_r03","2205359",6.7,sucesso,2026-07-06 21:54:40.000,6.8,sucesso,2026-07-06 21:55:05.000,1,1,completo,,2026-07-06 21:53:51.000,2026-07-06 21:55:05.000
1354,r03,"2026-07-06_19-27-44__validacao_tcc_unifal_r03","4314175",9.2,sucesso,2026-07-06 21:54:38.000,5.9,sucesso,2026-07-06 21:55:02.000,1,1,completo,,2026-07-06 21:54:27.000,2026-07-06 21:55:02.000
1355,r03,"2026-07-06_19-27-44__validacao_tcc_unifal_r03","4316451",9.2,sucesso,2026-07-06 21:55:20.000,6.7,sucesso,2026-07-06 21:55:51.000,1,1,completo,,2026-07-06 21:55:06.000,2026-07-06 21:55:51.000
1356,r03,"2026-07-06_19-27-44__validacao_tcc_unifal_r03","2206407",9.2,sucesso,2026-07-06 22:02:18.000,7.4,sucesso,2026-07-06 22:02:51.000,1,1,completo,,2026-07-06 21:55:08.000,2026-07-06 22:02:51.000
1357,r03,"2026-07-06_19-27-44__validacao_tcc_unifal_r03","4319109",5.8,sucesso,2026-07-06 21:56:21.000,6.0,sucesso,2026-07-06 21:56:43.000,1,1,completo,,2026-07-06 21:55:54.000,2026-07-06 21:56:43.000
1358,r03,"2026-07-06_19-27-44__validacao_tcc_unifal_r03","4320206",4.2,sucesso,2026-07-06 21:57:21.000,4.5,sucesso,2026-07-06 21:57:41.000,1,1,completo,,2026-07-06 21:56:47.000,2026-07-06 21:57:41.000
1359,r03,"2026-07-06_19-27-44__validacao_tcc_unifal_r03","4321436",9.2,sucesso,2026-07-06 21:57:56.000,6.9,sucesso,2026-07-06 21:58:27.000,1,1,completo,,2026-07-06 21:57:45.000,2026-07-06 21:58:27.000
1360,r03,"2026-07-06_19-27-44__validacao_tcc_unifal_r03","3163904",6.5,sucesso,2026-07-06 21:59:03.000,7.2,sucesso,2026-07-06 21:59:25.000,1,1,completo,,2026-07-06 21:57:53.000,2026-07-06 21:59:25.000
1361,r03,"2026-07-06_19-27-44__validacao_tcc_unifal_r03","4321634",7.5,sucesso,2026-07-06 21:59:13.000,7.4,sucesso,2026-07-06 21:59:38.000,1,1,completo,,2026-07-06 21:58:30.000,2026-07-06 21:59:38.000
1362,r03,"2026-07-06_19-27-44__validacao_tcc_unifal_r03","3168606",9.2,sucesso,2026-07-06 21:59:40.000,5.6,sucesso,2026-07-06 22:00:11.000,1,1,completo,,2026-07-06 21:59:28.000,2026-07-06 22:00:11.000
1363,r03,"2026-07-06_19-27-44__validacao_tcc_unifal_r03","4322327",6.7,sucesso,2026-07-06 22:00:23.000,6.9,sucesso,2026-07-06 22:00:50.000,1,1,completo,,2026-07-06 21:59:42.000,2026-07-06 22:00:50.000
1364,r03,"2026-07-06_19-27-44__validacao_tcc_unifal_r03","3168903",9.7,sucesso,2026-07-06 22:00:44.000,9.4,sucesso,2026-07-06 22:01:07.000,1,1,completo,,2026-07-06 22:00:13.000,2026-07-06 22:01:07.000
1365,r03,"2026-07-06_19-27-44__validacao_tcc_unifal_r03","4322608",5.8,sucesso,2026-07-06 22:03:39.000,6.6,sucesso,2026-07-06 22:04:02.000,1,1,completo,,2026-07-06 22:00:54.000,2026-07-06 22:04:02.000
1366,r03,"2026-07-06_19-27-44__validacao_tcc_unifal_r03","3169059",7.0,sucesso,2026-07-06 22:01:38.000,7.3,sucesso,2026-07-06 22:02:00.000,1,1,completo,,2026-07-06 22:01:10.000,2026-07-06 22:02:00.000
1367,r03,"2026-07-06_19-27-44__validacao_tcc_unifal_r03","3170008",6.3,sucesso,2026-07-06 22:02:37.000,6.4,sucesso,2026-07-06 22:03:01.000,1,1,completo,,2026-07-06 22:02:03.000,2026-07-06 22:03:01.000
1368,r03,"2026-07-06_19-27-44__validacao_tcc_unifal_r03","2207850",6.3,sucesso,2026-07-06 22:03:39.000,6.3,sucesso,2026-07-06 22:04:06.000,1,1,completo,,2026-07-06 22:02:54.000,2026-07-06 22:04:06.000
1369,r03,"2026-07-06_19-27-44__validacao_tcc_unifal_r03","3170057",7.0,sucesso,2026-07-06 22:04:21.000,6.7,sucesso,2026-07-06 22:04:49.000,1,1,completo,,2026-07-06 22:03:05.000,2026-07-06 22:04:49.000
1370,r03,"2026-07-06_19-27-44__validacao_tcc_unifal_r03","4200606",6.4,sucesso,2026-07-06 22:04:33.000,6.8,sucesso,2026-07-06 22:04:55.000,1,1,completo,,2026-07-06 22:04:05.000,2026-07-06 22:04:55.000
1371,r03,"2026-07-06_19-27-44__validacao_tcc_unifal_r03","2209971",6.6,sucesso,2026-07-06 22:04:51.000,6.4,sucesso,2026-07-06 22:05:15.000,1,1,completo,,2026-07-06 22:04:11.000,2026-07-06 22:05:15.000
1372,r03,"2026-07-06_19-27-44__validacao_tcc_unifal_r03","3170701",9.2,sucesso,2026-07-06 22:08:29.000,7.6,sucesso,2026-07-06 22:08:52.000,1,1,completo,,2026-07-06 22:04:52.000,2026-07-06 22:08:52.000
1373,r03,"2026-07-06_19-27-44__validacao_tcc_unifal_r03","4203204",6.5,sucesso,2026-07-06 22:06:11.000,6.4,sucesso,2026-07-06 22:07:27.000,1,1,completo,,2026-07-06 22:04:59.000,2026-07-06 22:07:27.000
1374,r03,"2026-07-06_19-27-44__validacao_tcc_unifal_r03","2210375",6.6,sucesso,2026-07-06 22:06:03.000,6.5,sucesso,2026-07-06 22:06:25.000,1,1,completo,,2026-07-06 22:05:20.000,2026-07-06 22:06:25.000
1375,r03,"2026-07-06_19-27-44__validacao_tcc_unifal_r03","2210607",6.8,sucesso,2026-07-06 22:07:01.000,7.1,sucesso,2026-07-06 22:07:25.000,1,1,completo,,2026-07-06 22:06:29.000,2026-07-06 22:07:25.000
1376,r03,"2026-07-06_19-27-44__validacao_tcc_unifal_r03","2210656",6.8,sucesso,2026-07-06 22:07:55.000,6.8,sucesso,2026-07-06 22:08:32.000,1,1,completo,,2026-07-06 22:07:28.000,2026-07-06 22:08:32.000
1377,r03,"2026-07-06_19-27-44__validacao_tcc_unifal_r03","4205357",5.6,sucesso,2026-07-06 22:08:02.000,6.2,sucesso,2026-07-06 22:08:25.000,1,1,completo,,2026-07-06 22:07:30.000,2026-07-06 22:08:25.000
1378,r03,"2026-07-06_19-27-44__validacao_tcc_unifal_r03","4209300",5.4,sucesso,2026-07-06 22:08:54.000,6.0,sucesso,2026-07-06 22:09:11.000,1,1,completo,,2026-07-06 22:08:28.000,2026-07-06 22:09:11.000
1379,r03,"2026-07-06_19-27-44__validacao_tcc_unifal_r03","2210904",7.6,sucesso,2026-07-06 22:09:12.000,7.3,sucesso,2026-07-06 22:09:36.000,1,1,completo,,2026-07-06 22:08:37.000,2026-07-06 22:09:36.000
1380,r03,"2026-07-06_19-27-44__validacao_tcc_unifal_r03","3300951",7.6,sucesso,2026-07-06 22:09:17.000,7.5,sucesso,2026-07-06 22:09:35.000,1,1,completo,,2026-07-06 22:08:56.000,2026-07-06 22:09:35.000
1381,r03,"2026-07-06_19-27-44__validacao_tcc_unifal_r03","4209805",6.6,sucesso,2026-07-06 22:10:02.000,6.7,sucesso,2026-07-06 22:10:25.000,1,1,completo,,2026-07-06 22:09:14.000,2026-07-06 22:10:25.000
1382,r03,"2026-07-06_19-27-44__validacao_tcc_unifal_r03","3301405",9.2,sucesso,2026-07-06 22:10:02.000,5.5,sucesso,2026-07-06 22:10:28.000,1,1,completo,,2026-07-06 22:09:39.000,2026-07-06 22:10:28.000
1383,r03,"2026-07-06_19-27-44__validacao_tcc_unifal_r03","2211704",6.6,sucesso,2026-07-06 22:10:13.000,6.4,sucesso,2026-07-06 22:10:36.000,1,1,completo,,2026-07-06 22:09:39.000,2026-07-06 22:10:36.000
1384,r03,"2026-07-06_19-27-44__validacao_tcc_unifal_r03","4210209",6.1,sucesso,2026-07-06 22:11:12.000,6.8,sucesso,2026-07-06 22:11:35.000,1,1,completo,,2026-07-06 22:10:29.000,2026-07-06 22:11:35.000
1385,r03,"2026-07-06_19-27-44__validacao_tcc_unifal_r03","3302502",6.9,sucesso,2026-07-06 22:11:36.000,7.1,sucesso,2026-07-06 22:11:59.000,1,1,completo,,2026-07-06 22:10:32.000,2026-07-06 22:11:59.000
1386,r03,"2026-07-06_19-27-44__validacao_tcc_unifal_r03","2401453",,falha_de_carregamento,2026-07-06 22:20:43.000,,sucesso_sem_nota,2026-07-06 22:22:00.000,0,0,falha_total,,2026-07-06 22:10:40.000,2026-07-06 22:22:00.000
1387,r03,"2026-07-06_19-27-44__validacao_tcc_unifal_r03","4210308",6.2,sucesso,2026-07-06 22:12:16.000,6.7,sucesso,2026-07-06 22:12:40.000,1,1,completo,,2026-07-06 22:11:39.000,2026-07-06 22:12:40.000
1388,r03,"2026-07-06_19-27-44__validacao_tcc_unifal_r03","3303856",7.1,sucesso,2026-07-06 22:13:00.000,7.0,sucesso,2026-07-06 22:13:25.000,1,1,completo,,2026-07-06 22:12:03.000,2026-07-06 22:13:25.000
1389,r03,"2026-07-06_19-27-44__validacao_tcc_unifal_r03","4211801",5.8,sucesso,2026-07-06 22:13:16.000,6.1,sucesso,2026-07-06 22:13:40.000,1,1,completo,,2026-07-06 22:12:43.000,2026-07-06 22:13:40.000
1390,r03,"2026-07-06_19-27-44__validacao_tcc_unifal_r03","3500808",,falha_de_carregamento,2026-07-06 22:23:33.000,4.8,sucesso,2026-07-06 22:23:57.000,0,1,parcial,,2026-07-06 22:13:29.000,2026-07-06 22:23:57.000
1391,r03,"2026-07-06_19-27-44__validacao_tcc_unifal_r03","4212700",6.1,sucesso,2026-07-06 22:14:18.000,6.5,sucesso,2026-07-06 22:14:41.000,1,1,completo,,2026-07-06 22:13:44.000,2026-07-06 22:14:41.000
1392,r03,"2026-07-06_19-27-44__validacao_tcc_unifal_r03","4213302",5.9,sucesso,2026-07-06 22:15:06.000,6.2,sucesso,2026-07-06 22:15:24.000,1,1,completo,,2026-07-06 22:14:45.000,2026-07-06 22:15:24.000
1393,r03,"2026-07-06_19-27-44__validacao_tcc_unifal_r03","4214805",6.7,sucesso,2026-07-06 22:16:12.000,6.7,sucesso,2026-07-06 22:16:34.000,1,1,completo,,2026-07-06 22:15:27.000,2026-07-06 22:16:34.000
1394,r03,"2026-07-06_19-27-44__validacao_tcc_unifal_r03","4215455",6.0,sucesso,2026-07-06 22:20:33.000,6.3,sucesso,2026-07-06 22:20:56.000,1,1,completo,,2026-07-06 22:16:38.000,2026-07-06 22:20:56.000
1395,r03,"2026-07-06_19-27-44__validacao_tcc_unifal_r03","4218855",6.1,sucesso,2026-07-06 22:21:47.000,6.3,sucesso,2026-07-06 22:22:17.000,1,1,completo,,2026-07-06 22:20:59.000,2026-07-06 22:22:17.000
1396,r03,"2026-07-06_19-27-44__validacao_tcc_unifal_r03","2404408",6.9,sucesso,2026-07-06 22:22:33.000,6.9,sucesso,2026-07-06 22:22:55.000,1,1,completo,,2026-07-06 22:22:03.000,2026-07-06 22:22:55.000
1397,r03,"2026-07-06_19-27-44__validacao_tcc_unifal_r03","2405108",5.9,sucesso,2026-07-06 22:25:35.000,6.6,sucesso,2026-07-06 22:25:59.000,1,1,completo,,2026-07-06 22:22:58.000,2026-07-06 22:25:59.000
1398,r03,"2026-07-06_19-27-44__validacao_tcc_unifal_r03","3506904",6.6,sucesso,2026-07-06 22:25:50.000,7.6,sucesso,2026-07-06 22:26:15.000,1,1,completo,,2026-07-06 22:24:00.000,2026-07-06 22:26:15.000
1399,r03,"2026-07-06_19-27-44__validacao_tcc_unifal_r03","2406809",8.1,sucesso,2026-07-06 22:26:54.000,8.2,sucesso,2026-07-06 22:27:35.000,1,1,completo,,2026-07-06 22:26:02.000,2026-07-06 22:27:35.000
1400,r03,"2026-07-06_19-27-44__validacao_tcc_unifal_r03","3507803",6.3,sucesso,2026-07-06 22:26:59.000,6.2,sucesso,2026-07-06 22:27:21.000,1,1,completo,,2026-07-06 22:26:18.000,2026-07-06 22:27:21.000
1401,r03,"2026-07-06_19-27-44__validacao_tcc_unifal_r03","3508603",7.5,sucesso,2026-07-06 22:31:13.000,7.5,sucesso,2026-07-06 22:31:32.000,1,1,completo,,2026-07-06 22:27:25.000,2026-07-06 22:31:32.000
1402,r03,"2026-07-06_19-27-44__validacao_tcc_unifal_r03","2407104",9.2,sucesso,2026-07-06 22:31:13.000,7.9,sucesso,2026-07-06 22:31:32.000,1,1,completo,,2026-07-06 22:27:39.000,2026-07-06 22:31:32.000
1403,r03,"2026-07-06_19-27-44__validacao_tcc_unifal_r03","3508702",6.9,sucesso,2026-07-06 22:32:01.000,6.9,sucesso,2026-07-06 22:32:24.000,1,1,completo,,2026-07-06 22:31:37.000,2026-07-06 22:32:24.000
1404,r03,"2026-07-06_19-27-44__validacao_tcc_unifal_r03","2407252",6.3,sucesso,2026-07-06 22:32:13.000,6.6,sucesso,2026-07-06 22:32:35.000,1,1,completo,,2026-07-06 22:31:37.000,2026-07-06 22:32:35.000
1405,r03,"2026-07-06_19-27-44__validacao_tcc_unifal_r03","3512100",5.1,sucesso,2026-07-06 22:32:56.000,5.6,sucesso,2026-07-06 22:33:19.000,1,1,completo,,2026-07-06 22:32:28.000,2026-07-06 22:33:19.000
1406,r03,"2026-07-06_19-27-44__validacao_tcc_unifal_r03","2407401",6.0,sucesso,2026-07-06 22:33:48.000,7.0,sucesso,2026-07-06 22:34:13.000,1,1,completo,,2026-07-06 22:32:39.000,2026-07-06 22:34:13.000
1407,r03,"2026-07-06_19-27-44__validacao_tcc_unifal_r03","3512308",6.1,sucesso,2026-07-06 22:34:20.000,7.1,sucesso,2026-07-06 22:34:46.000,1,1,completo,,2026-07-06 22:33:22.000,2026-07-06 22:34:46.000
1408,r03,"2026-07-06_19-27-44__validacao_tcc_unifal_r03","2407500",5.8,sucesso,2026-07-06 22:34:34.000,5.9,sucesso,2026-07-06 22:34:54.000,1,1,completo,,2026-07-06 22:34:17.000,2026-07-06 22:34:54.000
1409,r03,"2026-07-06_19-27-44__validacao_tcc_unifal_r03","3513900",6.7,sucesso,2026-07-06 22:37:47.000,7.2,sucesso,2026-07-06 22:38:13.000,1,1,completo,,2026-07-06 22:34:50.000,2026-07-06 22:38:13.000
1410,r03,"2026-07-06_19-27-44__validacao_tcc_unifal_r03","2411007",6.3,sucesso,2026-07-06 22:35:32.000,6.5,sucesso,2026-07-06 22:35:54.000,1,1,completo,,2026-07-06 22:34:58.000,2026-07-06 22:35:54.000
1411,r03,"2026-07-06_19-27-44__validacao_tcc_unifal_r03","2410306",6.3,sucesso,2026-07-06 22:36:31.000,6.6,sucesso,2026-07-06 22:36:54.000,1,1,completo,,2026-07-06 22:35:57.000,2026-07-06 22:36:54.000
1412,r03,"2026-07-06_19-27-44__validacao_tcc_unifal_r03","2413904",5.5,sucesso,2026-07-06 22:37:16.000,6.0,sucesso,2026-07-06 22:37:41.000,1,1,completo,,2026-07-06 22:36:58.000,2026-07-06 22:37:41.000
1413,r03,"2026-07-06_19-27-44__validacao_tcc_unifal_r03","2414902",3.6,sucesso,2026-07-06 22:41:08.000,4.4,sucesso,2026-07-06 22:41:31.000,1,1,completo,,2026-07-06 22:37:43.000,2026-07-06 22:41:31.000
1414,r03,"2026-07-06_19-27-44__validacao_tcc_unifal_r03","3515103",9.2,sucesso,2026-07-06 22:38:30.000,6.8,sucesso,2026-07-06 22:39:09.000,1,1,completo,,2026-07-06 22:38:17.000,2026-07-06 22:39:09.000
1415,r03,"2026-07-06_19-27-44__validacao_tcc_unifal_r03","3515657",6.9,sucesso,2026-07-06 22:42:18.000,7.4,sucesso,2026-07-06 22:42:47.000,1,1,completo,,2026-07-06 22:39:12.000,2026-07-06 22:42:47.000
1416,r03,"2026-07-06_19-27-44__validacao_tcc_unifal_r03","2805703",5.7,sucesso,2026-07-06 22:42:16.000,5.7,sucesso,2026-07-06 22:42:41.000,1,1,completo,,2026-07-06 22:41:35.000,2026-07-06 22:42:41.000
1417,r03,"2026-07-06_19-27-44__validacao_tcc_unifal_r03","2805802",5.7,sucesso,2026-07-06 22:43:27.000,5.7,sucesso,2026-07-06 22:43:52.000,1,1,completo,,2026-07-06 22:42:45.000,2026-07-06 22:43:52.000
1418,r03,"2026-07-06_19-27-44__validacao_tcc_unifal_r03","3519204",6.3,sucesso,2026-07-06 22:43:21.000,7.1,sucesso,2026-07-06 22:43:43.000,1,1,completo,,2026-07-06 22:42:50.000,2026-07-06 22:43:43.000
1419,r03,"2026-07-06_19-27-44__validacao_tcc_unifal_r03","3519709",6.0,sucesso,2026-07-06 22:44:57.000,5.6,sucesso,2026-07-06 22:45:36.000,1,1,completo,,2026-07-06 22:43:46.000,2026-07-06 22:45:36.000
1420,r03,"2026-07-06_19-27-44__validacao_tcc_unifal_r03","2806008",5.5,sucesso,2026-07-06 22:44:57.000,5.7,sucesso,2026-07-06 22:45:20.000,1,1,completo,,2026-07-06 22:43:55.000,2026-07-06 22:45:20.000
1421,r03,"2026-07-06_19-27-44__validacao_tcc_unifal_r03","3519808",9.2,sucesso,2026-07-06 22:45:52.000,8.2,sucesso,2026-07-06 22:46:19.000,1,1,completo,,2026-07-06 22:45:40.000,2026-07-06 22:46:19.000
1422,r03,"2026-07-06_19-27-44__validacao_tcc_unifal_r03","3520004",7.0,sucesso,2026-07-06 22:46:50.000,6.9,sucesso,2026-07-06 22:47:07.000,1,1,completo,,2026-07-06 22:46:22.000,2026-07-06 22:47:07.000
1423,r03,"2026-07-06_19-27-44__validacao_tcc_unifal_r03","3520426",9.2,sucesso,2026-07-06 22:47:21.000,6.6,sucesso,2026-07-06 22:47:44.000,1,1,completo,,2026-07-06 22:47:11.000,2026-07-06 22:47:44.000
1424,r03,"2026-07-06_19-27-44__validacao_tcc_unifal_r03","3520905",9.4,sucesso,2026-07-06 22:48:25.000,9.8,sucesso,2026-07-06 22:48:58.000,1,1,completo,,2026-07-06 22:47:47.000,2026-07-06 22:48:58.000
1425,r03,"2026-07-06_19-27-44__validacao_tcc_unifal_r03","3521606",9.2,sucesso,2026-07-06 22:49:12.000,6.7,sucesso,2026-07-06 22:49:48.000,1,1,completo,,2026-07-06 22:49:01.000,2026-07-06 22:49:48.000
1426,r03,"2026-07-06_19-27-44__validacao_tcc_unifal_r03","3524600",6.3,sucesso,2026-07-06 22:51:41.000,7.4,sucesso,2026-07-06 22:52:07.000,1,1,completo,,2026-07-06 22:49:51.000,2026-07-06 22:52:07.000
1427,r03,"2026-07-06_19-27-44__validacao_tcc_unifal_r03","3524808",9.2,sucesso,2026-07-06 22:59:19.000,7.4,sucesso,2026-07-06 22:59:52.000,1,1,completo,,2026-07-06 22:52:10.000,2026-07-06 22:59:52.000
1428,r03,"2026-07-06_19-27-44__validacao_tcc_unifal_r03","3524907",9.2,sucesso,2026-07-06 23:00:37.000,6.9,sucesso,2026-07-06 23:00:53.000,1,1,completo,,2026-07-06 22:59:55.000,2026-07-06 23:00:53.000
1429,r03,"2026-07-06_19-27-44__validacao_tcc_unifal_r03","3530904",6.4,sucesso,2026-07-06 23:01:24.000,6.2,sucesso,2026-07-06 23:01:42.000,1,1,completo,,2026-07-06 23:00:56.000,2026-07-06 23:01:42.000
1430,r03,"2026-07-06_19-27-44__validacao_tcc_unifal_r03","3532900",9.7,sucesso,2026-07-06 23:02:23.000,10.0,sucesso,2026-07-06 23:02:46.000,1,1,completo,,2026-07-06 23:01:45.000,2026-07-06 23:02:46.000
1431,r03,"2026-07-06_19-27-44__validacao_tcc_unifal_r03","3534104",9.0,sucesso,2026-07-06 23:03:34.000,9.4,sucesso,2026-07-06 23:03:57.000,1,1,completo,,2026-07-06 23:02:49.000,2026-07-06 23:03:57.000
1432,r03,"2026-07-06_19-27-44__validacao_tcc_unifal_r03","3538105",6.9,sucesso,2026-07-06 23:04:30.000,7.4,sucesso,2026-07-06 23:04:46.000,1,1,completo,,2026-07-06 23:04:00.000,2026-07-06 23:04:46.000
1433,r03,"2026-07-06_19-27-44__validacao_tcc_unifal_r03","3539608",9.2,sucesso,2026-07-06 23:08:19.000,6.8,sucesso,2026-07-06 23:08:36.000,1,1,completo,,2026-07-06 23:04:50.000,2026-07-06 23:08:36.000
1434,r03,"2026-07-06_19-27-44__validacao_tcc_unifal_r03","3539707",4.1,sucesso,2026-07-06 23:11:44.000,4.8,sucesso,2026-07-06 23:12:10.000,1,1,completo,,2026-07-06 23:08:39.000,2026-07-06 23:12:10.000
1435,r03,"2026-07-06_19-27-44__validacao_tcc_unifal_r03","3539806",,falha_de_carregamento,2026-07-06 23:22:17.000,7.6,sucesso,2026-07-06 23:22:41.000,0,1,parcial,,2026-07-06 23:12:13.000,2026-07-06 23:22:41.000
1436,r03,"2026-07-06_19-27-44__validacao_tcc_unifal_r03","3540101",7.3,sucesso,2026-07-06 23:23:15.000,8.0,sucesso,2026-07-06 23:23:35.000,1,1,completo,,2026-07-06 23:22:44.000,2026-07-06 23:23:35.000
1437,r03,"2026-07-06_19-27-44__validacao_tcc_unifal_r03","3540853",6.4,sucesso,2026-07-06 23:26:34.000,7.5,sucesso,2026-07-06 23:26:58.000,1,1,completo,,2026-07-06 23:23:39.000,2026-07-06 23:26:58.000
1438,r03,"2026-07-06_19-27-44__validacao_tcc_unifal_r03","3544103",7.4,sucesso,2026-07-06 23:27:22.000,7.4,sucesso,2026-07-06 23:27:46.000,1,1,completo,,2026-07-06 23:27:02.000,2026-07-06 23:27:46.000
1439,r03,"2026-07-06_19-27-44__validacao_tcc_unifal_r03","3544509",9.2,sucesso,2026-07-06 23:31:20.000,6.1,sucesso,2026-07-06 23:31:39.000,1,1,completo,,2026-07-06 23:27:49.000,2026-07-06 23:31:39.000
1440,r03,"2026-07-06_19-27-44__validacao_tcc_unifal_r03","3549953",6.4,sucesso,2026-07-06 23:31:59.000,6.5,sucesso,2026-07-06 23:32:17.000,1,1,completo,,2026-07-06 23:31:42.000,2026-07-06 23:32:17.000
1441,r03,"2026-07-06_19-27-44__validacao_tcc_unifal_r03","3550001",9.2,sucesso,2026-07-06 23:32:54.000,6.9,sucesso,2026-07-06 23:33:24.000,1,1,completo,,2026-07-06 23:32:20.000,2026-07-06 23:33:24.000
1442,r03,"2026-07-06_19-27-44__validacao_tcc_unifal_r03","3550506",9.2,sucesso,2026-07-06 23:33:38.000,8.6,sucesso,2026-07-06 23:34:03.000,1,1,completo,,2026-07-06 23:33:27.000,2026-07-06 23:34:03.000
1443,r03,"2026-07-06_19-27-44__validacao_tcc_unifal_r03","3550605",9.2,sucesso,2026-07-06 23:34:18.000,7.5,sucesso,2026-07-06 23:34:41.000,1,1,completo,,2026-07-06 23:34:07.000,2026-07-06 23:34:41.000
1444,r03,"2026-07-06_19-27-44__validacao_tcc_unifal_r03","3552007",5.9,sucesso,2026-07-06 23:35:10.000,5.9,sucesso,2026-07-06 23:35:33.000,1,1,completo,,2026-07-06 23:34:44.000,2026-07-06 23:35:33.000
1445,r03,"2026-07-06_19-27-44__validacao_tcc_unifal_r03","3553401",9.2,sucesso,2026-07-06 23:39:11.000,5.9,sucesso,2026-07-06 23:39:30.000,1,1,completo,,2026-07-06 23:35:36.000,2026-07-06 23:39:30.000
1446,r03,"2026-07-06_19-27-44__validacao_tcc_unifal_r03","3553906",8.8,sucesso,2026-07-06 23:39:52.000,9.0,sucesso,2026-07-06 23:40:10.000,1,1,completo,,2026-07-06 23:39:33.000,2026-07-06 23:40:10.000
1447,r03,"2026-07-06_19-27-44__validacao_tcc_unifal_r03","3554409",8.2,sucesso,2026-07-06 23:40:55.000,7.9,sucesso,2026-07-06 23:41:24.000,1,1,completo,,2026-07-06 23:40:13.000,2026-07-06 23:41:24.000
1448,r03,"2026-07-06_19-27-44__validacao_tcc_unifal_r03","3555604",6.2,sucesso,2026-07-06 23:41:49.000,6.6,sucesso,2026-07-06 23:42:10.000,1,1,completo,,2026-07-06 23:41:27.000,2026-07-06 23:42:10.000
1449,r04,"2026-07-13_19-07-57__validacao_tcc_unifal_r04","5203939",8.2,sucesso,2026-07-13 19:08:45.000,7.2,sucesso,2026-07-13 19:09:09.000,1,1,completo,,2026-07-13 19:08:09.000,2026-07-13 19:09:09.000
1450,r04,"2026-07-13_19-07-57__validacao_tcc_unifal_r04","1200179",7.1,sucesso,2026-07-13 19:09:07.000,6.3,sucesso,2026-07-13 19:09:29.000,1,1,completo,,2026-07-13 19:08:10.000,2026-07-13 19:09:29.000
1451,r04,"2026-07-13_19-07-57__validacao_tcc_unifal_r04","2700102",5.4,sucesso,2026-07-13 19:08:31.000,,sucesso_sem_nota,2026-07-13 19:09:51.000,1,0,parcial,,2026-07-13 19:08:11.000,2026-07-13 19:09:51.000
1452,r04,"2026-07-13_19-07-57__validacao_tcc_unifal_r04","5204656",7.7,sucesso,2026-07-13 19:09:49.000,6.9,sucesso,2026-07-13 19:10:08.000,1,1,completo,,2026-07-13 19:09:12.000,2026-07-13 19:10:08.000
1453,r04,"2026-07-13_19-07-57__validacao_tcc_unifal_r04","1200393",7.1,sucesso,2026-07-13 19:10:33.000,6.3,sucesso,2026-07-13 19:10:58.000,1,1,completo,,2026-07-13 19:09:33.000,2026-07-13 19:10:58.000
1454,r04,"2026-07-13_19-07-57__validacao_tcc_unifal_r04","2702207",6.4,sucesso,2026-07-13 19:10:33.000,5.8,sucesso,2026-07-13 19:10:55.000,1,1,completo,,2026-07-13 19:09:54.000,2026-07-13 19:10:55.000
1455,r04,"2026-07-13_19-07-57__validacao_tcc_unifal_r04","5205802",8.2,sucesso,2026-07-13 19:10:41.000,7.4,sucesso,2026-07-13 19:10:58.000,1,1,completo,,2026-07-13 19:10:12.000,2026-07-13 19:10:58.000
1456,r04,"2026-07-13_19-07-57__validacao_tcc_unifal_r04","2702900",7.4,sucesso,2026-07-13 19:11:43.000,6.8,sucesso,2026-07-13 19:12:07.000,1,1,completo,,2026-07-13 19:10:59.000,2026-07-13 19:12:07.000
1457,r04,"2026-07-13_19-07-57__validacao_tcc_unifal_r04","1600303",8.2,sucesso,2026-07-13 19:11:38.000,,sucesso_sem_nota,2026-07-13 19:13:02.000,1,0,parcial,,2026-07-13 19:11:02.000,2026-07-13 19:13:02.000
1458,r04,"2026-07-13_19-07-57__validacao_tcc_unifal_r04","5206602",7.8,sucesso,2026-07-13 19:11:59.000,6.9,sucesso,2026-07-13 19:12:22.000,1,1,completo,,2026-07-13 19:11:03.000,2026-07-13 19:12:22.000
1459,r04,"2026-07-13_19-07-57__validacao_tcc_unifal_r04","2703304",6.7,sucesso,2026-07-13 19:12:44.000,6.3,sucesso,2026-07-13 19:13:07.000,1,1,completo,,2026-07-13 19:12:10.000,2026-07-13 19:13:07.000
1460,r04,"2026-07-13_19-07-57__validacao_tcc_unifal_r04","5207253",8.4,sucesso,2026-07-13 19:13:02.000,7.8,sucesso,2026-07-13 19:13:21.000,1,1,completo,,2026-07-13 19:12:26.000,2026-07-13 19:13:21.000
1461,r04,"2026-07-13_19-07-57__validacao_tcc_unifal_r04","1600550",7.7,sucesso,2026-07-13 19:14:02.000,6.8,sucesso,2026-07-13 19:14:34.000,1,1,completo,,2026-07-13 19:13:05.000,2026-07-13 19:14:34.000
1462,r04,"2026-07-13_19-07-57__validacao_tcc_unifal_r04","2706422",6.6,sucesso,2026-07-13 19:14:02.000,5.7,sucesso,2026-07-13 19:14:22.000,1,1,completo,,2026-07-13 19:13:12.000,2026-07-13 19:14:22.000
1463,r04,"2026-07-13_19-07-57__validacao_tcc_unifal_r04","5208806",7.8,sucesso,2026-07-13 19:14:02.000,7.2,sucesso,2026-07-13 19:14:22.000,1,1,completo,,2026-07-13 19:13:27.000,2026-07-13 19:14:22.000
1464,r04,"2026-07-13_19-07-57__validacao_tcc_unifal_r04","5209457",8.0,sucesso,2026-07-13 19:15:25.000,7.2,sucesso,2026-07-13 19:15:42.000,1,1,completo,,2026-07-13 19:14:27.000,2026-07-13 19:15:42.000
1465,r04,"2026-07-13_19-07-57__validacao_tcc_unifal_r04","2708808",6.2,sucesso,2026-07-13 19:14:59.000,5.3,sucesso,2026-07-13 19:15:22.000,1,1,completo,,2026-07-13 19:14:27.000,2026-07-13 19:15:22.000
1466,r04,"2026-07-13_19-07-57__validacao_tcc_unifal_r04","1600709",7.2,sucesso,2026-07-13 19:15:25.000,6.6,sucesso,2026-07-13 19:15:45.000,1,1,completo,,2026-07-13 19:14:39.000,2026-07-13 19:15:46.000
1467,r04,"2026-07-13_19-07-57__validacao_tcc_unifal_r04","2900603",7.8,sucesso,2026-07-13 19:15:47.000,6.7,sucesso,2026-07-13 19:16:09.000,1,1,completo,,2026-07-13 19:15:26.000,2026-07-13 19:16:09.000
1468,r04,"2026-07-13_19-07-57__validacao_tcc_unifal_r04","5210802",8.1,sucesso,2026-07-13 19:16:21.000,7.1,sucesso,2026-07-13 19:16:38.000,1,1,completo,,2026-07-13 19:15:46.000,2026-07-13 19:16:38.000
1469,r04,"2026-07-13_19-07-57__validacao_tcc_unifal_r04","1300508",9.6,sucesso,2026-07-13 19:16:07.000,7.1,sucesso,2026-07-13 19:16:32.000,1,1,completo,,2026-07-13 19:15:51.000,2026-07-13 19:16:32.000
1470,r04,"2026-07-13_19-07-57__validacao_tcc_unifal_r04","2901106",8.8,sucesso,2026-07-13 19:16:50.000,6.9,sucesso,2026-07-13 19:17:06.000,1,1,completo,,2026-07-13 19:16:12.000,2026-07-13 19:17:06.000
1471,r04,"2026-07-13_19-07-57__validacao_tcc_unifal_r04","1300706",9.6,sucesso,2026-07-13 19:16:49.000,9.7,sucesso,2026-07-13 19:17:10.000,1,1,completo,,2026-07-13 19:16:35.000,2026-07-13 19:17:10.000
1472,r04,"2026-07-13_19-07-57__validacao_tcc_unifal_r04","5211800",8.0,sucesso,2026-07-13 19:17:17.000,7.1,sucesso,2026-07-13 19:17:38.000,1,1,completo,,2026-07-13 19:16:44.000,2026-07-13 19:17:38.000
1473,r04,"2026-07-13_19-07-57__validacao_tcc_unifal_r04","2902500",6.6,sucesso,2026-07-13 19:17:33.000,6.3,sucesso,2026-07-13 19:17:52.000,1,1,completo,,2026-07-13 19:17:09.000,2026-07-13 19:17:52.000
1474,r04,"2026-07-13_19-07-57__validacao_tcc_unifal_r04","1300839",8.2,sucesso,2026-07-13 19:17:43.000,7.8,sucesso,2026-07-13 19:18:02.000,1,1,completo,,2026-07-13 19:17:16.000,2026-07-13 19:18:02.000
1475,r04,"2026-07-13_19-07-57__validacao_tcc_unifal_r04","5213806",8.4,sucesso,2026-07-13 19:18:11.000,7.3,sucesso,2026-07-13 19:18:29.000,1,1,completo,,2026-07-13 19:17:42.000,2026-07-13 19:18:29.000
1476,r04,"2026-07-13_19-07-57__validacao_tcc_unifal_r04","2903201",7.4,sucesso,2026-07-13 19:18:24.000,6.6,sucesso,2026-07-13 19:18:47.000,1,1,completo,,2026-07-13 19:17:57.000,2026-07-13 19:18:47.000
1477,r04,"2026-07-13_19-07-57__validacao_tcc_unifal_r04","1301209",6.9,sucesso,2026-07-13 19:19:02.000,6.6,sucesso,2026-07-13 19:19:29.000,1,1,completo,,2026-07-13 19:18:06.000,2026-07-13 19:19:29.000
1478,r04,"2026-07-13_19-07-57__validacao_tcc_unifal_r04","5213905",8.1,sucesso,2026-07-13 19:19:06.000,7.3,sucesso,2026-07-13 19:19:24.000,1,1,completo,,2026-07-13 19:18:33.000,2026-07-13 19:19:24.000
1479,r04,"2026-07-13_19-07-57__validacao_tcc_unifal_r04","2911303",8.7,sucesso,2026-07-13 19:19:29.000,7.9,sucesso,2026-07-13 19:19:51.000,1,1,completo,,2026-07-13 19:18:51.000,2026-07-13 19:19:51.000
1480,r04,"2026-07-13_19-07-57__validacao_tcc_unifal_r04","5214838",7.7,sucesso,2026-07-13 19:20:13.000,6.8,sucesso,2026-07-13 19:20:38.000,1,1,completo,,2026-07-13 19:19:28.000,2026-07-13 19:20:38.000
1481,r04,"2026-07-13_19-07-57__validacao_tcc_unifal_r04","1303403",9.6,sucesso,2026-07-13 19:23:29.000,,sucesso_sem_nota,2026-07-13 19:24:49.000,1,0,parcial,,2026-07-13 19:19:34.000,2026-07-13 19:24:49.000
1482,r04,"2026-07-13_19-07-57__validacao_tcc_unifal_r04","2911402",8.2,sucesso,2026-07-13 19:20:17.000,8.3,sucesso,2026-07-13 19:20:41.000,1,1,completo,,2026-07-13 19:19:55.000,2026-07-13 19:20:41.000
1483,r04,"2026-07-13_19-07-57__validacao_tcc_unifal_r04","5214861",8.0,sucesso,2026-07-13 19:21:12.000,7.2,sucesso,2026-07-13 19:21:31.000,1,1,completo,,2026-07-13 19:20:42.000,2026-07-13 19:21:31.000
1484,r04,"2026-07-13_19-07-57__validacao_tcc_unifal_r04","2912103",6.4,sucesso,2026-07-13 19:21:14.000,5.5,sucesso,2026-07-13 19:21:37.000,1,1,completo,,2026-07-13 19:20:45.000,2026-07-13 19:21:37.000
1485,r04,"2026-07-13_19-07-57__validacao_tcc_unifal_r04","5216908",8.1,sucesso,2026-07-13 19:22:28.000,7.2,sucesso,2026-07-13 19:22:46.000,1,1,completo,,2026-07-13 19:21:35.000,2026-07-13 19:22:46.000
1486,r04,"2026-07-13_19-07-57__validacao_tcc_unifal_r04","2913705",6.1,sucesso,2026-07-13 19:22:28.000,5.7,sucesso,2026-07-13 19:22:53.000,1,1,completo,,2026-07-13 19:21:41.000,2026-07-13 19:22:53.000
1487,r04,"2026-07-13_19-07-57__validacao_tcc_unifal_r04","5220454",7.8,sucesso,2026-07-13 19:23:29.000,6.9,sucesso,2026-07-13 19:23:51.000,1,1,completo,,2026-07-13 19:22:49.000,2026-07-13 19:23:51.000
1488,r04,"2026-07-13_19-07-57__validacao_tcc_unifal_r04","2915007",7.8,sucesso,2026-07-13 19:23:35.000,,sucesso_sem_nota,2026-07-13 19:24:43.000,1,0,parcial,,2026-07-13 19:22:57.000,2026-07-13 19:24:43.000
1489,r04,"2026-07-13_19-07-57__validacao_tcc_unifal_r04","5100102",4.5,sucesso,2026-07-13 19:29:58.000,6.1,sucesso,2026-07-13 19:30:19.000,1,1,completo,,2026-07-13 19:23:55.000,2026-07-13 19:30:19.000
1490,r04,"2026-07-13_19-07-57__validacao_tcc_unifal_r04","2915106",9.6,sucesso,2026-07-13 19:29:52.000,7.3,sucesso,2026-07-13 19:30:15.000,1,1,completo,,2026-07-13 19:24:48.000,2026-07-13 19:30:15.000
1491,r04,"2026-07-13_19-07-57__validacao_tcc_unifal_r04","1500107",7.1,sucesso,2026-07-13 19:28:58.000,6.0,sucesso,2026-07-13 19:29:25.000,1,1,completo,,2026-07-13 19:24:55.000,2026-07-13 19:29:25.000
1492,r04,"2026-07-13_19-07-57__validacao_tcc_unifal_r04","1500958",7.3,sucesso,2026-07-13 19:29:52.000,6.4,sucesso,2026-07-13 19:30:14.000,1,1,completo,,2026-07-13 19:29:28.000,2026-07-13 19:30:14.000
1493,r04,"2026-07-13_19-07-57__validacao_tcc_unifal_r04","1502707",7.2,sucesso,2026-07-13 19:31:01.000,6.2,sucesso,2026-07-13 19:31:26.000,1,1,completo,,2026-07-13 19:30:18.000,2026-07-13 19:31:26.000
1494,r04,"2026-07-13_19-07-57__validacao_tcc_unifal_r04","2918357",8.7,sucesso,2026-07-13 19:30:54.000,7.7,sucesso,2026-07-13 19:31:18.000,1,1,completo,,2026-07-13 19:30:18.000,2026-07-13 19:31:18.000
1495,r04,"2026-07-13_19-07-57__validacao_tcc_unifal_r04","5101902",6.1,sucesso,2026-07-13 19:30:54.000,5.2,sucesso,2026-07-13 19:31:18.000,1,1,completo,,2026-07-13 19:30:26.000,2026-07-13 19:31:18.000
1496,r04,"2026-07-13_19-07-57__validacao_tcc_unifal_r04","2918555",6.4,sucesso,2026-07-13 19:31:47.000,5.5,sucesso,2026-07-13 19:32:08.000,1,1,completo,,2026-07-13 19:31:22.000,2026-07-13 19:32:08.000
1497,r04,"2026-07-13_19-07-57__validacao_tcc_unifal_r04","5102504",8.0,sucesso,2026-07-13 19:32:02.000,7.5,sucesso,2026-07-13 19:32:26.000,1,1,completo,,2026-07-13 19:31:22.000,2026-07-13 19:32:26.000
1498,r04,"2026-07-13_19-07-57__validacao_tcc_unifal_r04","1502939",7.1,sucesso,2026-07-13 19:32:15.000,6.2,sucesso,2026-07-13 19:32:53.000,1,1,completo,,2026-07-13 19:31:31.000,2026-07-13 19:32:53.000
1499,r04,"2026-07-13_19-07-57__validacao_tcc_unifal_r04","2918803",5.6,sucesso,2026-07-13 19:33:47.000,5.5,sucesso,2026-07-13 19:34:21.000,1,1,completo,,2026-07-13 19:32:11.000,2026-07-13 19:34:21.000
1500,r04,"2026-07-13_19-07-57__validacao_tcc_unifal_r04","5103437",9.6,sucesso,2026-07-13 19:32:42.000,7.2,sucesso,2026-07-13 19:33:04.000,1,1,completo,,2026-07-13 19:32:30.000,2026-07-13 19:33:04.000
1501,r04,"2026-07-13_19-07-57__validacao_tcc_unifal_r04","1504422",8.3,sucesso,2026-07-13 19:33:35.000,6.8,sucesso,2026-07-13 19:33:59.000,1,1,completo,,2026-07-13 19:32:56.000,2026-07-13 19:33:59.000
1502,r04,"2026-07-13_19-07-57__validacao_tcc_unifal_r04","5104807",8.2,sucesso,2026-07-13 19:33:36.000,7.4,sucesso,2026-07-13 19:34:00.000,1,1,completo,,2026-07-13 19:33:08.000,2026-07-13 19:34:00.000
1503,r04,"2026-07-13_19-07-57__validacao_tcc_unifal_r04","1505494",7.6,sucesso,2026-07-13 19:34:41.000,6.6,sucesso,2026-07-13 19:35:09.000,1,1,completo,,2026-07-13 19:34:03.000,2026-07-13 19:35:09.000
1504,r04,"2026-07-13_19-07-57__validacao_tcc_unifal_r04","5105580",5.3,sucesso,2026-07-13 19:34:42.000,5.4,sucesso,2026-07-13 19:35:03.000,1,1,completo,,2026-07-13 19:34:04.000,2026-07-13 19:35:03.000
1505,r04,"2026-07-13_19-07-57__validacao_tcc_unifal_r04","2919058",6.5,sucesso,2026-07-13 19:34:45.000,5.7,sucesso,2026-07-13 19:35:10.000,1,1,completo,,2026-07-13 19:34:25.000,2026-07-13 19:35:10.000
1506,r04,"2026-07-13_19-07-57__validacao_tcc_unifal_r04","5106828",8.9,sucesso,2026-07-13 19:35:53.000,8.3,sucesso,2026-07-13 19:36:16.000,1,1,completo,,2026-07-13 19:35:07.000,2026-07-13 19:36:16.000
1507,r04,"2026-07-13_19-07-57__validacao_tcc_unifal_r04","1100015",8.0,sucesso,2026-07-13 19:35:53.000,7.2,sucesso,2026-07-13 19:36:25.000,1,1,completo,,2026-07-13 19:35:14.000,2026-07-13 19:36:25.000
1508,r04,"2026-07-13_19-07-57__validacao_tcc_unifal_r04","2921302",6.5,sucesso,2026-07-13 19:35:54.000,5.7,sucesso,2026-07-13 19:36:19.000,1,1,completo,,2026-07-13 19:35:15.000,2026-07-13 19:36:19.000
1509,r04,"2026-07-13_19-07-57__validacao_tcc_unifal_r04","5107107",7.4,sucesso,2026-07-13 19:36:48.000,6.2,sucesso,2026-07-13 19:37:04.000,1,1,completo,,2026-07-13 19:36:19.000,2026-07-13 19:37:04.000
1510,r04,"2026-07-13_19-07-57__validacao_tcc_unifal_r04","2922607",6.8,sucesso,2026-07-13 19:36:48.000,5.9,sucesso,2026-07-13 19:37:11.000,1,1,completo,,2026-07-13 19:36:25.000,2026-07-13 19:37:11.000
1511,r04,"2026-07-13_19-07-57__validacao_tcc_unifal_r04","1100700",9.6,sucesso,2026-07-13 19:36:46.000,8.3,sucesso,2026-07-13 19:37:12.000,1,1,completo,,2026-07-13 19:36:30.000,2026-07-13 19:37:12.000
1512,r04,"2026-07-13_19-07-57__validacao_tcc_unifal_r04","5107909",9.6,sucesso,2026-07-13 19:40:44.000,9.2,sucesso,2026-07-13 19:41:08.000,1,1,completo,,2026-07-13 19:37:08.000,2026-07-13 19:41:08.000
1513,r04,"2026-07-13_19-07-57__validacao_tcc_unifal_r04","2923209",6.7,sucesso,2026-07-13 19:37:42.000,5.6,sucesso,2026-07-13 19:38:04.000,1,1,completo,,2026-07-13 19:37:16.000,2026-07-13 19:38:04.000
1514,r04,"2026-07-13_19-07-57__validacao_tcc_unifal_r04","1100908",7.3,sucesso,2026-07-13 19:37:59.000,6.4,sucesso,2026-07-13 19:38:17.000,1,1,completo,,2026-07-13 19:37:17.000,2026-07-13 19:38:17.000
1515,r04,"2026-07-13_19-07-57__validacao_tcc_unifal_r04","2923704",8.9,sucesso,2026-07-13 19:42:19.000,8.6,sucesso,2026-07-13 19:42:38.000,1,1,completo,,2026-07-13 19:38:08.000,2026-07-13 19:42:38.000
1516,r04,"2026-07-13_19-07-57__validacao_tcc_unifal_r04","1100080",7.1,sucesso,2026-07-13 19:39:07.000,6.6,sucesso,2026-07-13 19:39:32.000,1,1,completo,,2026-07-13 19:38:20.000,2026-07-13 19:39:32.000
1517,r04,"2026-07-13_19-07-57__validacao_tcc_unifal_r04","1101807",9.6,sucesso,2026-07-13 19:42:19.000,6.6,sucesso,2026-07-13 19:42:40.000,1,1,completo,,2026-07-13 19:39:36.000,2026-07-13 19:42:40.000
1518,r04,"2026-07-13_19-07-57__validacao_tcc_unifal_r04","5108402",7.2,sucesso,2026-07-13 19:41:39.000,6.6,sucesso,2026-07-13 19:42:03.000,1,1,completo,,2026-07-13 19:41:11.000,2026-07-13 19:42:03.000
1519,r04,"2026-07-13_19-07-57__validacao_tcc_unifal_r04","5001904",8.2,sucesso,2026-07-13 19:42:48.000,7.4,sucesso,2026-07-13 19:43:15.000,1,1,completo,,2026-07-13 19:42:06.000,2026-07-13 19:43:15.000
1520,r04,"2026-07-13_19-07-57__validacao_tcc_unifal_r04","2923803",6.5,sucesso,2026-07-13 19:43:06.000,5.6,sucesso,2026-07-13 19:43:27.000,1,1,completo,,2026-07-13 19:42:41.000,2026-07-13 19:43:27.000
1521,r04,"2026-07-13_19-07-57__validacao_tcc_unifal_r04","1400472",7.2,sucesso,2026-07-13 19:44:06.000,5.9,sucesso,2026-07-13 19:44:34.000,1,1,completo,,2026-07-13 19:42:43.000,2026-07-13 19:44:34.000
1522,r04,"2026-07-13_19-07-57__validacao_tcc_unifal_r04","5002704",7.9,sucesso,2026-07-13 19:47:22.000,7.3,sucesso,2026-07-13 19:47:47.000,1,1,completo,,2026-07-13 19:43:19.000,2026-07-13 19:47:47.000
1523,r04,"2026-07-13_19-07-57__validacao_tcc_unifal_r04","2924603",7.4,sucesso,2026-07-13 19:43:50.000,6.8,sucesso,2026-07-13 19:44:06.000,1,1,completo,,2026-07-13 19:43:31.000,2026-07-13 19:44:06.000
1524,r04,"2026-07-13_19-07-57__validacao_tcc_unifal_r04","2926202",6.3,sucesso,2026-07-13 19:44:32.000,6.1,sucesso,2026-07-13 19:44:49.000,1,1,completo,,2026-07-13 19:44:10.000,2026-07-13 19:44:49.000
1525,r04,"2026-07-13_19-07-57__validacao_tcc_unifal_r04","1702208",9.6,sucesso,2026-07-13 19:44:50.000,6.1,sucesso,2026-07-13 19:45:17.000,1,1,completo,,2026-07-13 19:44:38.000,2026-07-13 19:45:17.000
1526,r04,"2026-07-13_19-07-57__validacao_tcc_unifal_r04","2926806",7.5,sucesso,2026-07-13 19:45:13.000,6.5,sucesso,2026-07-13 19:45:34.000,1,1,completo,,2026-07-13 19:44:53.000,2026-07-13 19:45:34.000
1527,r04,"2026-07-13_19-07-57__validacao_tcc_unifal_r04","1703826",7.8,sucesso,2026-07-13 19:45:49.000,7.0,sucesso,2026-07-13 19:46:13.000,1,1,completo,,2026-07-13 19:45:20.000,2026-07-13 19:46:13.000
1528,r04,"2026-07-13_19-07-57__validacao_tcc_unifal_r04","2927002",8.7,sucesso,2026-07-13 19:46:08.000,8.7,sucesso,2026-07-13 19:46:32.000,1,1,completo,,2026-07-13 19:45:39.000,2026-07-13 19:46:32.000
1529,r04,"2026-07-13_19-07-57__validacao_tcc_unifal_r04","1706258",8.0,sucesso,2026-07-13 19:47:21.000,6.7,sucesso,2026-07-13 19:47:37.000,1,1,completo,,2026-07-13 19:46:16.000,2026-07-13 19:47:37.000
1530,r04,"2026-07-13_19-07-57__validacao_tcc_unifal_r04","2928406",7.8,sucesso,2026-07-13 19:47:21.000,7.3,sucesso,2026-07-13 19:47:47.000,1,1,completo,,2026-07-13 19:46:36.000,2026-07-13 19:47:47.000
1531,r04,"2026-07-13_19-07-57__validacao_tcc_unifal_r04","1709302",7.8,sucesso,2026-07-13 19:49:28.000,7.0,sucesso,2026-07-13 19:49:56.000,1,1,completo,,2026-07-13 19:47:41.000,2026-07-13 19:49:56.000
1532,r04,"2026-07-13_19-07-57__validacao_tcc_unifal_r04","5002902",9.6,sucesso,2026-07-13 19:50:00.000,6.8,sucesso,2026-07-13 19:50:26.000,1,1,completo,,2026-07-13 19:47:51.000,2026-07-13 19:50:26.000
1533,r04,"2026-07-13_19-07-57__validacao_tcc_unifal_r04","2929107",8.3,sucesso,2026-07-13 19:50:00.000,7.1,sucesso,2026-07-13 19:50:25.000,1,1,completo,,2026-07-13 19:47:51.000,2026-07-13 19:50:25.000
1534,r04,"2026-07-13_19-07-57__validacao_tcc_unifal_r04","1710706",9.6,sucesso,2026-07-13 19:50:11.000,6.3,sucesso,2026-07-13 19:50:36.000,1,1,completo,,2026-07-13 19:50:00.000,2026-07-13 19:50:36.000
1535,r04,"2026-07-13_19-07-57__validacao_tcc_unifal_r04","2933000",8.1,sucesso,2026-07-13 19:54:18.000,7.3,sucesso,2026-07-13 19:54:39.000,1,1,completo,,2026-07-13 19:50:29.000,2026-07-13 19:54:39.000
1536,r04,"2026-07-13_19-07-57__validacao_tcc_unifal_r04","5003157",7.7,sucesso,2026-07-13 19:52:25.000,7.1,sucesso,2026-07-13 19:52:45.000,1,1,completo,,2026-07-13 19:50:30.000,2026-07-13 19:52:45.000
1537,r04,"2026-07-13_19-07-57__validacao_tcc_unifal_r04","1718808",7.7,sucesso,2026-07-13 19:51:05.000,6.9,sucesso,2026-07-13 19:51:34.000,1,1,completo,,2026-07-13 19:50:41.000,2026-07-13 19:51:34.000
1538,r04,"2026-07-13_19-07-57__validacao_tcc_unifal_r04","1718881",9.6,sucesso,2026-07-13 19:51:49.000,,sucesso_sem_nota,2026-07-13 19:53:03.000,1,0,parcial,,2026-07-13 19:51:38.000,2026-07-13 19:53:03.000
1539,r04,"2026-07-13_19-07-57__validacao_tcc_unifal_r04","5004106",6.9,sucesso,2026-07-13 19:53:40.000,6.8,sucesso,2026-07-13 19:54:00.000,1,1,completo,,2026-07-13 19:52:48.000,2026-07-13 19:54:00.000
1540,r04,"2026-07-13_19-07-57__validacao_tcc_unifal_r04","1722107",9.6,sucesso,2026-07-13 19:55:41.000,7.1,sucesso,2026-07-13 19:56:00.000,1,1,completo,,2026-07-13 19:53:07.000,2026-07-13 19:56:00.000
1541,r04,"2026-07-13_19-07-57__validacao_tcc_unifal_r04","5007208",9.2,sucesso,2026-07-13 19:54:27.000,8.3,sucesso,2026-07-13 19:54:51.000,1,1,completo,,2026-07-13 19:54:04.000,2026-07-13 19:54:51.000
1542,r04,"2026-07-13_19-07-57__validacao_tcc_unifal_r04","2933208",5.9,sucesso,2026-07-13 19:55:41.000,5.3,sucesso,2026-07-13 19:56:14.000,1,1,completo,,2026-07-13 19:54:43.000,2026-07-13 19:56:14.000
1543,r04,"2026-07-13_19-07-57__validacao_tcc_unifal_r04","3200102",9.1,sucesso,2026-07-13 19:56:07.000,6.9,sucesso,2026-07-13 19:56:31.000,1,1,completo,,2026-07-13 19:55:55.000,2026-07-13 19:56:31.000
1544,r04,"2026-07-13_19-07-57__validacao_tcc_unifal_r04","2301851",9.6,sucesso,2026-07-13 19:59:51.000,7.0,sucesso,2026-07-13 20:00:12.000,1,1,completo,,2026-07-13 19:56:18.000,2026-07-13 20:00:12.000
1545,r04,"2026-07-13_19-07-57__validacao_tcc_unifal_r04","3200409",8.1,sucesso,2026-07-13 19:57:11.000,7.1,sucesso,2026-07-13 19:57:36.000,1,1,completo,,2026-07-13 19:56:35.000,2026-07-13 19:57:36.000
1546,r04,"2026-07-13_19-07-57__validacao_tcc_unifal_r04","4101101",7.2,sucesso,2026-07-13 19:57:52.000,6.7,sucesso,2026-07-13 19:58:12.000,1,1,completo,,2026-07-13 19:57:03.000,2026-07-13 19:58:12.000
1547,r04,"2026-07-13_19-07-57__validacao_tcc_unifal_r04","3202009",7.2,sucesso,2026-07-13 19:58:12.000,7.5,sucesso,2026-07-13 19:58:41.000,1,1,completo,,2026-07-13 19:57:40.000,2026-07-13 19:58:41.000
1548,r04,"2026-07-13_19-07-57__validacao_tcc_unifal_r04","4101655",7.9,sucesso,2026-07-13 19:58:52.000,6.9,sucesso,2026-07-13 19:59:12.000,1,1,completo,,2026-07-13 19:58:15.000,2026-07-13 19:59:12.000
1549,r04,"2026-07-13_19-07-57__validacao_tcc_unifal_r04","3203346",7.5,sucesso,2026-07-13 19:59:11.000,6.3,sucesso,2026-07-13 19:59:35.000,1,1,completo,,2026-07-13 19:58:44.000,2026-07-13 19:59:35.000
1550,r04,"2026-07-13_19-07-57__validacao_tcc_unifal_r04","4102901",9.6,sucesso,2026-07-13 20:04:23.000,6.6,sucesso,2026-07-13 20:04:47.000,1,1,completo,,2026-07-13 19:59:15.000,2026-07-13 20:04:47.000
1551,r04,"2026-07-13_19-07-57__validacao_tcc_unifal_r04","3101300",9.6,sucesso,2026-07-13 19:59:51.000,7.4,sucesso,2026-07-13 20:00:09.000,1,1,completo,,2026-07-13 19:59:38.000,2026-07-13 20:00:09.000
1552,r04,"2026-07-13_19-07-57__validacao_tcc_unifal_r04","3103603",6.7,sucesso,2026-07-13 20:00:30.000,6.3,sucesso,2026-07-13 20:00:53.000,1,1,completo,,2026-07-13 20:00:12.000,2026-07-13 20:00:53.000
1553,r04,"2026-07-13_19-07-57__validacao_tcc_unifal_r04","2303006",7.7,sucesso,2026-07-13 20:00:52.000,6.8,sucesso,2026-07-13 20:01:16.000,1,1,completo,,2026-07-13 20:00:17.000,2026-07-13 20:01:16.000
1554,r04,"2026-07-13_19-07-57__validacao_tcc_unifal_r04","3103751",8.8,sucesso,2026-07-13 20:01:14.000,7.7,sucesso,2026-07-13 20:01:32.000,1,1,completo,,2026-07-13 20:00:56.000,2026-07-13 20:01:32.000
1555,r04,"2026-07-13_19-07-57__validacao_tcc_unifal_r04","2303105",7.5,sucesso,2026-07-13 20:02:27.000,6.6,sucesso,2026-07-13 20:02:51.000,1,1,completo,,2026-07-13 20:01:20.000,2026-07-13 20:02:51.000
1556,r04,"2026-07-13_19-07-57__validacao_tcc_unifal_r04","3103801",6.7,sucesso,2026-07-13 20:02:28.000,6.0,sucesso,2026-07-13 20:02:58.000,1,1,completo,,2026-07-13 20:01:36.000,2026-07-13 20:02:58.000
1557,r04,"2026-07-13_19-07-57__validacao_tcc_unifal_r04","2303303",8.0,sucesso,2026-07-13 20:04:23.000,7.2,sucesso,2026-07-13 20:04:46.000,1,1,completo,,2026-07-13 20:02:55.000,2026-07-13 20:04:46.000
1558,r04,"2026-07-13_19-07-57__validacao_tcc_unifal_r04","3107109",9.6,sucesso,2026-07-13 20:03:16.000,5.9,sucesso,2026-07-13 20:03:37.000,1,1,completo,,2026-07-13 20:03:02.000,2026-07-13 20:03:37.000
1559,r04,"2026-07-13_19-07-57__validacao_tcc_unifal_r04","3108008",9.6,sucesso,2026-07-13 20:03:52.000,8.3,sucesso,2026-07-13 20:04:12.000,1,1,completo,,2026-07-13 20:03:41.000,2026-07-13 20:04:12.000
1560,r04,"2026-07-13_19-07-57__validacao_tcc_unifal_r04","3108701",9.6,sucesso,2026-07-13 20:04:29.000,7.7,sucesso,2026-07-13 20:04:52.000,1,1,completo,,2026-07-13 20:04:16.000,2026-07-13 20:04:52.000
1561,r04,"2026-07-13_19-07-57__validacao_tcc_unifal_r04","2303402",7.7,sucesso,2026-07-13 20:05:32.000,6.8,sucesso,2026-07-13 20:05:55.000,1,1,completo,,2026-07-13 20:04:51.000,2026-07-13 20:05:55.000
1562,r04,"2026-07-13_19-07-57__validacao_tcc_unifal_r04","4103107",7.3,sucesso,2026-07-13 20:05:27.000,6.9,sucesso,2026-07-13 20:05:49.000,1,1,completo,,2026-07-13 20:04:51.000,2026-07-13 20:05:49.000
1563,r04,"2026-07-13_19-07-57__validacao_tcc_unifal_r04","3109600",7.1,sucesso,2026-07-13 20:05:32.000,7.4,sucesso,2026-07-13 20:05:58.000,1,1,completo,,2026-07-13 20:04:58.000,2026-07-13 20:05:58.000
1564,r04,"2026-07-13_19-07-57__validacao_tcc_unifal_r04","4103404",6.1,sucesso,2026-07-13 20:06:37.000,5.1,sucesso,2026-07-13 20:07:02.000,1,1,completo,,2026-07-13 20:05:53.000,2026-07-13 20:07:02.000
1565,r04,"2026-07-13_19-07-57__validacao_tcc_unifal_r04","2303956",7.3,sucesso,2026-07-13 20:06:49.000,6.2,sucesso,2026-07-13 20:07:14.000,1,1,completo,,2026-07-13 20:06:00.000,2026-07-13 20:07:14.000
1566,r04,"2026-07-13_19-07-57__validacao_tcc_unifal_r04","3109808",6.6,sucesso,2026-07-13 20:06:35.000,6.0,sucesso,2026-07-13 20:06:56.000,1,1,completo,,2026-07-13 20:06:02.000,2026-07-13 20:06:56.000
1567,r04,"2026-07-13_19-07-57__validacao_tcc_unifal_r04","3113008",9.6,sucesso,2026-07-13 20:14:11.000,6.5,sucesso,2026-07-13 20:14:37.000,1,1,completo,,2026-07-13 20:07:00.000,2026-07-13 20:14:37.000
1568,r04,"2026-07-13_19-07-57__validacao_tcc_unifal_r04","4103453",6.9,sucesso,2026-07-13 20:07:28.000,6.0,sucesso,2026-07-13 20:07:47.000,1,1,completo,,2026-07-13 20:07:07.000,2026-07-13 20:07:47.000
1569,r04,"2026-07-13_19-07-57__validacao_tcc_unifal_r04","2304236",7.3,sucesso,2026-07-13 20:08:50.000,6.0,sucesso,2026-07-13 20:09:10.000,1,1,completo,,2026-07-13 20:07:18.000,2026-07-13 20:09:10.000
1570,r04,"2026-07-13_19-07-57__validacao_tcc_unifal_r04","4104253",7.5,sucesso,2026-07-13 20:08:49.000,6.7,sucesso,2026-07-13 20:09:15.000,1,1,completo,,2026-07-13 20:07:51.000,2026-07-13 20:09:15.000
1571,r04,"2026-07-13_19-07-57__validacao_tcc_unifal_r04","2308708",7.3,sucesso,2026-07-13 20:09:50.000,6.6,sucesso,2026-07-13 20:10:13.000,1,1,completo,,2026-07-13 20:09:14.000,2026-07-13 20:10:13.000
1572,r04,"2026-07-13_19-07-57__validacao_tcc_unifal_r04","4104303",8.3,sucesso,2026-07-13 20:09:57.000,7.7,sucesso,2026-07-13 20:10:18.000,1,1,completo,,2026-07-13 20:09:19.000,2026-07-13 20:10:18.000
1573,r04,"2026-07-13_19-07-57__validacao_tcc_unifal_r04","2310308",7.5,sucesso,2026-07-13 20:12:10.000,7.3,sucesso,2026-07-13 20:12:38.000,1,1,completo,,2026-07-13 20:10:16.000,2026-07-13 20:12:38.000
1574,r04,"2026-07-13_19-07-57__validacao_tcc_unifal_r04","4107546",7.4,sucesso,2026-07-13 20:12:10.000,7.0,sucesso,2026-07-13 20:12:34.000,1,1,completo,,2026-07-13 20:10:23.000,2026-07-13 20:12:34.000
1575,r04,"2026-07-13_19-07-57__validacao_tcc_unifal_r04","4108007",8.0,sucesso,2026-07-13 20:12:59.000,7.5,sucesso,2026-07-13 20:13:18.000,1,1,completo,,2026-07-13 20:12:38.000,2026-07-13 20:13:18.000
1576,r04,"2026-07-13_19-07-57__validacao_tcc_unifal_r04","2310407",7.5,sucesso,2026-07-13 20:15:34.000,6.6,sucesso,2026-07-13 20:15:57.000,1,1,completo,,2026-07-13 20:12:44.000,2026-07-13 20:15:57.000
1577,r04,"2026-07-13_19-07-57__validacao_tcc_unifal_r04","4108106",6.4,sucesso,2026-07-13 20:15:34.000,5.5,sucesso,2026-07-13 20:15:59.000,1,1,completo,,2026-07-13 20:13:21.000,2026-07-13 20:15:59.000
1578,r04,"2026-07-13_19-07-57__validacao_tcc_unifal_r04","3115102",9.6,sucesso,2026-07-13 20:18:36.000,7.2,sucesso,2026-07-13 20:18:55.000,1,1,completo,,2026-07-13 20:14:40.000,2026-07-13 20:18:55.000
1579,r04,"2026-07-13_19-07-57__validacao_tcc_unifal_r04","2312106",7.5,sucesso,2026-07-13 20:16:37.000,6.6,sucesso,2026-07-13 20:17:00.000,1,1,completo,,2026-07-13 20:16:01.000,2026-07-13 20:17:00.000
1580,r04,"2026-07-13_19-07-57__validacao_tcc_unifal_r04","4108809",6.8,sucesso,2026-07-13 20:17:15.000,6.3,sucesso,2026-07-13 20:17:39.000,1,1,completo,,2026-07-13 20:16:02.000,2026-07-13 20:17:39.000
1581,r04,"2026-07-13_19-07-57__validacao_tcc_unifal_r04","2313252",7.5,sucesso,2026-07-13 20:17:25.000,6.6,sucesso,2026-07-13 20:17:50.000,1,1,completo,,2026-07-13 20:17:03.000,2026-07-13 20:17:50.000
1582,r04,"2026-07-13_19-07-57__validacao_tcc_unifal_r04","4109203",8.0,sucesso,2026-07-13 20:18:36.000,7.3,sucesso,2026-07-13 20:18:58.000,1,1,completo,,2026-07-13 20:17:43.000,2026-07-13 20:18:58.000
1583,r04,"2026-07-13_19-07-57__validacao_tcc_unifal_r04","2313955",7.4,sucesso,2026-07-13 20:18:36.000,6.5,sucesso,2026-07-13 20:18:58.000,1,1,completo,,2026-07-13 20:17:54.000,2026-07-13 20:18:58.000
1584,r04,"2026-07-13_19-07-57__validacao_tcc_unifal_r04","3115409",9.6,sucesso,2026-07-13 20:22:30.000,9.3,sucesso,2026-07-13 20:22:59.000,1,1,completo,,2026-07-13 20:18:58.000,2026-07-13 20:22:59.000
1585,r04,"2026-07-13_19-07-57__validacao_tcc_unifal_r04","2100436",7.9,sucesso,2026-07-13 20:19:44.000,6.5,sucesso,2026-07-13 20:20:19.000,1,1,completo,,2026-07-13 20:19:03.000,2026-07-13 20:20:19.000
1586,r04,"2026-07-13_19-07-57__validacao_tcc_unifal_r04","4109401",9.6,sucesso,2026-07-13 20:26:15.000,7.3,sucesso,2026-07-13 20:26:33.000,1,1,completo,,2026-07-13 20:19:03.000,2026-07-13 20:26:33.000
1587,r04,"2026-07-13_19-07-57__validacao_tcc_unifal_r04","2100501",8.0,sucesso,2026-07-13 20:20:42.000,6.3,sucesso,2026-07-13 20:21:06.000,1,1,completo,,2026-07-13 20:20:22.000,2026-07-13 20:21:06.000
1588,r04,"2026-07-13_19-07-57__validacao_tcc_unifal_r04","2100956",7.5,sucesso,2026-07-13 20:21:41.000,6.6,sucesso,2026-07-13 20:22:05.000,1,1,completo,,2026-07-13 20:21:09.000,2026-07-13 20:22:05.000
1589,r04,"2026-07-13_19-07-57__validacao_tcc_unifal_r04","2101608",9.0,sucesso,2026-07-13 20:24:15.000,8.3,sucesso,2026-07-13 20:24:38.000,1,1,completo,,2026-07-13 20:22:08.000,2026-07-13 20:24:38.000
1590,r04,"2026-07-13_19-07-57__validacao_tcc_unifal_r04","3115607",8.4,sucesso,2026-07-13 20:23:31.000,8.2,sucesso,2026-07-13 20:23:56.000,1,1,completo,,2026-07-13 20:23:02.000,2026-07-13 20:23:56.000
1591,r04,"2026-07-13_19-07-57__validacao_tcc_unifal_r04","3115805",7.0,sucesso,2026-07-13 20:24:29.000,6.1,sucesso,2026-07-13 20:24:52.000,1,1,completo,,2026-07-13 20:23:59.000,2026-07-13 20:24:52.000
1592,r04,"2026-07-13_19-07-57__validacao_tcc_unifal_r04","2101970",5.4,sucesso,2026-07-13 20:25:11.000,5.3,sucesso,2026-07-13 20:25:34.000,1,1,completo,,2026-07-13 20:24:41.000,2026-07-13 20:25:34.000
1593,r04,"2026-07-13_19-07-57__validacao_tcc_unifal_r04","3117702",9.6,sucesso,2026-07-13 20:25:09.000,8.1,sucesso,2026-07-13 20:25:29.000,1,1,completo,,2026-07-13 20:24:55.000,2026-07-13 20:25:29.000
1594,r04,"2026-07-13_19-07-57__validacao_tcc_unifal_r04","3118007",6.8,sucesso,2026-07-13 20:26:03.000,6.1,sucesso,2026-07-13 20:26:28.000,1,1,completo,,2026-07-13 20:25:33.000,2026-07-13 20:26:28.000
1595,r04,"2026-07-13_19-07-57__validacao_tcc_unifal_r04","2102408",5.4,sucesso,2026-07-13 20:26:12.000,5.3,sucesso,2026-07-13 20:26:37.000,1,1,completo,,2026-07-13 20:25:41.000,2026-07-13 20:26:37.000
1596,r04,"2026-07-13_19-07-57__validacao_tcc_unifal_r04","3118601",9.0,sucesso,2026-07-13 20:28:39.000,8.9,sucesso,2026-07-13 20:29:03.000,1,1,completo,,2026-07-13 20:26:31.000,2026-07-13 20:29:03.000
1597,r04,"2026-07-13_19-07-57__validacao_tcc_unifal_r04","4109708",4.9,sucesso,2026-07-13 20:28:39.000,4.5,sucesso,2026-07-13 20:29:03.000,1,1,completo,,2026-07-13 20:26:38.000,2026-07-13 20:29:03.000
1598,r04,"2026-07-13_19-07-57__validacao_tcc_unifal_r04","2103174",7.9,sucesso,2026-07-13 20:29:19.000,6.5,sucesso,2026-07-13 20:29:49.000,1,1,completo,,2026-07-13 20:26:42.000,2026-07-13 20:29:49.000
1599,r04,"2026-07-13_19-07-57__validacao_tcc_unifal_r04","4111209",8.2,sucesso,2026-07-13 20:32:50.000,7.0,sucesso,2026-07-13 20:33:17.000,1,1,completo,,2026-07-13 20:29:06.000,2026-07-13 20:33:17.000
1600,r04,"2026-07-13_19-07-57__validacao_tcc_unifal_r04","3120201",9.6,sucesso,2026-07-13 20:29:21.000,7.4,sucesso,2026-07-13 20:29:57.000,1,1,completo,,2026-07-13 20:29:07.000,2026-07-13 20:29:57.000
1601,r04,"2026-07-13_19-07-57__validacao_tcc_unifal_r04","2103406",7.8,sucesso,2026-07-13 20:30:30.000,7.0,sucesso,2026-07-13 20:30:52.000,1,1,completo,,2026-07-13 20:29:52.000,2026-07-13 20:30:52.000
1602,r04,"2026-07-13_19-07-57__validacao_tcc_unifal_r04","3126752",7.0,sucesso,2026-07-13 20:30:36.000,6.4,sucesso,2026-07-13 20:30:59.000,1,1,completo,,2026-07-13 20:30:00.000,2026-07-13 20:30:59.000
1603,r04,"2026-07-13_19-07-57__validacao_tcc_unifal_r04","2105104",7.7,sucesso,2026-07-13 20:31:28.000,6.8,sucesso,2026-07-13 20:31:51.000,1,1,completo,,2026-07-13 20:30:55.000,2026-07-13 20:31:51.000
1604,r04,"2026-07-13_19-07-57__validacao_tcc_unifal_r04","3127339",9.6,sucesso,2026-07-13 20:31:16.000,6.7,sucesso,2026-07-13 20:31:40.000,1,1,completo,,2026-07-13 20:31:03.000,2026-07-13 20:31:40.000
1605,r04,"2026-07-13_19-07-57__validacao_tcc_unifal_r04","3127404",6.5,sucesso,2026-07-13 20:32:21.000,6.5,sucesso,2026-07-13 20:32:49.000,1,1,completo,,2026-07-13 20:31:43.000,2026-07-13 20:32:49.000
1606,r04,"2026-07-13_19-07-57__validacao_tcc_unifal_r04","2105203",7.9,sucesso,2026-07-13 20:32:31.000,6.5,sucesso,2026-07-13 20:33:00.000,1,1,completo,,2026-07-13 20:31:54.000,2026-07-13 20:33:00.000
1607,r04,"2026-07-13_19-07-57__validacao_tcc_unifal_r04","3128402",5.8,sucesso,2026-07-13 20:33:15.000,5.2,sucesso,2026-07-13 20:33:38.000,1,1,completo,,2026-07-13 20:32:52.000,2026-07-13 20:33:38.000
1608,r04,"2026-07-13_19-07-57__validacao_tcc_unifal_r04","2106631",7.3,sucesso,2026-07-13 20:33:37.000,6.6,sucesso,2026-07-13 20:34:00.000,1,1,completo,,2026-07-13 20:33:03.000,2026-07-13 20:34:00.000
1609,r04,"2026-07-13_19-07-57__validacao_tcc_unifal_r04","4111258",7.4,sucesso,2026-07-13 20:34:04.000,6.7,sucesso,2026-07-13 20:34:32.000,1,1,completo,,2026-07-13 20:33:20.000,2026-07-13 20:34:32.000
1610,r04,"2026-07-13_19-07-57__validacao_tcc_unifal_r04","3128501",8.6,sucesso,2026-07-13 20:34:21.000,7.4,sucesso,2026-07-13 20:34:43.000,1,1,completo,,2026-07-13 20:33:43.000,2026-07-13 20:34:43.000
1611,r04,"2026-07-13_19-07-57__validacao_tcc_unifal_r04","2107605",7.4,sucesso,2026-07-13 20:34:41.000,6.3,sucesso,2026-07-13 20:35:10.000,1,1,completo,,2026-07-13 20:34:04.000,2026-07-13 20:35:10.000
1612,r04,"2026-07-13_19-07-57__validacao_tcc_unifal_r04","4111704",7.5,sucesso,2026-07-13 20:35:37.000,6.8,sucesso,2026-07-13 20:36:03.000,1,1,completo,,2026-07-13 20:34:35.000,2026-07-13 20:36:03.000
1613,r04,"2026-07-13_19-07-57__validacao_tcc_unifal_r04","3129806",6.8,sucesso,2026-07-13 20:35:38.000,6.9,sucesso,2026-07-13 20:36:35.000,1,1,completo,,2026-07-13 20:34:48.000,2026-07-13 20:36:35.000
1614,r04,"2026-07-13_19-07-57__validacao_tcc_unifal_r04","2108801",7.9,sucesso,2026-07-13 20:35:37.000,6.0,sucesso,2026-07-13 20:36:00.000,1,1,completo,,2026-07-13 20:35:14.000,2026-07-13 20:36:00.000
1615,r04,"2026-07-13_19-07-57__validacao_tcc_unifal_r04","2109809",7.7,sucesso,2026-07-13 20:36:26.000,6.0,sucesso,2026-07-13 20:36:51.000,1,1,completo,,2026-07-13 20:36:03.000,2026-07-13 20:36:51.000
1616,r04,"2026-07-13_19-07-57__validacao_tcc_unifal_r04","4115408",8.3,sucesso,2026-07-13 20:36:34.000,7.0,sucesso,2026-07-13 20:36:56.000,1,1,completo,,2026-07-13 20:36:06.000,2026-07-13 20:36:56.000
1617,r04,"2026-07-13_19-07-57__validacao_tcc_unifal_r04","3130101",7.3,sucesso,2026-07-13 20:37:10.000,7.4,sucesso,2026-07-13 20:37:38.000,1,1,completo,,2026-07-13 20:36:38.000,2026-07-13 20:37:38.000
1618,r04,"2026-07-13_19-07-57__validacao_tcc_unifal_r04","2109908",7.5,sucesso,2026-07-13 20:37:18.000,6.6,sucesso,2026-07-13 20:37:35.000,1,1,completo,,2026-07-13 20:36:54.000,2026-07-13 20:37:35.000
1619,r04,"2026-07-13_19-07-57__validacao_tcc_unifal_r04","4115754",7.9,sucesso,2026-07-13 20:37:24.000,7.3,sucesso,2026-07-13 20:37:45.000,1,1,completo,,2026-07-13 20:37:00.000,2026-07-13 20:37:45.000
1620,r04,"2026-07-13_19-07-57__validacao_tcc_unifal_r04","2110906",5.1,sucesso,2026-07-13 20:38:14.000,5.0,sucesso,2026-07-13 20:38:39.000,1,1,completo,,2026-07-13 20:37:39.000,2026-07-13 20:38:39.000
1621,r04,"2026-07-13_19-07-57__validacao_tcc_unifal_r04","3131505",9.6,sucesso,2026-07-13 20:37:57.000,8.3,sucesso,2026-07-13 20:38:22.000,1,1,completo,,2026-07-13 20:37:41.000,2026-07-13 20:38:22.000
1622,r04,"2026-07-13_19-07-57__validacao_tcc_unifal_r04","4118451",8.3,sucesso,2026-07-13 20:38:24.000,7.7,sucesso,2026-07-13 20:38:45.000,1,1,completo,,2026-07-13 20:37:52.000,2026-07-13 20:38:45.000
1623,r04,"2026-07-13_19-07-57__validacao_tcc_unifal_r04","3133808",9.6,sucesso,2026-07-13 20:41:59.000,7.6,sucesso,2026-07-13 20:42:25.000,1,1,completo,,2026-07-13 20:38:25.000,2026-07-13 20:42:25.000
1624,r04,"2026-07-13_19-07-57__validacao_tcc_unifal_r04","2111805",8.9,sucesso,2026-07-13 20:39:12.000,8.3,sucesso,2026-07-13 20:39:29.000,1,1,completo,,2026-07-13 20:38:42.000,2026-07-13 20:39:29.000
1625,r04,"2026-07-13_19-07-57__validacao_tcc_unifal_r04","4119806",9.6,sucesso,2026-07-13 20:42:25.000,5.6,sucesso,2026-07-13 20:42:47.000,1,1,completo,,2026-07-13 20:38:51.000,2026-07-13 20:42:47.000
1626,r04,"2026-07-13_19-07-57__validacao_tcc_unifal_r04","2504074",7.6,sucesso,2026-07-13 20:40:24.000,7.6,sucesso,2026-07-13 20:40:49.000,1,1,completo,,2026-07-13 20:39:32.000,2026-07-13 20:40:49.000
1627,r04,"2026-07-13_19-07-57__validacao_tcc_unifal_r04","2504405",7.7,sucesso,2026-07-13 20:41:18.000,6.6,sucesso,2026-07-13 20:41:36.000,1,1,completo,,2026-07-13 20:40:52.000,2026-07-13 20:41:36.000
1628,r04,"2026-07-13_19-07-57__validacao_tcc_unifal_r04","2506251",7.4,sucesso,2026-07-13 20:43:32.000,5.8,sucesso,2026-07-13 20:43:55.000,1,1,completo,,2026-07-13 20:41:40.000,2026-07-13 20:43:55.000
1629,r04,"2026-07-13_19-07-57__validacao_tcc_unifal_r04","3136504",9.6,sucesso,2026-07-13 20:46:03.000,6.5,sucesso,2026-07-13 20:46:26.000,1,1,completo,,2026-07-13 20:42:28.000,2026-07-13 20:46:26.000
1630,r04,"2026-07-13_19-07-57__validacao_tcc_unifal_r04","4120655",6.3,sucesso,2026-07-13 20:44:01.000,5.6,sucesso,2026-07-13 20:44:25.000,1,1,completo,,2026-07-13 20:42:50.000,2026-07-13 20:44:25.000
1631,r04,"2026-07-13_19-07-57__validacao_tcc_unifal_r04","2507408",6.3,sucesso,2026-07-13 20:44:23.000,5.3,sucesso,2026-07-13 20:44:43.000,1,1,completo,,2026-07-13 20:43:58.000,2026-07-13 20:44:43.000
1632,r04,"2026-07-13_19-07-57__validacao_tcc_unifal_r04","4120903",7.0,sucesso,2026-07-13 20:47:36.000,6.1,sucesso,2026-07-13 20:47:59.000,1,1,completo,,2026-07-13 20:44:28.000,2026-07-13 20:47:59.000
1633,r04,"2026-07-13_19-07-57__validacao_tcc_unifal_r04","2508406",6.9,sucesso,2026-07-13 20:45:22.000,6.1,sucesso,2026-07-13 20:45:45.000,1,1,completo,,2026-07-13 20:44:47.000,2026-07-13 20:45:45.000
1634,r04,"2026-07-13_19-07-57__validacao_tcc_unifal_r04","2510659",7.3,sucesso,2026-07-13 20:46:24.000,6.9,sucesso,2026-07-13 20:46:47.000,1,1,completo,,2026-07-13 20:45:48.000,2026-07-13 20:46:47.000
1635,r04,"2026-07-13_19-07-57__validacao_tcc_unifal_r04","3137403",9.6,sucesso,2026-07-13 20:46:40.000,4.9,sucesso,2026-07-13 20:47:02.000,1,1,completo,,2026-07-13 20:46:28.000,2026-07-13 20:47:02.000
1636,r04,"2026-07-13_19-07-57__validacao_tcc_unifal_r04","2512705",9.6,sucesso,2026-07-13 20:55:17.000,7.0,sucesso,2026-07-13 20:55:41.000,1,1,completo,,2026-07-13 20:46:50.000,2026-07-13 20:55:41.000
1637,r04,"2026-07-13_19-07-57__validacao_tcc_unifal_r04","3137502",7.8,sucesso,2026-07-13 20:47:45.000,7.0,sucesso,2026-07-13 20:48:12.000,1,1,completo,,2026-07-13 20:47:06.000,2026-07-13 20:48:12.000
1638,r04,"2026-07-13_19-07-57__validacao_tcc_unifal_r04","4121901",7.8,sucesso,2026-07-13 20:48:26.000,7.5,sucesso,2026-07-13 20:48:49.000,1,1,completo,,2026-07-13 20:48:03.000,2026-07-13 20:48:49.000
1639,r04,"2026-07-13_19-07-57__validacao_tcc_unifal_r04","3140530",6.9,sucesso,2026-07-13 20:52:12.000,6.3,sucesso,2026-07-13 20:52:43.000,1,1,completo,,2026-07-13 20:48:15.000,2026-07-13 20:52:43.000
1640,r04,"2026-07-13_19-07-57__validacao_tcc_unifal_r04","4123006",9.6,sucesso,2026-07-13 20:52:20.000,5.3,sucesso,2026-07-13 20:52:38.000,1,1,completo,,2026-07-13 20:48:52.000,2026-07-13 20:52:38.000
1641,r04,"2026-07-13_19-07-57__validacao_tcc_unifal_r04","4123204",7.2,sucesso,2026-07-13 20:52:56.000,6.6,sucesso,2026-07-13 20:53:14.000,1,1,completo,,2026-07-13 20:52:41.000,2026-07-13 20:53:14.000
1642,r04,"2026-07-13_19-07-57__validacao_tcc_unifal_r04","3140852",9.6,sucesso,2026-07-13 20:52:59.000,7.7,sucesso,2026-07-13 20:53:18.000,1,1,completo,,2026-07-13 20:52:47.000,2026-07-13 20:53:18.000
1643,r04,"2026-07-13_19-07-57__validacao_tcc_unifal_r04","4125001",6.6,sucesso,2026-07-13 20:53:38.000,6.2,sucesso,2026-07-13 20:53:56.000,1,1,completo,,2026-07-13 20:53:18.000,2026-07-13 20:53:56.000
1644,r04,"2026-07-13_19-07-57__validacao_tcc_unifal_r04","3141009",7.8,sucesso,2026-07-13 20:53:57.000,7.4,sucesso,2026-07-13 20:54:18.000,1,1,completo,,2026-07-13 20:53:23.000,2026-07-13 20:54:18.000
1645,r04,"2026-07-13_19-07-57__validacao_tcc_unifal_r04","4126207",7.3,sucesso,2026-07-13 20:54:57.000,6.9,sucesso,2026-07-13 20:55:22.000,1,1,completo,,2026-07-13 20:53:59.000,2026-07-13 20:55:22.000
1646,r04,"2026-07-13_19-07-57__validacao_tcc_unifal_r04","3141207",9.6,sucesso,2026-07-13 21:01:35.000,4.8,sucesso,2026-07-13 21:01:56.000,1,1,completo,,2026-07-13 20:54:22.000,2026-07-13 21:01:56.000
1647,r04,"2026-07-13_19-07-57__validacao_tcc_unifal_r04","4126504",7.1,sucesso,2026-07-13 20:55:56.000,6.4,sucesso,2026-07-13 20:56:24.000,1,1,completo,,2026-07-13 20:55:26.000,2026-07-13 20:56:24.000
1648,r04,"2026-07-13_19-07-57__validacao_tcc_unifal_r04","2513158",6.5,sucesso,2026-07-13 20:56:19.000,5.7,sucesso,2026-07-13 20:56:58.000,1,1,completo,,2026-07-13 20:55:44.000,2026-07-13 20:56:58.000
1649,r04,"2026-07-13_19-07-57__validacao_tcc_unifal_r04","4126603",6.8,sucesso,2026-07-13 20:57:39.000,6.6,sucesso,2026-07-13 20:58:04.000,1,1,completo,,2026-07-13 20:56:27.000,2026-07-13 20:58:04.000
1650,r04,"2026-07-13_19-07-57__validacao_tcc_unifal_r04","2513927",8.4,sucesso,2026-07-13 20:57:26.000,7.5,sucesso,2026-07-13 20:57:46.000,1,1,completo,,2026-07-13 20:57:02.000,2026-07-13 20:57:46.000
1651,r04,"2026-07-13_19-07-57__validacao_tcc_unifal_r04","2513901",9.6,sucesso,2026-07-13 20:58:01.000,7.5,sucesso,2026-07-13 20:58:20.000,1,1,completo,,2026-07-13 20:57:49.000,2026-07-13 20:58:20.000
1652,r04,"2026-07-13_19-07-57__validacao_tcc_unifal_r04","4128534",5.1,sucesso,2026-07-13 20:58:44.000,4.3,sucesso,2026-07-13 20:59:08.000,1,1,completo,,2026-07-13 20:58:07.000,2026-07-13 20:59:08.000
1653,r04,"2026-07-13_19-07-57__validacao_tcc_unifal_r04","2514602",7.8,sucesso,2026-07-13 20:59:29.000,7.0,sucesso,2026-07-13 20:59:51.000,1,1,completo,,2026-07-13 20:58:25.000,2026-07-13 20:59:51.000
1654,r04,"2026-07-13_19-07-57__validacao_tcc_unifal_r04","4128658",8.1,sucesso,2026-07-13 20:59:28.000,6.9,sucesso,2026-07-13 20:59:49.000,1,1,completo,,2026-07-13 20:59:11.000,2026-07-13 20:59:49.000
1655,r04,"2026-07-13_19-07-57__validacao_tcc_unifal_r04","4300208",4.6,sucesso,2026-07-13 21:02:57.000,4.3,sucesso,2026-07-13 21:03:21.000,1,1,completo,,2026-07-13 20:59:52.000,2026-07-13 21:03:21.000
1656,r04,"2026-07-13_19-07-57__validacao_tcc_unifal_r04","2514701",8.1,sucesso,2026-07-13 21:04:33.000,6.2,sucesso,2026-07-13 21:04:54.000,1,1,completo,,2026-07-13 20:59:55.000,2026-07-13 21:04:54.000
1657,r04,"2026-07-13_19-07-57__validacao_tcc_unifal_r04","3142700",6.7,sucesso,2026-07-13 21:02:25.000,5.7,sucesso,2026-07-13 21:02:43.000,1,1,completo,,2026-07-13 21:02:00.000,2026-07-13 21:02:43.000
1658,r04,"2026-07-13_19-07-57__validacao_tcc_unifal_r04","3144904",8.8,sucesso,2026-07-13 21:03:06.000,8.0,sucesso,2026-07-13 21:03:29.000,1,1,completo,,2026-07-13 21:02:46.000,2026-07-13 21:03:29.000
1659,r04,"2026-07-13_19-07-57__validacao_tcc_unifal_r04","4300307",6.8,sucesso,2026-07-13 21:03:54.000,5.4,sucesso,2026-07-13 21:04:16.000,1,1,completo,,2026-07-13 21:03:25.000,2026-07-13 21:04:16.000
1660,r04,"2026-07-13_19-07-57__validacao_tcc_unifal_r04","3145356",9.6,sucesso,2026-07-13 21:03:47.000,6.6,sucesso,2026-07-13 21:04:11.000,1,1,completo,,2026-07-13 21:03:35.000,2026-07-13 21:04:11.000
1661,r04,"2026-07-13_19-07-57__validacao_tcc_unifal_r04","3145505",6.2,sucesso,2026-07-13 21:05:04.000,6.3,sucesso,2026-07-13 21:05:27.000,1,1,completo,,2026-07-13 21:04:14.000,2026-07-13 21:05:27.000
1662,r04,"2026-07-13_19-07-57__validacao_tcc_unifal_r04","4300455",7.9,sucesso,2026-07-13 21:04:48.000,6.9,sucesso,2026-07-13 21:05:09.000,1,1,completo,,2026-07-13 21:04:21.000,2026-07-13 21:05:09.000
1663,r04,"2026-07-13_19-07-57__validacao_tcc_unifal_r04","2514453",7.2,sucesso,2026-07-13 21:05:33.000,6.5,sucesso,2026-07-13 21:05:55.000,1,1,completo,,2026-07-13 21:04:58.000,2026-07-13 21:05:55.000
1664,r04,"2026-07-13_19-07-57__validacao_tcc_unifal_r04","4300570",7.8,sucesso,2026-07-13 21:05:31.000,7.2,sucesso,2026-07-13 21:05:49.000,1,1,completo,,2026-07-13 21:05:13.000,2026-07-13 21:05:49.000
1665,r04,"2026-07-13_19-07-57__validacao_tcc_unifal_r04","3145901",6.1,sucesso,2026-07-13 21:06:01.000,6.4,sucesso,2026-07-13 21:06:28.000,1,1,completo,,2026-07-13 21:05:31.000,2026-07-13 21:06:28.000
1666,r04,"2026-07-13_19-07-57__validacao_tcc_unifal_r04","4300638",9.3,sucesso,2026-07-13 21:09:34.000,8.7,sucesso,2026-07-13 21:09:50.000,1,1,completo,,2026-07-13 21:05:54.000,2026-07-13 21:09:50.000
1667,r04,"2026-07-13_19-07-57__validacao_tcc_unifal_r04","2600203",8.1,sucesso,2026-07-13 21:06:26.000,7.0,sucesso,2026-07-13 21:06:42.000,1,1,completo,,2026-07-13 21:06:01.000,2026-07-13 21:06:42.000
1668,r04,"2026-07-13_19-07-57__validacao_tcc_unifal_r04","3146404",6.4,sucesso,2026-07-13 21:07:04.000,6.6,sucesso,2026-07-13 21:07:32.000,1,1,completo,,2026-07-13 21:06:31.000,2026-07-13 21:07:32.000
1669,r04,"2026-07-13_19-07-57__validacao_tcc_unifal_r04","2601201",6.0,sucesso,2026-07-13 21:07:09.000,5.0,sucesso,2026-07-13 21:07:32.000,1,1,completo,,2026-07-13 21:06:47.000,2026-07-13 21:07:32.000
1670,r04,"2026-07-13_19-07-57__validacao_tcc_unifal_r04","2604403",,falha_de_carregamento,2026-07-13 21:17:41.000,5.4,sucesso,2026-07-13 21:18:03.000,0,1,parcial,,2026-07-13 21:07:35.000,2026-07-13 21:18:03.000
1671,r04,"2026-07-13_19-07-57__validacao_tcc_unifal_r04","3149200",6.8,sucesso,2026-07-13 21:08:11.000,6.1,sucesso,2026-07-13 21:08:32.000,1,1,completo,,2026-07-13 21:07:36.000,2026-07-13 21:08:32.000
1672,r04,"2026-07-13_19-07-57__validacao_tcc_unifal_r04","3149804",6.5,sucesso,2026-07-13 21:09:05.000,5.9,sucesso,2026-07-13 21:09:27.000,1,1,completo,,2026-07-13 21:08:35.000,2026-07-13 21:09:27.000
1673,r04,"2026-07-13_19-07-57__validacao_tcc_unifal_r04","3152131",9.6,sucesso,2026-07-13 21:09:43.000,8.5,sucesso,2026-07-13 21:09:59.000,1,1,completo,,2026-07-13 21:09:30.000,2026-07-13 21:10:00.000
1674,r04,"2026-07-13_19-07-57__validacao_tcc_unifal_r04","4301636",9.6,sucesso,2026-07-13 21:10:06.000,6.7,sucesso,2026-07-13 21:10:34.000,1,1,completo,,2026-07-13 21:09:53.000,2026-07-13 21:10:34.000
1675,r04,"2026-07-13_19-07-57__validacao_tcc_unifal_r04","3154101",7.1,sucesso,2026-07-13 21:10:20.000,6.4,sucesso,2026-07-13 21:10:41.000,1,1,completo,,2026-07-13 21:10:04.000,2026-07-13 21:10:41.000
1676,r04,"2026-07-13_19-07-57__validacao_tcc_unifal_r04","4301750",6.7,sucesso,2026-07-13 21:11:23.000,5.9,sucesso,2026-07-13 21:11:56.000,1,1,completo,,2026-07-13 21:10:37.000,2026-07-13 21:11:56.000
1677,r04,"2026-07-13_19-07-57__validacao_tcc_unifal_r04","3154408",7.4,sucesso,2026-07-13 21:11:30.000,6.6,sucesso,2026-07-13 21:11:59.000,1,1,completo,,2026-07-13 21:10:45.000,2026-07-13 21:11:59.000
1678,r04,"2026-07-13_19-07-57__validacao_tcc_unifal_r04","4302006",7.5,sucesso,2026-07-13 21:12:11.000,7.0,sucesso,2026-07-13 21:12:36.000,1,1,completo,,2026-07-13 21:11:59.000,2026-07-13 21:12:36.000
1679,r04,"2026-07-13_19-07-57__validacao_tcc_unifal_r04","3155405",7.1,sucesso,2026-07-13 21:12:31.000,6.7,sucesso,2026-07-13 21:12:52.000,1,1,completo,,2026-07-13 21:12:03.000,2026-07-13 21:12:52.000
1680,r04,"2026-07-13_19-07-57__validacao_tcc_unifal_r04","4302352",9.6,sucesso,2026-07-13 21:12:53.000,7.0,sucesso,2026-07-13 21:13:20.000,1,1,completo,,2026-07-13 21:12:40.000,2026-07-13 21:13:20.000
1681,r04,"2026-07-13_19-07-57__validacao_tcc_unifal_r04","3156502",7.1,sucesso,2026-07-13 21:13:37.000,6.8,sucesso,2026-07-13 21:14:04.000,1,1,completo,,2026-07-13 21:12:55.000,2026-07-13 21:14:04.000
1682,r04,"2026-07-13_19-07-57__validacao_tcc_unifal_r04","4302402",6.9,sucesso,2026-07-13 21:13:45.000,5.4,sucesso,2026-07-13 21:14:06.000,1,1,completo,,2026-07-13 21:13:23.000,2026-07-13 21:14:06.000
1683,r04,"2026-07-13_19-07-57__validacao_tcc_unifal_r04","3159308",7.1,sucesso,2026-07-13 21:14:39.000,6.6,sucesso,2026-07-13 21:14:58.000,1,1,completo,,2026-07-13 21:14:07.000,2026-07-13 21:14:58.000
1684,r04,"2026-07-13_19-07-57__validacao_tcc_unifal_r04","4302709",8.0,sucesso,2026-07-13 21:14:48.000,7.4,sucesso,2026-07-13 21:15:14.000,1,1,completo,,2026-07-13 21:14:09.000,2026-07-13 21:15:14.000
1685,r04,"2026-07-13_19-07-57__validacao_tcc_unifal_r04","3158508",7.5,sucesso,2026-07-13 21:15:56.000,6.5,sucesso,2026-07-13 21:16:22.000,1,1,completo,,2026-07-13 21:15:01.000,2026-07-13 21:16:22.000
1686,r04,"2026-07-13_19-07-57__validacao_tcc_unifal_r04","4303608",7.5,sucesso,2026-07-13 21:15:29.000,6.5,sucesso,2026-07-13 21:15:50.000,1,1,completo,,2026-07-13 21:15:17.000,2026-07-13 21:15:50.000
1687,r04,"2026-07-13_19-07-57__validacao_tcc_unifal_r04","4305306",9.6,sucesso,2026-07-13 21:16:06.000,6.3,sucesso,2026-07-13 21:16:29.000,1,1,completo,,2026-07-13 21:15:54.000,2026-07-13 21:16:29.000
1688,r04,"2026-07-13_19-07-57__validacao_tcc_unifal_r04","3160801",8.2,sucesso,2026-07-13 21:16:46.000,7.9,sucesso,2026-07-13 21:17:10.000,1,1,completo,,2026-07-13 21:16:25.000,2026-07-13 21:17:10.000
1689,r04,"2026-07-13_19-07-57__validacao_tcc_unifal_r04","4307500",8.5,sucesso,2026-07-13 21:17:00.000,7.7,sucesso,2026-07-13 21:17:28.000,1,1,completo,,2026-07-13 21:16:34.000,2026-07-13 21:17:28.000
1690,r04,"2026-07-13_19-07-57__validacao_tcc_unifal_r04","3161304",7.4,sucesso,2026-07-13 21:17:30.000,6.4,sucesso,2026-07-13 21:17:50.000,1,1,completo,,2026-07-13 21:17:13.000,2026-07-13 21:17:50.000
1691,r04,"2026-07-13_19-07-57__validacao_tcc_unifal_r04","4308078",9.6,sucesso,2026-07-13 21:17:46.000,6.7,sucesso,2026-07-13 21:18:05.000,1,1,completo,,2026-07-13 21:17:33.000,2026-07-13 21:18:05.000
1692,r04,"2026-07-13_19-07-57__validacao_tcc_unifal_r04","3162302",8.2,sucesso,2026-07-13 21:18:23.000,7.4,sucesso,2026-07-13 21:18:48.000,1,1,completo,,2026-07-13 21:17:54.000,2026-07-13 21:18:48.000
1693,r04,"2026-07-13_19-07-57__validacao_tcc_unifal_r04","2607604",7.5,sucesso,2026-07-13 21:18:42.000,6.4,sucesso,2026-07-13 21:19:03.000,1,1,completo,,2026-07-13 21:18:07.000,2026-07-13 21:19:03.000
1694,r04,"2026-07-13_19-07-57__validacao_tcc_unifal_r04","4308904",,falha_de_carregamento,2026-07-13 21:28:15.000,8.3,sucesso,2026-07-13 21:28:38.000,0,1,parcial,,2026-07-13 21:18:10.000,2026-07-13 21:28:38.000
1695,r04,"2026-07-13_19-07-57__validacao_tcc_unifal_r04","3162575",9.6,sucesso,2026-07-13 21:19:05.000,7.3,sucesso,2026-07-13 21:19:28.000,1,1,completo,,2026-07-13 21:18:52.000,2026-07-13 21:19:28.000
1696,r04,"2026-07-13_19-07-57__validacao_tcc_unifal_r04","2607000",7.1,sucesso,2026-07-13 21:19:38.000,6.3,sucesso,2026-07-13 21:20:26.000,1,1,completo,,2026-07-13 21:19:06.000,2026-07-13 21:20:26.000
1697,r04,"2026-07-13_19-07-57__validacao_tcc_unifal_r04","3163904",7.4,sucesso,2026-07-13 21:19:50.000,7.2,sucesso,2026-07-13 21:20:13.000,1,1,completo,,2026-07-13 21:19:31.000,2026-07-13 21:20:13.000
1698,r04,"2026-07-13_19-07-57__validacao_tcc_unifal_r04","3168606",9.6,sucesso,2026-07-13 21:20:29.000,5.6,sucesso,2026-07-13 21:21:03.000,1,1,completo,,2026-07-13 21:20:16.000,2026-07-13 21:21:03.000
1699,r04,"2026-07-13_19-07-57__validacao_tcc_unifal_r04","2607307",8.7,sucesso,2026-07-13 21:20:54.000,8.0,sucesso,2026-07-13 21:21:17.000,1,1,completo,,2026-07-13 21:20:30.000,2026-07-13 21:21:17.000
1700,r04,"2026-07-13_19-07-57__validacao_tcc_unifal_r04","3168903",9.9,sucesso,2026-07-13 21:21:39.000,9.4,sucesso,2026-07-13 21:22:00.000,1,1,completo,,2026-07-13 21:21:06.000,2026-07-13 21:22:00.000
1701,r04,"2026-07-13_19-07-57__validacao_tcc_unifal_r04","2609006",9.0,sucesso,2026-07-13 21:22:01.000,8.4,sucesso,2026-07-13 21:22:24.000,1,1,completo,,2026-07-13 21:21:21.000,2026-07-13 21:22:24.000
1702,r04,"2026-07-13_19-07-57__validacao_tcc_unifal_r04","3169059",8.0,sucesso,2026-07-13 21:22:29.000,7.3,sucesso,2026-07-13 21:22:53.000,1,1,completo,,2026-07-13 21:22:03.000,2026-07-13 21:22:53.000
1703,r04,"2026-07-13_19-07-57__validacao_tcc_unifal_r04","2611705",7.3,sucesso,2026-07-13 21:22:55.000,6.8,sucesso,2026-07-13 21:23:18.000,1,1,completo,,2026-07-13 21:22:28.000,2026-07-13 21:23:18.000
1704,r04,"2026-07-13_19-07-57__validacao_tcc_unifal_r04","3170008",7.5,sucesso,2026-07-13 21:23:34.000,6.4,sucesso,2026-07-13 21:23:58.000,1,1,completo,,2026-07-13 21:22:56.000,2026-07-13 21:23:58.000
1705,r04,"2026-07-13_19-07-57__validacao_tcc_unifal_r04","2613701",6.7,sucesso,2026-07-13 21:23:57.000,5.7,sucesso,2026-07-13 21:24:40.000,1,1,completo,,2026-07-13 21:23:22.000,2026-07-13 21:24:40.000
1706,r04,"2026-07-13_19-07-57__validacao_tcc_unifal_r04","3170057",7.5,sucesso,2026-07-13 21:24:37.000,6.7,sucesso,2026-07-13 21:25:08.000,1,1,completo,,2026-07-13 21:24:01.000,2026-07-13 21:25:08.000
1707,r04,"2026-07-13_19-07-57__validacao_tcc_unifal_r04","2614006",7.5,sucesso,2026-07-13 21:25:16.000,6.5,sucesso,2026-07-13 21:25:37.000,1,1,completo,,2026-07-13 21:24:43.000,2026-07-13 21:25:37.000
1708,r04,"2026-07-13_19-07-57__validacao_tcc_unifal_r04","3170701",9.6,sucesso,2026-07-13 21:25:23.000,8.0,sucesso,2026-07-13 21:25:46.000,1,1,completo,,2026-07-13 21:25:12.000,2026-07-13 21:25:46.000
1709,r04,"2026-07-13_19-07-57__validacao_tcc_unifal_r04","2614501",7.6,sucesso,2026-07-13 21:26:48.000,6.5,sucesso,2026-07-13 21:27:11.000,1,1,completo,,2026-07-13 21:25:41.000,2026-07-13 21:27:11.000
1710,r04,"2026-07-13_19-07-57__validacao_tcc_unifal_r04","3300951",8.5,sucesso,2026-07-13 21:26:47.000,7.5,sucesso,2026-07-13 21:27:03.000,1,1,completo,,2026-07-13 21:25:50.000,2026-07-13 21:27:03.000
1711,r04,"2026-07-13_19-07-57__validacao_tcc_unifal_r04","3301405",9.6,sucesso,2026-07-13 21:27:18.000,5.5,sucesso,2026-07-13 21:27:42.000,1,1,completo,,2026-07-13 21:27:07.000,2026-07-13 21:27:42.000
1712,r04,"2026-07-13_19-07-57__validacao_tcc_unifal_r04","2201507",8.1,sucesso,2026-07-13 21:27:39.000,7.0,sucesso,2026-07-13 21:28:06.000,1,1,completo,,2026-07-13 21:27:15.000,2026-07-13 21:28:06.000
1713,r04,"2026-07-13_19-07-57__validacao_tcc_unifal_r04","3302502",7.4,sucesso,2026-07-13 21:30:47.000,5.7,sucesso,2026-07-13 21:31:02.000,1,1,completo,,2026-07-13 21:27:46.000,2026-07-13 21:31:02.000
1714,r04,"2026-07-13_19-07-57__validacao_tcc_unifal_r04","2202901",,falha_de_carregamento,2026-07-13 21:38:09.000,,erro,2026-07-13 21:39:13.000,0,0,falha_total,,2026-07-13 21:28:09.000,2026-07-13 21:39:13.000
1715,r04,"2026-07-13_19-07-57__validacao_tcc_unifal_r04","4309050",7.0,sucesso,2026-07-13 21:30:47.000,6.8,sucesso,2026-07-13 21:31:10.000,1,1,completo,,2026-07-13 21:28:41.000,2026-07-13 21:31:10.000
1716,r04,"2026-07-13_19-07-57__validacao_tcc_unifal_r04","3303856",7.7,sucesso,2026-07-13 21:32:34.000,7.0,sucesso,2026-07-13 21:33:00.000,1,1,completo,,2026-07-13 21:31:05.000,2026-07-13 21:33:00.000
1717,r04,"2026-07-13_19-07-57__validacao_tcc_unifal_r04","4309506",4.6,sucesso,2026-07-13 21:32:26.000,4.3,sucesso,2026-07-13 21:32:51.000,1,1,completo,,2026-07-13 21:31:15.000,2026-07-13 21:32:51.000
1718,r04,"2026-07-13_19-07-57__validacao_tcc_unifal_r04","4310108",8.9,sucesso,2026-07-13 21:33:19.000,8.3,sucesso,2026-07-13 21:33:39.000,1,1,completo,,2026-07-13 21:32:54.000,2026-07-13 21:33:39.000
1719,r04,"2026-07-13_19-07-57__validacao_tcc_unifal_r04","3500808",9.6,sucesso,2026-07-13 21:33:15.000,4.8,sucesso,2026-07-13 21:33:39.000,1,1,completo,,2026-07-13 21:33:03.000,2026-07-13 21:33:39.000
1720,r04,"2026-07-13_19-07-57__validacao_tcc_unifal_r04","3506904",,falha_de_carregamento,2026-07-13 21:43:51.000,7.6,sucesso,2026-07-13 21:44:17.000,0,1,parcial,,2026-07-13 21:33:42.000,2026-07-13 21:44:17.000
1721,r04,"2026-07-13_19-07-57__validacao_tcc_unifal_r04","4310579",6.6,sucesso,2026-07-13 21:37:39.000,5.3,sucesso,2026-07-13 21:38:02.000,1,1,completo,,2026-07-13 21:33:42.000,2026-07-13 21:38:02.000
1722,r04,"2026-07-13_19-07-57__validacao_tcc_unifal_r04","4311254",6.5,sucesso,2026-07-13 21:38:28.000,5.6,sucesso,2026-07-13 21:38:49.000,1,1,completo,,2026-07-13 21:38:05.000,2026-07-13 21:38:49.000
1723,r04,"2026-07-13_19-07-57__validacao_tcc_unifal_r04","4312658",8.5,sucesso,2026-07-13 21:39:20.000,7.7,sucesso,2026-07-13 21:39:40.000,1,1,completo,,2026-07-13 21:38:52.000,2026-07-13 21:39:40.000
1724,r04,"2026-07-13_19-07-57__validacao_tcc_unifal_r04","2203305",7.8,sucesso,2026-07-13 21:39:58.000,7.1,sucesso,2026-07-13 21:40:25.000,1,1,completo,,2026-07-13 21:39:16.000,2026-07-13 21:40:25.000
1725,r04,"2026-07-13_19-07-57__validacao_tcc_unifal_r04","4312906",9.6,sucesso,2026-07-13 21:39:55.000,7.2,sucesso,2026-07-13 21:40:17.000,1,1,completo,,2026-07-13 21:39:44.000,2026-07-13 21:40:17.000
1726,r04,"2026-07-13_19-07-57__validacao_tcc_unifal_r04","4314175",9.6,sucesso,2026-07-13 21:40:35.000,5.9,sucesso,2026-07-13 21:41:10.000,1,1,completo,,2026-07-13 21:40:21.000,2026-07-13 21:41:10.000
1727,r04,"2026-07-13_19-07-57__validacao_tcc_unifal_r04","2204352",9.6,sucesso,2026-07-13 21:40:49.000,,sucesso_sem_nota,2026-07-13 21:42:29.000,1,0,parcial,,2026-07-13 21:40:29.000,2026-07-13 21:42:29.000
1728,r04,"2026-07-13_19-07-57__validacao_tcc_unifal_r04","4316451",9.6,sucesso,2026-07-13 21:41:25.000,6.7,sucesso,2026-07-13 21:42:01.000,1,1,completo,,2026-07-13 21:41:14.000,2026-07-13 21:42:01.000
1729,r04,"2026-07-13_19-07-57__validacao_tcc_unifal_r04","4319109",7.0,sucesso,2026-07-13 21:42:32.000,6.0,sucesso,2026-07-13 21:42:54.000,1,1,completo,,2026-07-13 21:42:04.000,2026-07-13 21:42:54.000
1730,r04,"2026-07-13_19-07-57__validacao_tcc_unifal_r04","2205250",9.1,sucesso,2026-07-13 21:44:08.000,8.1,sucesso,2026-07-13 21:44:32.000,1,1,completo,,2026-07-13 21:42:33.000,2026-07-13 21:44:32.000
1731,r04,"2026-07-13_19-07-57__validacao_tcc_unifal_r04","4320206",5.3,sucesso,2026-07-13 21:43:35.000,4.5,sucesso,2026-07-13 21:43:55.000,1,1,completo,,2026-07-13 21:42:57.000,2026-07-13 21:43:55.000
1732,r04,"2026-07-13_19-07-57__validacao_tcc_unifal_r04","4321436",9.6,sucesso,2026-07-13 21:47:32.000,6.9,sucesso,2026-07-13 21:48:04.000,1,1,completo,,2026-07-13 21:43:59.000,2026-07-13 21:48:04.000
1733,r04,"2026-07-13_19-07-57__validacao_tcc_unifal_r04","3507803",7.0,sucesso,2026-07-13 21:45:04.000,6.2,sucesso,2026-07-13 21:45:28.000,1,1,completo,,2026-07-13 21:44:21.000,2026-07-13 21:45:28.000
1734,r04,"2026-07-13_19-07-57__validacao_tcc_unifal_r04","2205359",7.9,sucesso,2026-07-13 21:45:24.000,6.8,sucesso,2026-07-13 21:45:49.000,1,1,completo,,2026-07-13 21:44:36.000,2026-07-13 21:45:49.000
1735,r04,"2026-07-13_19-07-57__validacao_tcc_unifal_r04","3508603",8.3,sucesso,2026-07-13 21:49:16.000,7.5,sucesso,2026-07-13 21:49:34.000,1,1,completo,,2026-07-13 21:45:32.000,2026-07-13 21:49:34.000
1736,r04,"2026-07-13_19-07-57__validacao_tcc_unifal_r04","2206407",9.6,sucesso,2026-07-13 21:46:05.000,7.0,sucesso,2026-07-13 21:46:37.000,1,1,completo,,2026-07-13 21:45:52.000,2026-07-13 21:46:37.000
1737,r04,"2026-07-13_19-07-57__validacao_tcc_unifal_r04","2207850",7.3,sucesso,2026-07-13 21:47:19.000,6.3,sucesso,2026-07-13 21:47:48.000,1,1,completo,,2026-07-13 21:46:40.000,2026-07-13 21:47:48.000
1738,r04,"2026-07-13_19-07-57__validacao_tcc_unifal_r04","2209971",7.5,sucesso,2026-07-13 21:48:31.000,6.4,sucesso,2026-07-13 21:48:57.000,1,1,completo,,2026-07-13 21:47:52.000,2026-07-13 21:48:57.000
1739,r04,"2026-07-13_19-07-57__validacao_tcc_unifal_r04","4321634",9.6,sucesso,2026-07-13 21:50:55.000,7.3,sucesso,2026-07-13 21:51:18.000,1,1,completo,,2026-07-13 21:48:07.000,2026-07-13 21:51:18.000
1740,r04,"2026-07-13_19-07-57__validacao_tcc_unifal_r04","2210375",7.5,sucesso,2026-07-13 21:51:04.000,6.5,sucesso,2026-07-13 21:51:52.000,1,1,completo,,2026-07-13 21:49:00.000,2026-07-13 21:51:52.000
1741,r04,"2026-07-13_19-07-57__validacao_tcc_unifal_r04","3508702",7.6,sucesso,2026-07-13 21:49:56.000,6.9,sucesso,2026-07-13 21:50:19.000,1,1,completo,,2026-07-13 21:49:37.000,2026-07-13 21:50:19.000
1742,r04,"2026-07-13_19-07-57__validacao_tcc_unifal_r04","3512100",6.1,sucesso,2026-07-13 21:50:55.000,5.6,sucesso,2026-07-13 21:51:17.000,1,1,completo,,2026-07-13 21:50:22.000,2026-07-13 21:51:17.000
1743,r04,"2026-07-13_19-07-57__validacao_tcc_unifal_r04","3512308",7.6,sucesso,2026-07-13 21:52:30.000,7.3,sucesso,2026-07-13 21:52:55.000,1,1,completo,,2026-07-13 21:51:21.000,2026-07-13 21:52:55.000
1744,r04,"2026-07-13_19-07-57__validacao_tcc_unifal_r04","4322327",7.8,sucesso,2026-07-13 21:52:01.000,6.9,sucesso,2026-07-13 21:52:26.000,1,1,completo,,2026-07-13 21:51:21.000,2026-07-13 21:52:26.000
1745,r04,"2026-07-13_19-07-57__validacao_tcc_unifal_r04","2210607",7.7,sucesso,2026-07-13 21:52:29.000,7.1,sucesso,2026-07-13 21:52:53.000,1,1,completo,,2026-07-13 21:51:56.000,2026-07-13 21:52:53.000
1746,r04,"2026-07-13_19-07-57__validacao_tcc_unifal_r04","4322608",7.0,sucesso,2026-07-13 21:52:47.000,6.6,sucesso,2026-07-13 21:53:09.000,1,1,completo,,2026-07-13 21:52:29.000,2026-07-13 21:53:09.000
1747,r04,"2026-07-13_19-07-57__validacao_tcc_unifal_r04","2210656",7.5,sucesso,2026-07-13 21:53:42.000,6.8,sucesso,2026-07-13 21:54:05.000,1,1,completo,,2026-07-13 21:52:56.000,2026-07-13 21:54:05.000
1748,r04,"2026-07-13_19-07-57__validacao_tcc_unifal_r04","3513900",7.7,sucesso,2026-07-13 21:53:57.000,7.2,sucesso,2026-07-13 21:54:24.000,1,1,completo,,2026-07-13 21:53:00.000,2026-07-13 21:54:24.000
1749,r04,"2026-07-13_19-07-57__validacao_tcc_unifal_r04","4200606",7.4,sucesso,2026-07-13 21:53:42.000,6.8,sucesso,2026-07-13 21:54:03.000,1,1,completo,,2026-07-13 21:53:13.000,2026-07-13 21:54:03.000
1750,r04,"2026-07-13_19-07-57__validacao_tcc_unifal_r04","4203204",8.1,sucesso,2026-07-13 21:55:59.000,7.5,sucesso,2026-07-13 21:56:43.000,1,1,completo,,2026-07-13 21:54:09.000,2026-07-13 21:56:43.000
1751,r04,"2026-07-13_19-07-57__validacao_tcc_unifal_r04","2210904",8.1,sucesso,2026-07-13 21:54:44.000,7.3,sucesso,2026-07-13 21:55:10.000,1,1,completo,,2026-07-13 21:54:09.000,2026-07-13 21:55:10.000
1752,r04,"2026-07-13_19-07-57__validacao_tcc_unifal_r04","3515103",9.6,sucesso,2026-07-13 21:54:42.000,6.8,sucesso,2026-07-13 21:55:21.000,1,1,completo,,2026-07-13 21:54:27.000,2026-07-13 21:55:21.000
1753,r04,"2026-07-13_19-07-57__validacao_tcc_unifal_r04","2211704",7.6,sucesso,2026-07-13 21:55:45.000,6.4,sucesso,2026-07-13 21:56:22.000,1,1,completo,,2026-07-13 21:55:13.000,2026-07-13 21:56:22.000
1754,r04,"2026-07-13_19-07-57__validacao_tcc_unifal_r04","3515657",7.7,sucesso,2026-07-13 21:57:05.000,7.4,sucesso,2026-07-13 21:57:32.000,1,1,completo,,2026-07-13 21:55:25.000,2026-07-13 21:57:32.000
1755,r04,"2026-07-13_19-07-57__validacao_tcc_unifal_r04","2401453",8.3,sucesso,2026-07-13 21:57:05.000,,sucesso_sem_nota,2026-07-13 21:58:22.000,1,0,parcial,,2026-07-13 21:56:25.000,2026-07-13 21:58:22.000
1756,r04,"2026-07-13_19-07-57__validacao_tcc_unifal_r04","4205357",6.6,sucesso,2026-07-13 21:57:18.000,6.2,sucesso,2026-07-13 21:57:42.000,1,1,completo,,2026-07-13 21:56:46.000,2026-07-13 21:57:42.000
1757,r04,"2026-07-13_19-07-57__validacao_tcc_unifal_r04","3519204",7.2,sucesso,2026-07-13 21:58:20.000,7.1,sucesso,2026-07-13 21:58:46.000,1,1,completo,,2026-07-13 21:57:35.000,2026-07-13 21:58:46.000
1758,r04,"2026-07-13_19-07-57__validacao_tcc_unifal_r04","4209300",6.1,sucesso,2026-07-13 21:58:20.000,6.0,sucesso,2026-07-13 21:58:39.000,1,1,completo,,2026-07-13 21:57:46.000,2026-07-13 21:58:39.000
1759,r04,"2026-07-13_19-07-57__validacao_tcc_unifal_r04","2404408",7.7,sucesso,2026-07-13 21:58:56.000,6.9,sucesso,2026-07-13 21:59:19.000,1,1,completo,,2026-07-13 21:58:25.000,2026-07-13 21:59:19.000
1760,r04,"2026-07-13_19-07-57__validacao_tcc_unifal_r04","4209805",7.5,sucesso,2026-07-13 21:59:20.000,6.7,sucesso,2026-07-13 21:59:43.000,1,1,completo,,2026-07-13 21:58:42.000,2026-07-13 21:59:43.000
1761,r04,"2026-07-13_19-07-57__validacao_tcc_unifal_r04","3519709",6.9,sucesso,2026-07-13 22:00:00.000,5.6,sucesso,2026-07-13 22:00:37.000,1,1,completo,,2026-07-13 21:58:50.000,2026-07-13 22:00:37.000
1762,r04,"2026-07-13_19-07-57__validacao_tcc_unifal_r04","2405108",7.1,sucesso,2026-07-13 21:59:59.000,6.6,sucesso,2026-07-13 22:00:23.000,1,1,completo,,2026-07-13 21:59:23.000,2026-07-13 22:00:23.000
1763,r04,"2026-07-13_19-07-57__validacao_tcc_unifal_r04","4210209",7.2,sucesso,2026-07-13 22:00:21.000,6.8,sucesso,2026-07-13 22:00:44.000,1,1,completo,,2026-07-13 21:59:46.000,2026-07-13 22:00:44.000
1764,r04,"2026-07-13_19-07-57__validacao_tcc_unifal_r04","2406809",8.5,sucesso,2026-07-13 22:01:21.000,8.2,sucesso,2026-07-13 22:02:03.000,1,1,completo,,2026-07-13 22:00:26.000,2026-07-13 22:02:03.000
1765,r04,"2026-07-13_19-07-57__validacao_tcc_unifal_r04","3519808",9.6,sucesso,2026-07-13 22:00:56.000,8.2,sucesso,2026-07-13 22:01:25.000,1,1,completo,,2026-07-13 22:00:41.000,2026-07-13 22:01:25.000
1766,r04,"2026-07-13_19-07-57__validacao_tcc_unifal_r04","4210308",7.1,sucesso,2026-07-13 22:01:35.000,6.7,sucesso,2026-07-13 22:01:58.000,1,1,completo,,2026-07-13 22:00:50.000,2026-07-13 22:01:58.000
1767,r04,"2026-07-13_19-07-57__validacao_tcc_unifal_r04","3520004",7.9,sucesso,2026-07-13 22:02:05.000,6.9,sucesso,2026-07-13 22:02:29.000,1,1,completo,,2026-07-13 22:01:28.000,2026-07-13 22:02:29.000
1768,r04,"2026-07-13_19-07-57__validacao_tcc_unifal_r04","4211801",6.8,sucesso,2026-07-13 22:02:38.000,6.1,sucesso,2026-07-13 22:03:02.000,1,1,completo,,2026-07-13 22:02:02.000,2026-07-13 22:03:02.000
1769,r04,"2026-07-13_19-07-57__validacao_tcc_unifal_r04","2407104",9.6,sucesso,2026-07-13 22:02:21.000,7.9,sucesso,2026-07-13 22:02:41.000,1,1,completo,,2026-07-13 22:02:07.000,2026-07-13 22:02:41.000
1770,r04,"2026-07-13_19-07-57__validacao_tcc_unifal_r04","3520426",9.6,sucesso,2026-07-13 22:02:49.000,6.6,sucesso,2026-07-13 22:03:11.000,1,1,completo,,2026-07-13 22:02:32.000,2026-07-13 22:03:11.000
1771,r04,"2026-07-13_19-07-57__validacao_tcc_unifal_r04","2407252",7.5,sucesso,2026-07-13 22:03:21.000,6.6,sucesso,2026-07-13 22:03:42.000,1,1,completo,,2026-07-13 22:02:46.000,2026-07-13 22:03:42.000
1772,r04,"2026-07-13_19-07-57__validacao_tcc_unifal_r04","4212700",7.2,sucesso,2026-07-13 22:03:46.000,6.5,sucesso,2026-07-13 22:04:11.000,1,1,completo,,2026-07-13 22:03:06.000,2026-07-13 22:04:11.000
1773,r04,"2026-07-13_19-07-57__validacao_tcc_unifal_r04","3520905",9.6,sucesso,2026-07-13 22:04:20.000,9.8,sucesso,2026-07-13 22:04:55.000,1,1,completo,,2026-07-13 22:03:17.000,2026-07-13 22:04:55.000
1774,r04,"2026-07-13_19-07-57__validacao_tcc_unifal_r04","2407401",7.0,sucesso,2026-07-13 22:04:55.000,7.0,sucesso,2026-07-13 22:05:23.000,1,1,completo,,2026-07-13 22:03:48.000,2026-07-13 22:05:23.000
1775,r04,"2026-07-13_19-07-57__validacao_tcc_unifal_r04","4213302",7.0,sucesso,2026-07-13 22:08:05.000,6.2,sucesso,2026-07-13 22:08:23.000,1,1,completo,,2026-07-13 22:04:14.000,2026-07-13 22:08:23.000
1776,r04,"2026-07-13_19-07-57__validacao_tcc_unifal_r04","3521606",9.6,sucesso,2026-07-13 22:05:10.000,7.0,sucesso,2026-07-13 22:05:35.000,1,1,completo,,2026-07-13 22:04:58.000,2026-07-13 22:05:35.000
1777,r04,"2026-07-13_19-07-57__validacao_tcc_unifal_r04","2407500",6.9,sucesso,2026-07-13 22:09:09.000,5.9,sucesso,2026-07-13 22:09:27.000,1,1,completo,,2026-07-13 22:05:28.000,2026-07-13 22:09:27.000
1778,r04,"2026-07-13_19-07-57__validacao_tcc_unifal_r04","3524600",7.6,sucesso,2026-07-13 22:06:36.000,7.4,sucesso,2026-07-13 22:06:55.000,1,1,completo,,2026-07-13 22:05:38.000,2026-07-13 22:06:55.000
1779,r04,"2026-07-13_19-07-57__validacao_tcc_unifal_r04","3524808",9.6,sucesso,2026-07-13 22:07:13.000,6.8,sucesso,2026-07-13 22:07:47.000,1,1,completo,,2026-07-13 22:06:59.000,2026-07-13 22:07:47.000
1780,r04,"2026-07-13_19-07-57__validacao_tcc_unifal_r04","3524907",9.6,sucesso,2026-07-13 22:09:23.000,5.9,sucesso,2026-07-13 22:09:58.000,1,1,completo,,2026-07-13 22:07:51.000,2026-07-13 22:09:58.000
1781,r04,"2026-07-13_19-07-57__validacao_tcc_unifal_r04","4214805",7.5,sucesso,2026-07-13 22:09:09.000,6.7,sucesso,2026-07-13 22:09:32.000,1,1,completo,,2026-07-13 22:08:27.000,2026-07-13 22:09:32.000
1782,r04,"2026-07-13_19-07-57__validacao_tcc_unifal_r04","2411007",7.5,sucesso,2026-07-13 22:10:09.000,6.5,sucesso,2026-07-13 22:10:32.000,1,1,completo,,2026-07-13 22:09:30.000,2026-07-13 22:10:32.000
1783,r04,"2026-07-13_19-07-57__validacao_tcc_unifal_r04","4215455",7.1,sucesso,2026-07-13 22:10:15.000,6.3,sucesso,2026-07-13 22:10:36.000,1,1,completo,,2026-07-13 22:09:37.000,2026-07-13 22:10:36.000
1784,r04,"2026-07-13_19-07-57__validacao_tcc_unifal_r04","3530904",7.2,sucesso,2026-07-13 22:10:34.000,6.5,sucesso,2026-07-13 22:10:51.000,1,1,completo,,2026-07-13 22:10:01.000,2026-07-13 22:10:51.000
1785,r04,"2026-07-13_19-07-57__validacao_tcc_unifal_r04","2410306",7.5,sucesso,2026-07-13 22:11:43.000,6.6,sucesso,2026-07-13 22:12:05.000,1,1,completo,,2026-07-13 22:10:36.000,2026-07-13 22:12:05.000
1786,r04,"2026-07-13_19-07-57__validacao_tcc_unifal_r04","4218855",6.9,sucesso,2026-07-13 22:11:17.000,6.3,sucesso,2026-07-13 22:11:49.000,1,1,completo,,2026-07-13 22:10:43.000,2026-07-13 22:11:49.000
1787,r04,"2026-07-13_19-07-57__validacao_tcc_unifal_r04","3532900",9.9,sucesso,2026-07-13 22:11:43.000,10.0,sucesso,2026-07-13 22:12:08.000,1,1,completo,,2026-07-13 22:10:55.000,2026-07-13 22:12:08.000
1788,r04,"2026-07-13_19-07-57__validacao_tcc_unifal_r04","2413904",6.8,sucesso,2026-07-13 22:12:29.000,6.0,sucesso,2026-07-13 22:12:52.000,1,1,completo,,2026-07-13 22:12:08.000,2026-07-13 22:12:52.000
1789,r04,"2026-07-13_19-07-57__validacao_tcc_unifal_r04","3534104",9.5,sucesso,2026-07-13 22:14:04.000,9.4,sucesso,2026-07-13 22:14:27.000,1,1,completo,,2026-07-13 22:12:13.000,2026-07-13 22:14:27.000
1790,r04,"2026-07-13_19-07-57__validacao_tcc_unifal_r04","2414902",4.9,sucesso,2026-07-13 22:14:05.000,4.5,sucesso,2026-07-13 22:14:29.000,1,1,completo,,2026-07-13 22:12:55.000,2026-07-13 22:14:29.000
1791,r04,"2026-07-13_19-07-57__validacao_tcc_unifal_r04","3538105",7.9,sucesso,2026-07-13 22:15:11.000,7.4,sucesso,2026-07-13 22:15:32.000,1,1,completo,,2026-07-13 22:14:31.000,2026-07-13 22:15:32.000
1792,r04,"2026-07-13_19-07-57__validacao_tcc_unifal_r04","2805703",6.9,sucesso,2026-07-13 22:15:05.000,5.7,sucesso,2026-07-13 22:15:31.000,1,1,completo,,2026-07-13 22:14:33.000,2026-07-13 22:15:31.000
1793,r04,"2026-07-13_19-07-57__validacao_tcc_unifal_r04","2805802",6.9,sucesso,2026-07-13 22:16:09.000,5.7,sucesso,2026-07-13 22:16:41.000,1,1,completo,,2026-07-13 22:15:34.000,2026-07-13 22:16:41.000
1794,r04,"2026-07-13_19-07-57__validacao_tcc_unifal_r04","3539608",9.6,sucesso,2026-07-13 22:19:10.000,7.1,sucesso,2026-07-13 22:19:34.000,1,1,completo,,2026-07-13 22:15:35.000,2026-07-13 22:19:34.000
1795,r04,"2026-07-13_19-07-57__validacao_tcc_unifal_r04","2806008",6.5,sucesso,2026-07-13 22:17:08.000,5.7,sucesso,2026-07-13 22:17:33.000,1,1,completo,,2026-07-13 22:16:45.000,2026-07-13 22:17:33.000
1796,r04,"2026-07-13_19-07-57__validacao_tcc_unifal_r04","3539707",5.2,sucesso,2026-07-13 22:24:05.000,4.9,sucesso,2026-07-13 22:24:31.000,1,1,completo,,2026-07-13 22:19:37.000,2026-07-13 22:24:31.000
1797,r04,"2026-07-13_19-07-57__validacao_tcc_unifal_r04","3539806",9.6,sucesso,2026-07-13 22:28:08.000,7.6,sucesso,2026-07-13 22:28:32.000,1,1,completo,,2026-07-13 22:24:34.000,2026-07-13 22:28:32.000
1798,r04,"2026-07-13_19-07-57__validacao_tcc_unifal_r04","3540101",8.5,sucesso,2026-07-13 22:29:13.000,8.1,sucesso,2026-07-13 22:29:35.000,1,1,completo,,2026-07-13 22:28:35.000,2026-07-13 22:29:35.000
1799,r04,"2026-07-13_19-07-57__validacao_tcc_unifal_r04","3540853",7.5,sucesso,2026-07-13 22:33:59.000,7.1,sucesso,2026-07-13 22:34:52.000,1,1,completo,,2026-07-13 22:29:39.000,2026-07-13 22:34:52.000
1800,r04,"2026-07-13_19-07-57__validacao_tcc_unifal_r04","3544103",8.3,sucesso,2026-07-13 22:35:19.000,7.4,sucesso,2026-07-13 22:35:42.000,1,1,completo,,2026-07-13 22:34:55.000,2026-07-13 22:35:42.000
1801,r04,"2026-07-13_19-07-57__validacao_tcc_unifal_r04","3544509",9.6,sucesso,2026-07-13 22:35:58.000,6.1,sucesso,2026-07-13 22:36:19.000,1,1,completo,,2026-07-13 22:35:45.000,2026-07-13 22:36:19.000
1802,r04,"2026-07-13_19-07-57__validacao_tcc_unifal_r04","3549953",7.5,sucesso,2026-07-13 22:36:47.000,6.5,sucesso,2026-07-13 22:37:05.000,1,1,completo,,2026-07-13 22:36:22.000,2026-07-13 22:37:06.000
1803,r04,"2026-07-13_19-07-57__validacao_tcc_unifal_r04","3550001",9.6,sucesso,2026-07-13 22:40:44.000,6.9,sucesso,2026-07-13 22:41:14.000,1,1,completo,,2026-07-13 22:37:09.000,2026-07-13 22:41:14.000
1804,r04,"2026-07-13_19-07-57__validacao_tcc_unifal_r04","3550506",,falha_de_carregamento,2026-07-13 22:51:24.000,8.6,sucesso,2026-07-13 22:51:48.000,0,1,parcial,,2026-07-13 22:41:17.000,2026-07-13 22:51:48.000
1805,r04,"2026-07-13_19-07-57__validacao_tcc_unifal_r04","3550605",9.6,sucesso,2026-07-13 22:52:05.000,7.6,sucesso,2026-07-13 22:52:29.000,1,1,completo,,2026-07-13 22:51:51.000,2026-07-13 22:52:29.000
1806,r04,"2026-07-13_19-07-57__validacao_tcc_unifal_r04","3552007",6.6,sucesso,2026-07-13 22:52:59.000,5.9,sucesso,2026-07-13 22:53:24.000,1,1,completo,,2026-07-13 22:52:32.000,2026-07-13 22:53:24.000
1807,r04,"2026-07-13_19-07-57__validacao_tcc_unifal_r04","3553401",9.6,sucesso,2026-07-13 22:53:40.000,5.9,sucesso,2026-07-13 22:53:56.000,1,1,completo,,2026-07-13 22:53:28.000,2026-07-13 22:53:56.000
1808,r04,"2026-07-13_19-07-57__validacao_tcc_unifal_r04","3553906",9.2,sucesso,2026-07-13 22:54:20.000,9.0,sucesso,2026-07-13 22:54:38.000,1,1,completo,,2026-07-13 22:53:59.000,2026-07-13 22:54:38.000
1809,r04,"2026-07-13_19-07-57__validacao_tcc_unifal_r04","3554409",8.6,sucesso,2026-07-13 22:55:29.000,7.9,sucesso,2026-07-13 22:55:57.000,1,1,completo,,2026-07-13 22:54:42.000,2026-07-13 22:55:57.000
1810,r04,"2026-07-13_19-07-57__validacao_tcc_unifal_r04","3555604",7.2,sucesso,2026-07-13 22:56:23.000,6.5,sucesso,2026-07-13 22:56:44.000,1,1,completo,,2026-07-13 22:56:00.000,2026-07-13 22:56:44.000
